# File generated by ImageToStl.com - Free Image and 3D model conversion tools

mtllib scrap_metal_lowpoly.mtl

o obj1
v 0.104194 -0.317717 0.37754198
v 0.14393 -0.29574601 0.37406098
v 0.12238 -0.295746 0.12804999
v 0.0826431 -0.31771699 0.13153099
v 0.103281 -0.36324801 0.37762199
v 0.0817296 -0.363248 0.13161099
v 0.182754 -0.31930502 0.37065999
v 0.161203 -0.31930501 0.12464899
v 0.120554 -0.386807 0.12820998
v 0.142104 -0.38680701 0.37422098
v 0.18184 -0.36483501 0.37073998
v 0.16029 -0.364835 0.12472898
v 0.234744 -0.259062 0.24220799
v 0.21878099 -0.24728802 0.28317897
v 0.155141 -0.35296701 0.28875397
v 0.171103 -0.36474101 0.24778299
v 0.18184 -0.36483501 0.37073998
v 0.182754 -0.31930502 0.37065999
v 0.14301699 -0.34127601 0.37414099
v 0.15713 -0.21196501 0.24900699
v 0.17997301 -0.22373901 0.28657799
v 0.19593801 -0.23551301 0.24560699
v 0.104194 -0.317717 0.37754198
v 0.103281 -0.36324801 0.37762199
v 0.16029 -0.364835 0.12472898
v 0.18184 -0.36483501 0.37073998
v 0.142104 -0.38680701 0.37422098
v 0.0826431 -0.31771699 0.13153099
v 0.12238 -0.295746 0.12804999
v 0.121467 -0.341276 0.12812999
v 0.21878099 -0.24728802 0.28317897
v 0.120554 -0.386807 0.12820998
v 0.16029 -0.364835 0.12472898
v 0.2119 -0.24728801 0.20463598
v 0.17309301 -0.22373901 0.208036
v 0.0934909 -0.31764401 0.25458197
v 0.15713 -0.21196501 0.24900699
v 0.17309301 -0.22373901 0.208036
v 0.109453 -0.32941801 0.21361099
v 0.234744 -0.259062 0.24220799
v 0.14393 -0.29574601 0.37406098
v 0.161203 -0.31930501 0.12464899
v 0.0817296 -0.363248 0.13161099
v 0.116333 -0.32941802 0.29215299
v 0.17997301 -0.22373901 0.28657799
v 0.2119 -0.24728801 0.20463598
v 0.234744 -0.259062 0.24220799
v 0.171103 -0.36474101 0.24778299
v 0.14826 -0.352967 0.21021098
v -0.125778 -0.37359501 0.358227
v -0.141147 -0.37359501 0.32412298
v -0.141147 -0.38681902 0.32412298
v -0.125778 -0.38681902 0.358227
v -0.0954167 -0.37359502 0.38007797
v -0.0954167 -0.38681902 0.38007797
v -0.044232 -0.37359501 0.24491599
v -0.0138705 -0.37359501 0.26676698
v -0.0138705 -0.38681902 0.26676698
v -0.044232 -0.38681902 0.24491599
v 0.00149866 -0.37359501 0.30086998
v 0.00149866 -0.38681902 0.30086998
v -0.00224364 -0.37359501 0.33808897
v -0.00224364 -0.38681902 0.33808897
v -0.0581984 -0.37359502 0.383819
v -0.0581984 -0.38681902 0.383819
v -0.0637779 -0.37359501 0.29653098
v -0.0814509 -0.37359501 0.24117398
v -0.115555 -0.37359501 0.25654198
v -0.0806278 -0.37359501 0.29927797
v -0.115555 -0.38681902 0.25654198
v -0.13740499 -0.38681902 0.28690399
v -0.13740499 -0.37359501 0.28690399
v -0.115555 -0.37359501 0.25654198
v -0.024094 -0.37359502 0.36845098
v -0.0581984 -0.37359502 0.383819
v -0.0581984 -0.38681902 0.383819
v -0.024094 -0.38681902 0.36845098
v -0.0814509 -0.37359501 0.24117398
v -0.0814509 -0.38681902 0.24117398
v -0.13740499 -0.37359501 0.28690399
v -0.141147 -0.37359501 0.32412298
v -0.0866739 -0.37359501 0.31524299
v 0.00149866 -0.37359501 0.30086998
v -0.0138705 -0.37359501 0.26676698
v -0.0529748 -0.37359501 0.30974997
v -0.044232 -0.37359501 0.24491599
v -0.0590209 -0.37359501 0.32571597
v -0.00224364 -0.37359501 0.33808897
v -0.125778 -0.37359501 0.358227
v -0.0814509 -0.37359501 0.24117398
v -0.0814509 -0.38681902 0.24117398
v -0.0590209 -0.38681902 0.32571597
v -0.0758702 -0.38681902 0.32846297
v -0.0758702 -0.37359501 0.32846297
v -0.0590209 -0.37359501 0.32571597
v -0.0758702 -0.38681902 0.32846297
v -0.0866739 -0.38681902 0.31524299
v -0.0866739 -0.37359501 0.31524299
v -0.0758702 -0.37359501 0.32846297
v -0.0806278 -0.38681902 0.29927797
v -0.0806278 -0.37359501 0.29927797
v -0.0637779 -0.38681902 0.29653097
v -0.0637779 -0.37359501 0.29653098
v -0.024094 -0.37359502 0.36845098
v -0.0954167 -0.37359502 0.38007797
v -0.0758702 -0.37359501 0.32846297
v -0.0637779 -0.38681902 0.29653097
v -0.0529748 -0.38681902 0.30974997
v -0.0529748 -0.37359501 0.30974997
v -0.0637779 -0.37359501 0.29653098
v -0.0581984 -0.37359502 0.383819
v -0.0324766 -0.37374802 0.40416698
v -0.0285118 -0.37374802 0.404139
v -0.0258627 -0.37374802 0.40119497
v -0.0258627 -0.37374802 0.40119497
v -0.0285118 -0.37374802 0.404139
v -0.0285118 -0.38666703 0.404139
v -0.0258627 -0.38666703 0.40119497
v -0.0301764 -0.37374802 0.36642898
v -0.0301764 -0.38666703 0.36642898
v -0.0556887 -0.38666703 0.37792598
v -0.0324766 -0.38666703 0.40416698
v -0.0324766 -0.37374802 0.40416698
v -0.0556887 -0.37374802 0.37792598
v -0.0301764 -0.37374802 0.36642898
v -0.0556887 -0.37374802 0.37792598
v -0.161437 -0.37374802 0.35381399
v -0.161465 -0.37374802 0.34984998
v -0.161465 -0.38666703 0.34984998
v -0.161437 -0.38666703 0.35381399
v -0.60294199 -0.36121403 0.35910998
v -0.65407503 -0.36121403 0.30716599
v -0.65407503 -0.38689802 0.30716599
v -0.60294199 -0.38689803 0.35910998
v -0.65407503 -0.36121403 0.30716599
v -0.60294199 -0.36121403 0.35910998
v -0.67238301 -0.36121402 0.23661598
v -0.65296501 -0.36121402 0.16636299
v -0.60102201 -0.36121402 0.11523098
v -0.53268898 -0.36121403 0.378529
v -0.60294199 -0.36121403 0.35910998
v -0.60294199 -0.38689803 0.35910998
v -0.53268898 -0.38689803 0.378529
v -0.53047198 -0.36121402 0.09692199
v -0.46021801 -0.36121402 0.11634099
v -0.53047198 -0.36121402 0.09692199
v -0.46021801 -0.36121402 0.11634099
v -0.46021801 -0.38689802 0.11634099
v -0.53047198 -0.38689802 0.09692199
v -0.46021801 -0.36121402 0.11634099
v -0.40908599 -0.36121402 0.16828498
v -0.40908599 -0.38689802 0.16828498
v -0.46021801 -0.38689802 0.11634099
v -0.39077699 -0.36121402 0.23883499
v -0.39077699 -0.38689802 0.23883499
v -0.46213999 -0.36121403 0.36021997
v -0.46213999 -0.38689803 0.36021997
v -0.65296501 -0.38689802 0.16636298
v -0.67238301 -0.38689802 0.23661598
v -0.67238301 -0.36121402 0.23661598
v -0.65296501 -0.36121402 0.16636299
v -0.41019601 -0.36121403 0.30908798
v -0.41019601 -0.38689802 0.30908797
v -0.60102201 -0.36121402 0.11523098
v -0.60102201 -0.38689802 0.11523098
v -0.38197899 -0.36151101 0.38965399
v -0.39196 -0.36151101 0.39381798
v -0.39196 -0.38660203 0.39381797
v -0.38197899 -0.38660203 0.38965399
v -0.40908599 -0.36121402 0.16828498
v -0.39077699 -0.36121402 0.23883499
v -0.41019601 -0.36121403 0.30908798
v -0.46213999 -0.36121403 0.36021997
v -0.51019502 -0.38689802 0.26306499
v -0.54283297 -0.38689802 0.26891599
v -0.54283297 -0.36121402 0.268916
v -0.51019502 -0.36121402 0.26306499
v -0.54283297 -0.38689802 0.26891599
v -0.56421798 -0.38689802 0.24357499
v -0.56421798 -0.36121402 0.24357499
v -0.54283297 -0.36121402 0.268916
v -0.55296499 -0.38689802 0.21238498
v -0.55296499 -0.36121402 0.21238498
v -0.55296499 -0.38689802 0.21238498
v -0.520329 -0.38689802 0.20653498
v -0.520329 -0.36121402 0.20653498
v -0.55296499 -0.36121402 0.21238498
v -0.520329 -0.38689802 0.20653498
v -0.49894199 -0.38689802 0.23187499
v -0.49894199 -0.36121402 0.23187499
v -0.520329 -0.36121402 0.20653498
v -0.51019502 -0.38689802 0.26306499
v -0.51019502 -0.36121402 0.26306499
v -0.53268898 -0.36121403 0.378529
v -0.39196 -0.36151101 0.39381798
v -0.38197899 -0.36151101 0.38965399
v -0.377646 -0.36151101 0.37975998
v -0.377646 -0.36151101 0.37975998
v -0.377646 -0.38660203 0.37975998
v -0.418789 -0.36151101 0.30216397
v -0.418789 -0.38660203 0.30216397
v -0.46893701 -0.38660203 0.35152598
v -0.46893701 -0.36151101 0.35152598
v -0.418789 -0.36151101 0.30216397
v -0.46893701 -0.36151101 0.35152598
v -0.683451 -0.36151101 0.38731499
v -0.68761599 -0.36151101 0.37733598
v -0.68761599 -0.38660203 0.37733598
v -0.683451 -0.38660203 0.38731499
v -0.68761599 -0.36151101 0.37733598
v -0.683451 -0.36151101 0.38731499
v -0.67355698 -0.36151101 0.39164899
v -0.67355698 -0.36151101 0.39164899
v -0.67355698 -0.38660203 0.39164899
v -0.59596097 -0.36151101 0.35050599
v -0.59596097 -0.38660203 0.35050599
v -0.64532202 -0.38660203 0.30035798
v -0.64532202 -0.36151101 0.300357
v -0.59596097 -0.36151101 0.35050599
v -0.64532202 -0.36151101 0.300357
v -0.68111199 -0.361511 0.08584519
v -0.67124403 -0.361511 0.08178899
v -0.67124403 -0.38660202 0.08178898
v -0.68111199 -0.38660202 0.08584519
v -0.67124403 -0.361511 0.08178899
v -0.68111199 -0.361511 0.08584519
v -0.68533701 -0.361511 0.09563149
v -0.68533701 -0.361511 0.09563149
v -0.68533701 -0.38660202 0.09563149
v -0.64430302 -0.361511 0.17333399
v -0.64430302 -0.38660202 0.17333399
v -0.594154 -0.38660202 0.12397298
v -0.594154 -0.361511 0.12397298
v -0.64430302 -0.361511 0.17333399
v -0.594154 -0.361511 0.12397298
v -0.37964201 -0.361511 0.08818328
v -0.37554401 -0.361511 0.09809519
v -0.37554401 -0.38660202 0.09809518
v -0.37964201 -0.38660202 0.08818328
v -0.37554401 -0.361511 0.09809519
v -0.37964201 -0.361511 0.08818328
v -0.389469 -0.361511 0.08391658
v -0.389469 -0.361511 0.08391658
v -0.389469 -0.38660202 0.08391658
v -0.467132 -0.361511 0.12499198
v -0.467132 -0.38660202 0.12499198
v -0.41776901 -0.38660202 0.17514099
v -0.41776901 -0.361511 0.17514099
v -0.467132 -0.361511 0.12499198
v -0.41776901 -0.361511 0.17514099
v -0.53320003 -0.36151101 0.450922
v -0.54320103 -0.36151101 0.44680898
v -0.54320103 -0.38660203 0.44680898
v -0.53320003 -0.38660203 0.450922
v -0.54320103 -0.36151101 0.44680898
v -0.53320003 -0.36151101 0.450922
v -0.523139 -0.36151101 0.44699
v -0.523139 -0.36151101 0.44699
v -0.523139 -0.38660203 0.44699
v -0.497363 -0.36151101 0.36302899
v -0.497363 -0.38660203 0.36302899
v -0.56772798 -0.38660203 0.36247198
v -0.56772798 -0.36151101 0.36247198
v -0.497363 -0.36151101 0.36302899
v -0.56772798 -0.36151101 0.36247198
v -0.74471903 -0.361511 0.23609598
v -0.74060601 -0.361511 0.22609398
v -0.74060601 -0.38660202 0.22609398
v -0.74471903 -0.38660202 0.23609598
v -0.74060601 -0.361511 0.22609398
v -0.74471903 -0.361511 0.23609598
v -0.74078703 -0.361511 0.24615699
v -0.74078703 -0.361511 0.24615699
v -0.74078703 -0.38660203 0.24615699
v -0.65682501 -0.361511 0.27193199
v -0.65682501 -0.38660203 0.27193199
v -0.65626901 -0.38660202 0.20156798
v -0.65626901 -0.361511 0.20156798
v -0.65682501 -0.361511 0.27193199
v -0.65626901 -0.361511 0.20156798
v -0.52989298 -0.36151099 0.02457768
v -0.520046 -0.36151099 0.02868818
v -0.520046 -0.38660202 0.02868818
v -0.52989298 -0.38660202 0.02457768
v -0.520046 -0.36151099 0.02868818
v -0.52989298 -0.36151099 0.02457768
v -0.53979897 -0.36151099 0.02851138
v -0.53979897 -0.36151099 0.02851138
v -0.53979897 -0.38660202 0.02851138
v -0.56572902 -0.361511 0.11247098
v -0.56572902 -0.38660202 0.11247098
v -0.49536499 -0.38660202 0.11302598
v -0.49536499 -0.361511 0.11302598
v -0.56572902 -0.361511 0.11247098
v -0.49536499 -0.361511 0.11302598
v -0.31837499 -0.361511 0.23940298
v -0.32248199 -0.361511 0.24897599
v -0.32248199 -0.38660203 0.24897599
v -0.31837499 -0.38660202 0.23940298
v -0.32248199 -0.361511 0.24897599
v -0.31837499 -0.361511 0.23940298
v -0.32231 -0.361511 0.22977099
v -0.32231 -0.361511 0.22977099
v -0.32231 -0.38660202 0.22977099
v -0.40626699 -0.361511 0.20356698
v -0.40626699 -0.38660202 0.20356698
v -0.40682399 -0.38660203 0.27393098
v -0.40682399 -0.361511 0.27393098
v -0.40626699 -0.361511 0.20356698
v -0.40682399 -0.361511 0.27393098
v -0.161465 -0.37374802 0.34984998
v -0.161437 -0.37374802 0.35381399
v -0.158492 -0.37374802 0.35646297
v -0.158492 -0.37374802 0.35646297
v -0.158492 -0.38666703 0.35646297
v -0.123727 -0.37374802 0.35214998
v -0.123727 -0.38666703 0.35214998
v -0.135223 -0.38666703 0.326638
v -0.135223 -0.37374802 0.326638
v -0.123727 -0.37374802 0.35214998
v -0.135223 -0.37374802 0.326638
v -0.111113 -0.37374801 0.22088998
v -0.107147 -0.37374801 0.22086198
v -0.107147 -0.38666702 0.22086198
v -0.111113 -0.38666702 0.22088998
v -0.107147 -0.37374801 0.22086198
v -0.111113 -0.37374801 0.22088998
v -0.113762 -0.37374801 0.22383398
v -0.113762 -0.37374801 0.22383398
v -0.113762 -0.38666702 0.22383398
v -0.109448 -0.37374802 0.258599
v -0.109448 -0.38666702 0.258599
v -0.0839357 -0.38666702 0.24710299
v -0.0839357 -0.37374802 0.24710299
v -0.109448 -0.37374802 0.258599
v -0.0839357 -0.37374802 0.24710299
v 0.0218123 -0.37374802 0.27121399
v 0.0218409 -0.37374802 0.27517898
v 0.0218409 -0.38666703 0.27517898
v 0.0218123 -0.38666703 0.27121399
v 0.0218409 -0.37374802 0.27517898
v 0.0218123 -0.37374802 0.27121399
v 0.0188681 -0.37374802 0.26856498
v 0.0188681 -0.37374802 0.26856498
v 0.0188681 -0.38666702 0.26856498
v -0.0158964 -0.37374802 0.27287899
v -0.0158964 -0.38666703 0.27287899
v -0.00440165 -0.38666703 0.29838998
v -0.00440165 -0.37374802 0.29838998
v -0.0158964 -0.37374802 0.27287899
v -0.00440165 -0.37374802 0.29838998
v -0.0793423 -0.37374802 0.41256399
v -0.0828001 -0.37374802 0.410623
v -0.0828001 -0.38666703 0.410623
v -0.0793423 -0.38666703 0.41256399
v -0.0828001 -0.37374802 0.410623
v -0.0793423 -0.37374802 0.41256399
v -0.0755821 -0.37374802 0.41131897
v -0.0755821 -0.37374802 0.41131897
v -0.0755821 -0.38666703 0.41131897
v -0.062102 -0.37374802 0.37898497
v -0.062102 -0.38666703 0.37898497
v -0.0899586 -0.38666703 0.37632797
v -0.0899586 -0.37374802 0.37632798
v -0.062102 -0.37374802 0.37898497
v -0.0899586 -0.37374802 0.37632798
v -0.169863 -0.37374802 0.30298398
v -0.16792101 -0.37374802 0.29952697
v -0.16792101 -0.38666703 0.29952697
v -0.169863 -0.38666703 0.30298398
v -0.16792101 -0.37374802 0.29952697
v -0.169863 -0.37374802 0.30298398
v -0.16861799 -0.37374802 0.30674399
v -0.16861799 -0.37374802 0.30674399
v -0.16861799 -0.38666703 0.30674399
v -0.13628399 -0.37374802 0.32022397
v -0.13628399 -0.38666703 0.32022397
v -0.133626 -0.38666703 0.29236798
v -0.133626 -0.37374802 0.29236798
v -0.13628399 -0.37374802 0.32022397
v -0.133626 -0.37374802 0.29236798
v -0.0602826 -0.37374801 0.21246399
v -0.0568242 -0.37374801 0.21440498
v -0.0568242 -0.38666702 0.21440498
v -0.0602826 -0.38666702 0.21246399
v -0.0568242 -0.37374801 0.21440498
v -0.0602826 -0.37374801 0.21246399
v -0.0640422 -0.37374801 0.21370898
v -0.0640422 -0.37374801 0.21370898
v -0.0640422 -0.38666702 0.21370898
v -0.0775217 -0.37374802 0.24604298
v -0.0775217 -0.38666702 0.24604298
v -0.0496664 -0.38666702 0.24869998
v -0.0496664 -0.37374802 0.24869998
v -0.0775217 -0.37374802 0.24604298
v -0.0496664 -0.37374802 0.24869998
v 0.0302378 -0.37374802 0.32204397
v 0.0282971 -0.37374802 0.32550199
v 0.0282971 -0.38666703 0.32550199
v 0.0302378 -0.38666703 0.32204397
v 0.0282971 -0.37374802 0.32550199
v 0.0302378 -0.37374802 0.32204397
v 0.0289928 -0.37374802 0.31828399
v 0.0289928 -0.37374802 0.31828399
v 0.0289928 -0.38666703 0.31828399
v -0.0033411 -0.37374802 0.30480398
v -0.0033411 -0.38666703 0.30480398
v -0.00599785 -0.38666703 0.33266099
v -0.00599785 -0.37374802 0.33266099
v -0.0033411 -0.37374802 0.30480398
v -0.00599785 -0.37374802 0.33266099
v -0.128043 -0.37374802 0.394428
v -0.130069 -0.37374802 0.39101998
v -0.130069 -0.38666703 0.39101998
v -0.128043 -0.38666703 0.394428
v -0.130069 -0.37374802 0.39101998
v -0.128043 -0.37374802 0.394428
v -0.124165 -0.37374802 0.39522798
v -0.124165 -0.37374802 0.39522798
v -0.124165 -0.38666703 0.39522798
v -0.0963362 -0.37374802 0.37394999
v -0.0963362 -0.38666703 0.37394999
v -0.119141 -0.38666703 0.35773398
v -0.119141 -0.37374802 0.35773398
v -0.0963362 -0.37374802 0.37394999
v -0.119141 -0.37374802 0.35773398
v -0.15172599 -0.37374802 0.25428299
v -0.14831799 -0.37374802 0.25225697
v -0.14831799 -0.38666702 0.25225697
v -0.15172599 -0.38666702 0.25428299
v -0.14831799 -0.37374802 0.25225697
v -0.15172599 -0.37374802 0.25428299
v -0.152527 -0.37374802 0.25816198
v -0.152527 -0.37374802 0.25816198
v -0.152527 -0.38666702 0.25816197
v -0.131248 -0.37374802 0.285991
v -0.131248 -0.38666703 0.285991
v -0.115032 -0.38666702 0.26318599
v -0.115032 -0.37374802 0.26318599
v -0.131248 -0.37374802 0.285991
v -0.115032 -0.37374802 0.26318599
v -0.0115809 -0.37374801 0.23060098
v -0.00955505 -0.37374801 0.23400898
v -0.00955505 -0.38666702 0.23400898
v -0.0115809 -0.38666702 0.23060098
v -0.00955505 -0.37374801 0.23400898
v -0.0115809 -0.37374801 0.23060098
v -0.0154601 -0.37374801 0.22979998
v -0.0154601 -0.37374801 0.22979998
v -0.0154601 -0.38666702 0.22979998
v -0.0432887 -0.37374802 0.25107799
v -0.0432887 -0.38666702 0.25107799
v -0.0204844 -0.38666702 0.26729397
v -0.0204844 -0.37374802 0.26729397
v -0.0432887 -0.37374802 0.25107799
v -0.0204844 -0.37374802 0.26729397
v 0.0121018 -0.37374802 0.37074597
v 0.00869402 -0.37374802 0.37277199
v 0.00869402 -0.38666703 0.37277199
v 0.0121018 -0.38666703 0.37074597
v 0.00869402 -0.37374802 0.37277199
v 0.0121018 -0.37374802 0.37074597
v 0.0129023 -0.37374802 0.36686699
v 0.0129023 -0.37374802 0.36686699
v 0.0129023 -0.38666703 0.36686699
v -0.00837606 -0.37374802 0.339038
v -0.00837606 -0.38666703 0.339038
v -0.0245921 -0.38666703 0.36184297
v -0.0245921 -0.37374802 0.36184297
v -0.00837606 -0.37374802 0.339038
v -0.0245921 -0.37374802 0.36184297
v 0.77333099 -0.35038998 -0.27113201
v 0.76483798 -0.35038997 -0.282104
v 0.76483798 -0.37228199 -0.282104
v 0.77333099 -0.37228199 -0.27113201
v 0.84634697 -0.35038997 -0.45857902
v 0.88159299 -0.35038997 -0.43095802
v 0.88159299 -0.37228198 -0.43095802
v 0.84634697 -0.37228198 -0.45857902
v 0.75108999 -0.35038997 -0.28023402
v 0.74583602 -0.35038998 -0.26739402
v 0.74583602 -0.37228199 -0.26739402
v 0.75108999 -0.37228199 -0.28023403
v 0.79156399 -0.35038997 -0.44344802
v 0.79681802 -0.35038997 -0.45628803
v 0.79681802 -0.37228198 -0.45628803
v 0.79156399 -0.37228198 -0.44344802
v 0.769324 -0.35038997 -0.45255001
v 0.777816 -0.35038997 -0.44157903
v 0.777816 -0.37228198 -0.44157903
v 0.769324 -0.37228198 -0.45255001
v 0.75432801 -0.35038998 -0.25642301
v 0.768076 -0.35038998 -0.25829302
v 0.768076 -0.37228199 -0.25829302
v 0.75432801 -0.37228199 -0.25642301
v 0.79156399 -0.35038997 -0.44344802
v 0.79156399 -0.37228198 -0.44344802
v 0.78832603 -0.35038997 -0.46725901
v 0.78832603 -0.37228198 -0.46725901
v 0.39421299 -0.35038996 -0.51364102
v 0.34496099 -0.35038996 -0.56622101
v 0.332349 -0.35038997 -0.46680303
v 0.38895801 -0.35038997 -0.50080003
v 0.39745101 -0.35038997 -0.48983
v 0.319738 -0.35038997 -0.36738502
v 0.58047402 -0.35038998 -0.24000302
v 0.41119799 -0.35038997 -0.49169903
v 0.40796 -0.35038996 -0.51551004
v 0.43543801 -0.35038996 -0.55474402
v 0.77457798 -0.35038997 -0.46539001
v 0.78832603 -0.35038997 -0.46725901
v 0.83791602 -0.35038997 -0.50368799
v 0.769324 -0.35038997 -0.45255001
v 0.416453 -0.35038997 -0.50453903
v 0.768076 -0.35038998 -0.25829302
v 0.75432801 -0.35038998 -0.25642301
v 0.73066598 -0.35038998 -0.22095002
v 0.85298502 -0.35038998 -0.20543401
v 0.77457798 -0.35038997 -0.46539001
v 0.77457798 -0.37228198 -0.46539001
v 0.86723697 -0.35038997 -0.31778602
v 0.77333099 -0.35038998 -0.27113201
v 0.74583602 -0.35038998 -0.26739402
v 0.75108999 -0.35038997 -0.28023402
v 0.777816 -0.35038997 -0.44157903
v 0.76483798 -0.35038997 -0.282104
v 0.79156399 -0.35038997 -0.44344802
v 0.88159299 -0.35038997 -0.43095802
v 0.84634697 -0.35038997 -0.45857902
v 0.79681802 -0.35038997 -0.45628803
v 0.88159299 -0.35038997 -0.43095802
v 0.86723697 -0.35038997 -0.31778602
v 0.86723697 -0.37228198 -0.31778602
v 0.88159299 -0.37228198 -0.43095802
v 0.85298502 -0.35038998 -0.20543401
v 0.73066598 -0.35038998 -0.22095002
v 0.73066598 -0.37228199 -0.22095002
v 0.85298502 -0.37228199 -0.20543401
v 0.43543801 -0.35038996 -0.55474402
v 0.83791602 -0.35038997 -0.50368799
v 0.83791602 -0.37228198 -0.50368799
v 0.43543801 -0.37228197 -0.55474402
v 0.85298502 -0.35038998 -0.20543401
v 0.85298502 -0.37228199 -0.20543401
v 0.34496099 -0.35038996 -0.56622101
v 0.34496099 -0.37228197 -0.56622102
v 0.58047402 -0.35038998 -0.24000302
v 0.58047402 -0.37228199 -0.24000302
v 0.332349 -0.35038997 -0.46680303
v 0.34496099 -0.35038996 -0.56622101
v 0.34496099 -0.37228197 -0.56622102
v 0.332349 -0.37228198 -0.46680303
v 0.332349 -0.37228198 -0.46680303
v 0.34496099 -0.37228197 -0.56622102
v 0.39421299 -0.37228198 -0.51364102
v 0.38895801 -0.37228198 -0.50080003
v 0.39745101 -0.37228198 -0.48983
v 0.319738 -0.37228198 -0.36738502
v 0.58047402 -0.37228199 -0.24000302
v 0.41119799 -0.37228198 -0.49169903
v 0.58047402 -0.35038998 -0.24000302
v 0.319738 -0.35038997 -0.36738502
v 0.319738 -0.37228198 -0.36738502
v 0.58047402 -0.37228199 -0.24000302
v 0.43543801 -0.37228197 -0.55474402
v 0.40796 -0.37228198 -0.51551004
v 0.83791602 -0.37228198 -0.50368799
v 0.78832603 -0.37228198 -0.46725901
v 0.77457798 -0.37228198 -0.46539001
v 0.769324 -0.37228198 -0.45255001
v 0.416453 -0.37228198 -0.50453903
v 0.83791602 -0.35038997 -0.50368799
v 0.83791602 -0.37228198 -0.50368799
v 0.73066598 -0.37228199 -0.22095002
v 0.75432801 -0.37228199 -0.25642301
v 0.768076 -0.37228199 -0.25829302
v 0.85298502 -0.37228199 -0.20543401
v 0.319738 -0.35038997 -0.36738502
v 0.319738 -0.37228198 -0.36738502
v 0.86723697 -0.37228198 -0.31778602
v 0.77333099 -0.37228199 -0.27113201
v 0.74583602 -0.37228199 -0.26739402
v 0.75108999 -0.37228199 -0.28023403
v 0.777816 -0.37228198 -0.44157903
v 0.79156399 -0.37228198 -0.44344802
v 0.76483798 -0.37228199 -0.282104
v 0.84634697 -0.37228198 -0.45857902
v 0.88159299 -0.37228198 -0.43095802
v 0.79681802 -0.37228198 -0.45628803
v 0.38895801 -0.35038997 -0.50080003
v 0.39745101 -0.35038997 -0.48983
v 0.39745101 -0.37228198 -0.48983
v 0.38895801 -0.37228198 -0.50080003
v 0.39421299 -0.37228198 -0.51364102
v 0.39421299 -0.35038996 -0.51364102
v 0.40796 -0.37228198 -0.51551004
v 0.40796 -0.35038996 -0.51551004
v 0.41119799 -0.35038997 -0.49169903
v 0.41119799 -0.37228198 -0.49169903
v 0.41119799 -0.35038997 -0.49169903
v 0.416453 -0.35038997 -0.50453903
v 0.416453 -0.37228198 -0.50453903
v 0.41119799 -0.37228198 -0.49169903
v 0.768076 -0.35038998 -0.25829302
v 0.768076 -0.37228199 -0.25829302
v -0.36512899 -0.37552697 -0.54224701
v -0.290705 -0.37552697 -0.54415704
v -0.290705 -0.38662896 -0.54415705
v -0.36512899 -0.38662896 -0.54224701
v -0.332228 -0.37552697 -0.51240499
v -0.31262201 -0.37552697 -0.51819201
v -0.290705 -0.37552697 -0.54415704
v -0.36512899 -0.37552697 -0.54224701
v -0.36366701 -0.37552697 -0.48530002
v -0.337019 -0.37552697 -0.49253301
v -0.32220599 -0.37552697 -0.47844802
v -0.358257 -0.37552698 -0.274516
v -0.027206 -0.37552698 -0.283013
v -0.3026 -0.37552697 -0.48423501
v -0.297809 -0.37552697 -0.504106
v 0.0324024 -0.37552697 -0.55245002
v 0.00542903 -0.37552698 -0.320132
v -0.0141758 -0.37552698 -0.314346
v 0.0392746 -0.37552698 -0.28471901
v -0.0289891 -0.37552698 -0.32843001
v 0.0376594 -0.37552698 -0.34765102
v 0.0102206 -0.37552698 -0.34000303
v -0.0045927 -0.37552698 -0.35408802
v -0.0241981 -0.37552698 -0.34830202
v -0.36366701 -0.37552697 -0.48530002
v -0.36512899 -0.37552697 -0.54224701
v -0.36512899 -0.38662896 -0.54224701
v -0.36366701 -0.38662896 -0.48530002
v 0.0376594 -0.37552698 -0.34765102
v 0.0392746 -0.37552698 -0.28471901
v 0.0392746 -0.38662897 -0.28471901
v 0.0376594 -0.38662897 -0.34765102
v -0.027206 -0.37552698 -0.283013
v -0.358257 -0.37552698 -0.274516
v -0.358257 -0.38662897 -0.274516
v -0.027206 -0.38662897 -0.283013
v 0.0324024 -0.37552697 -0.55245002
v 0.0324024 -0.38662896 -0.55245002
v 0.0324024 -0.37552697 -0.55245002
v 0.0324024 -0.38662896 -0.55245002
v -0.358257 -0.37552698 -0.274516
v -0.358257 -0.38662897 -0.274516
v 0.0392746 -0.37552698 -0.28471901
v 0.0392746 -0.38662897 -0.28471901
v -0.290705 -0.38662896 -0.54415705
v -0.31262201 -0.38662896 -0.51819201
v -0.332228 -0.38662896 -0.512405
v -0.36512899 -0.38662896 -0.54224701
v -0.36366701 -0.38662896 -0.48530002
v -0.337019 -0.38662896 -0.49253302
v -0.32220599 -0.38662896 -0.47844802
v -0.358257 -0.38662897 -0.274516
v -0.027206 -0.38662897 -0.283013
v -0.3026 -0.38662896 -0.48423501
v 0.0324024 -0.38662896 -0.55245002
v -0.297809 -0.38662896 -0.504106
v -0.0141758 -0.38662897 -0.314346
v 0.00542903 -0.38662897 -0.320132
v 0.0392746 -0.38662897 -0.28471901
v -0.0289891 -0.38662897 -0.32843001
v 0.0376594 -0.38662897 -0.34765102
v 0.0102206 -0.38662897 -0.34000303
v -0.0045927 -0.38662897 -0.35408901
v -0.0241981 -0.38662897 -0.34830202
v 0.0773868 -0.10434099 -0.215674
v 0.0663402 -0.10434099 -0.234808
v 0.0661063 -0.35761799 -0.23480801
v 0.0772695 -0.35761799 -0.21547201
v 0.0995966 -0.35761799 -0.25414302
v 0.0772695 -0.35761799 -0.25414302
v 0.0773868 -0.10434099 -0.253941
v 0.0994799 -0.10434099 -0.253941
v 0.045235 -0.38674798 -0.23480801
v 0.045235 -0.357852 -0.23480801
v 0.0668342 -0.357852 -0.27221902
v 0.0668342 -0.38674797 -0.27221902
v 0.110033 -0.357852 -0.27221902
v 0.131632 -0.357852 -0.23480801
v 0.131632 -0.38674798 -0.23480801
v 0.110033 -0.38674797 -0.27221902
v 0.110033 -0.357852 -0.27221902
v 0.110033 -0.38674797 -0.27221902
v 0.110033 -0.357852 -0.19739701
v 0.0668342 -0.357852 -0.19739701
v 0.0668342 -0.38674798 -0.19739701
v 0.110033 -0.38674798 -0.19739701
v 0.0772695 -0.35761799 -0.25414302
v 0.0668342 -0.357852 -0.27221902
v 0.045235 -0.357852 -0.23480801
v 0.0661063 -0.35761799 -0.23480801
v 0.110526 -0.10434099 -0.234808
v 0.11076 -0.35761799 -0.23480801
v 0.0668342 -0.357852 -0.19739701
v 0.0772695 -0.35761799 -0.21547201
v 0.0772695 -0.35761799 -0.21547201
v 0.0668342 -0.357852 -0.19739701
v 0.110033 -0.357852 -0.19739701
v 0.0995966 -0.35761799 -0.21547201
v 0.11076 -0.35761799 -0.23480801
v 0.131632 -0.357852 -0.23480801
v 0.0995966 -0.35761799 -0.21547201
v 0.0994799 -0.10434099 -0.215674
v 0.0773868 -0.10434099 -0.215674
v 0.0772695 -0.35761799 -0.21547201
v 0.110033 -0.357852 -0.27221902
v 0.0995966 -0.35761799 -0.25414302
v 0.0995966 -0.35761799 -0.25414302
v 0.110033 -0.357852 -0.27221902
v 0.0668342 -0.38674798 -0.19739701
v 0.0668342 -0.357852 -0.19739701
v -0.32220599 -0.37552697 -0.47844802
v -0.3026 -0.37552697 -0.48423501
v -0.3026 -0.38662896 -0.48423501
v -0.32220599 -0.38662896 -0.47844802
v -0.297809 -0.37552697 -0.504106
v -0.297809 -0.38662896 -0.504106
v -0.31262201 -0.37552697 -0.51819201
v -0.31262201 -0.38662896 -0.51819201
v -0.332228 -0.37552697 -0.51240499
v -0.332228 -0.38662896 -0.512405
v -0.337019 -0.37552697 -0.49253301
v -0.337019 -0.38662896 -0.49253302
v -0.32220599 -0.37552697 -0.47844802
v -0.32220599 -0.38662896 -0.47844802
v -0.0289891 -0.37552698 -0.32843001
v -0.0141758 -0.37552698 -0.314346
v -0.0141758 -0.38662897 -0.314346
v -0.0289891 -0.38662897 -0.32843001
v 0.00542903 -0.37552698 -0.320132
v 0.00542903 -0.38662897 -0.320132
v 0.00542903 -0.37552698 -0.320132
v 0.0102206 -0.37552698 -0.34000303
v 0.0102206 -0.38662897 -0.34000303
v 0.00542903 -0.38662897 -0.320132
v -0.0045927 -0.37552698 -0.35408802
v -0.0045927 -0.38662897 -0.35408901
v -0.0241981 -0.37552698 -0.34830202
v -0.0241981 -0.38662897 -0.34830202
v -0.00865102 -0.33646999 -0.43418102
v -0.207122 -0.34161298 -0.39221902
v 0.58362502 -0.320724 -0.33801602
v 0.553514 -0.32161997 -0.395647
v -0.0400541 -0.22817098 -0.51506502
v -0.199017 -0.30138598 -0.52596201
v -0.19795901 -0.34161297 -0.52588899
v 0.589917 -0.21152998 -0.47188199
v 0.59278798 -0.32072399 -0.47168501
v 0.594751 -0.34349198 -0.49154602
v 0.591281 -0.21152998 -0.49178402
v -0.207122 -0.34161298 -0.39221902
v -0.19795901 -0.34161297 -0.52588899
v -0.195996 -0.36438096 -0.54574902
v -0.206523 -0.36438097 -0.39217801
v 0.58422399 -0.34349199 -0.33797501
v 0.594751 -0.34349198 -0.49154602
v 0.59278798 -0.32072399 -0.47168501
v 0.58362502 -0.320724 -0.33801602
v 0.59278798 -0.32072399 -0.47168501
v 0.555094 -0.32161997 -0.41870202
v -0.206523 -0.36438097 -0.39217801
v -0.0080523 -0.35923798 -0.43414001
v 0.55411202 -0.34438799 -0.39560603
v 0.58422399 -0.34349199 -0.33797501
v 0.59278798 -0.32072399 -0.47168501
v 0.589917 -0.21152998 -0.47188199
v -0.195996 -0.36438096 -0.54574902
v -0.197653 -0.30138597 -0.54586299
v -0.03869 -0.22817098 -0.534966
v 0.591281 -0.21152998 -0.49178402
v -0.03869 -0.22817098 -0.534966
v -0.0400541 -0.22817098 -0.51506502
v 0.589917 -0.21152998 -0.47188199
v -0.195996 -0.36438096 -0.54574902
v -0.00647159 -0.35923798 -0.45719601
v 0.55569202 -0.34438799 -0.41866101
v 0.594751 -0.34349198 -0.49154602
v -0.03869 -0.22817098 -0.534966
v -0.197653 -0.30138597 -0.54586299
v -0.199017 -0.30138598 -0.52596201
v -0.0400541 -0.22817098 -0.51506502
v -0.206523 -0.36438097 -0.39217801
v 0.58422399 -0.34349199 -0.33797501
v 0.58362502 -0.320724 -0.33801602
v -0.207122 -0.34161298 -0.39221902
v -0.19795901 -0.34161297 -0.52588899
v -0.0070709 -0.33646999 -0.45723702
v -0.0243517 -0.37334002 0.16122098
v -0.0231274 -0.386459 0.15336698
v -0.0195946 -0.386459 0.18491699
v -0.0225263 -0.37334002 0.17752798
v -0.00647159 -0.35923798 -0.45719601
v -0.0070709 -0.33646999 -0.45723702
v -0.00865102 -0.33646999 -0.43418102
v -0.0080523 -0.35923798 -0.43414001
v 0.55569202 -0.34438799 -0.41866101
v 0.555094 -0.32161997 -0.41870202
v -0.0080523 -0.35923798 -0.43414001
v -0.00865102 -0.33646999 -0.43418102
v 0.553514 -0.32161997 -0.395647
v 0.55411202 -0.34438799 -0.39560603
v 0.555094 -0.32161997 -0.41870202
v 0.55569202 -0.34438799 -0.41866101
v 0.594751 -0.34349198 -0.49154602
v 0.591281 -0.21152998 -0.49178402
v -0.93920302 -0.30552302 0.24743799
v -0.91892302 -0.34607602 0.25917198
v -0.54990703 -0.346076 -0.37856801
v -0.57018602 -0.30552299 -0.39030202
v -0.97974199 -0.305537 0.22398098
v -0.61072397 -0.30553697 -0.41375901
v -0.939183 -0.38664402 0.24744998
v -0.57016599 -0.38664399 -0.39029001
v -0.630983 -0.34610499 -0.42548101
v -1 -0.34610502 0.21225898
v -0.97971803 -0.38665802 0.22399398
v -0.61070299 -0.38665799 -0.41374602
v -0.61072397 -0.30553697 -0.41375901
v -0.59044498 -0.34609098 -0.40202402
v -0.630983 -0.34610499 -0.42548101
v -0.61070299 -0.38665799 -0.41374602
v -0.97971803 -0.38665802 0.22399398
v -0.97971803 -0.38665802 0.22399398
v -0.939183 -0.38664402 0.24744998
v -0.95946199 -0.34609101 0.23571599
v -0.61070299 -0.38665799 -0.41374602
v -0.57016599 -0.38664399 -0.39029001
v -0.91892302 -0.34607602 0.25917198
v -0.93920302 -0.30552302 0.24743799
v -0.57018602 -0.30552299 -0.39030202
v -0.54990703 -0.346076 -0.37856801
v -1 -0.34610502 0.21225898
v -0.97974199 -0.305537 0.22398098
v 0.245518 -0.38648601 0.434184
v 0.188796 -0.38648599 -0.05920832
v 0.25152901 -0.38648599 -0.06642042
v 0.30825099 -0.38648601 0.42697198
v 0.21415199 -0.33180003 0.43778999
v 0.15742999 -0.33180001 -0.05560232
v 0.33961701 -0.33180003 0.423366
v 0.282895 -0.33180001 -0.07002641
v 0.25152901 -0.277114 -0.06642041
v 0.30825099 -0.27711402 0.42697199
v 0.282895 -0.33180001 -0.07002641
v 0.33961701 -0.33180003 0.423366
v 0.188796 -0.277114 -0.05920831
v 0.245518 -0.27711402 0.434184
v 0.25932601 -0.29706501 0.45343198
v 0.23940299 -0.33180003 0.45572199
v 0.27924901 -0.33180003 0.45114099
v 0.15742999 -0.33180001 -0.05560232
v 0.21415199 -0.33180003 0.43778999
v 0.245518 -0.27711402 0.434184
v 0.25932601 -0.29706501 0.45343198
v 0.29917201 -0.29706501 0.44885098
v 0.30825099 -0.27711402 0.42697199
v 0.188796 -0.277114 -0.05920831
v 0.220163 -0.33180001 -0.06281462
v 0.15742999 -0.33180001 -0.05560232
v 0.282895 -0.33180001 -0.07002641
v 0.25152901 -0.277114 -0.06642041
v 0.188796 -0.38648599 -0.05920832
v 0.25152901 -0.38648599 -0.06642042
v -0.18592501 -0.28195801 -0.01100181
v -0.1649 -0.28195801 -0.07054391
v -0.160456 -0.33429301 -0.03549131
v 0.31909499 -0.33180003 0.44655998
v 0.29917201 -0.29706501 0.44885098
v 0.25932601 -0.36653503 0.45343198
v 0.29917201 -0.36653503 0.44885097
v 0.21415199 -0.33180003 0.43778999
v 0.23940299 -0.33180003 0.45572199
v 0.245518 -0.38648601 0.434184
v 0.25932601 -0.36653503 0.45343198
v 0.23940299 -0.33180003 0.45572199
v 0.21415199 -0.33180003 0.43778999
v 0.30825099 -0.38648601 0.42697198
v 0.29917201 -0.36653503 0.44885097
v 0.33961701 -0.33180003 0.423366
v 0.31909499 -0.33180003 0.44655998
v 0.31909499 -0.33180003 0.44655998
v 0.33961701 -0.33180003 0.423366
v -0.0284362 -0.34521801 0.16167799
v -0.0310298 -0.33204902 0.15425198
v -0.0288456 -0.35925401 0.13803399
v -0.0273066 -0.35927901 0.15329699
v -0.00797791 -0.356185 0.13569699
v -0.0288456 -0.35925401 0.13803399
v -0.0310298 -0.33204902 0.15425198
v -0.0101627 -0.32898001 0.15191498
v -0.0243517 -0.37334002 0.16122098
v -0.0225263 -0.37334002 0.17752798
v -0.112387 -0.386403 0.18750398
v -0.114194 -0.386403 0.17136799
v -0.027497 -0.33204902 0.18580198
v -0.0217794 -0.35925401 0.20113498
v -0.00091229 -0.356185 0.19879799
v -0.0066293 -0.32898001 0.18346599
v -0.113504 -0.37248901 0.19579898
v -0.112387 -0.386403 0.18750398
v -0.0225263 -0.37334002 0.17752798
v -0.0236553 -0.35927901 0.18590999
v 0.0994799 -0.10434099 -0.215674
v 0.110526 -0.10434099 -0.234808
v 0.0663402 -0.10434099 -0.234808
v 0.0773868 -0.10434099 -0.215674
v 0.0012731 -0.383391 0.18258098
v -0.0195946 -0.386459 0.18491699
v 0.0994799 -0.10434099 -0.253941
v 0.0773868 -0.10434099 -0.253941
v -0.0266103 -0.34521801 0.17798498
v -0.116429 -0.35857499 0.18795599
v -0.00225971 -0.383391 0.15102999
v -0.0231274 -0.386459 0.15336698
v -0.0195946 -0.386459 0.18491699
v -0.0217794 -0.35925401 0.20113498
v -0.0236553 -0.35927901 0.18590999
v -0.0225263 -0.37334002 0.17752798
v -0.0101627 -0.32898001 0.15191498
v -0.0310298 -0.33204902 0.15425198
v -0.0284362 -0.34521801 0.16167799
v -0.0266103 -0.34521801 0.17798498
v -0.027497 -0.33204902 0.18580198
v -0.0310298 -0.33204902 0.15425198
v -0.0284362 -0.34521801 0.16167799
v -0.118236 -0.35857499 0.17181998
v -0.0273066 -0.35927901 0.15329699
v -0.117118 -0.37248901 0.16352598
v -0.00797791 -0.356185 0.13569699
v -0.00091229 -0.356185 0.19879799
v 0.0012731 -0.383391 0.18258098
v -0.00225971 -0.383391 0.15102999
v 0.246742 -0.304161 -0.17397901
v 0.64050102 -0.329896 -0.14118202
v 0.64033401 -0.34044799 -0.14731802
v 0.246565 -0.315315 -0.18046501
v 0.244762 -0.291478 -0.13911502
v 0.63862699 -0.31789699 -0.10819601
v 0.63959301 -0.31789699 -0.12036502
v 0.245783 -0.291478 -0.15197801
v 0.239475 -0.340678 -0.11098502
v 0.63362497 -0.36444601 -0.08158141
v 0.63510501 -0.34044799 -0.08146381
v 0.24104001 -0.315315 -0.11086102
v -0.0935611 -0.34129499 -0.21348101
v 0.224161 -0.361014 -0.18825802
v 0.220533 -0.37924399 -0.15681201
v -0.0971892 -0.35952499 -0.18203501
v 0.63533199 -0.38699701 -0.12070402
v 0.24127901 -0.36451399 -0.15233502
v 0.24380299 -0.35183098 -0.17421302
v 0.63771898 -0.374998 -0.14140302
v 0.63436598 -0.38699701 -0.10853402
v 0.24025699 -0.36451399 -0.13947302
v 0.221911 -0.29249599 -0.10636502
v 0.242238 -0.30416101 -0.11723801
v 0.244762 -0.291478 -0.13911502
v 0.225539 -0.27426698 -0.13781102
v 0.242238 -0.30416101 -0.11723801
v 0.63623899 -0.329896 -0.08749711
v 0.239298 -0.35183098 -0.11747102
v 0.63345701 -0.374998 -0.08771802
v 0.63362497 -0.36444601 -0.08158141
v 0.239475 -0.340678 -0.11098502
v 0.64033401 -0.34044799 -0.14731802
v 0.63885301 -0.36444601 -0.14743601
v 0.245001 -0.340678 -0.18058902
v 0.246565 -0.315315 -0.18046501
v 0.245783 -0.291478 -0.15197801
v 0.246742 -0.304161 -0.17397901
v 0.228386 -0.29249599 -0.18792201
v 0.227007 -0.27426698 -0.15629801
v 0.239475 -0.340678 -0.11098502
v 0.24104001 -0.315315 -0.11086102
v 0.22018901 -0.308528 -0.09720062
v 0.21794 -0.34498399 -0.09737922
v 0.228131 -0.308528 -0.19724502
v 0.246565 -0.315315 -0.18046501
v 0.245001 -0.340678 -0.18058902
v 0.22588301 -0.34498399 -0.19742301
v 0.219065 -0.37924399 -0.13832502
v 0.24025699 -0.36451399 -0.13947302
v 0.239298 -0.35183098 -0.11747102
v 0.217686 -0.361014 -0.10670102
v 0.224161 -0.361014 -0.18825802
v 0.24380299 -0.35183098 -0.17421302
v 0.24127901 -0.36451399 -0.15233502
v 0.220533 -0.37924399 -0.15681201
v -0.0997807 -0.32526498 -0.12260202
v 0.21794 -0.34498399 -0.09737922
v 0.22018901 -0.308528 -0.09720062
v -0.0975327 -0.288809 -0.12242401
v -0.0907143 -0.25454699 -0.18152101
v 0.227007 -0.27426698 -0.15629801
v 0.228386 -0.29249599 -0.18792201
v -0.0893354 -0.27277698 -0.21314501
v -0.0958096 -0.27277699 -0.13158801
v 0.221911 -0.29249599 -0.10636502
v 0.225539 -0.27426698 -0.13781102
v -0.0921821 -0.25454699 -0.16303402
v -0.092579 -0.31972699 -0.20738901
v 0.245001 -0.340678 -0.18058902
v 0.24380299 -0.35183098 -0.17421302
v -0.0937771 -0.33087899 -0.20101301
v -0.092818 -0.270527 -0.16591501
v 0.244762 -0.291478 -0.13911502
v 0.245783 -0.291478 -0.15197801
v -0.0917971 -0.270527 -0.17877701
v -0.0986564 -0.35952499 -0.16354801
v 0.219065 -0.37924399 -0.13832502
v 0.217686 -0.361014 -0.10670102
v -0.100036 -0.341295 -0.13192402
v -0.0895901 -0.28880899 -0.22246802
v 0.228131 -0.308528 -0.19724502
v 0.22588301 -0.34498399 -0.19742301
v -0.0918387 -0.32526498 -0.22264601
v -0.0869999 -0.27954399 -0.24784802
v -0.0895901 -0.28880899 -0.22246802
v -0.0918387 -0.32526498 -0.22264601
v -0.0903916 -0.33452999 -0.24811701
v -0.0982822 -0.330879 -0.14427102
v 0.239298 -0.35183098 -0.11747102
v 0.239475 -0.340678 -0.11098502
v -0.098105 -0.319727 -0.13778502
v -0.0908373 -0.28320899 -0.20077902
v 0.246742 -0.304161 -0.17397901
v 0.246565 -0.315315 -0.18046501
v -0.0910151 -0.29436298 -0.20726402
v -0.0963015 -0.343562 -0.17913501
v 0.24127901 -0.36451399 -0.15233502
v 0.24025699 -0.36451399 -0.13947302
v -0.0973224 -0.343562 -0.16627301
v -0.0965405 -0.29436299 -0.13766101
v 0.24104001 -0.315315 -0.11086102
v 0.242238 -0.30416101 -0.11723801
v -0.0953418 -0.28320899 -0.14403802
v -0.100675 -0.386204 -0.15898101
v -0.0986564 -0.35952499 -0.16354801
v -0.100036 -0.341295 -0.13192402
v -0.102755 -0.358709 -0.11128201
v -0.0866159 -0.25536298 -0.23378801
v -0.0893354 -0.27277698 -0.21314501
v -0.0895901 -0.28880899 -0.22246802
v -0.0869999 -0.27954399 -0.24784802
v -0.102371 -0.33452999 -0.09722111
v -0.0997807 -0.32526498 -0.12260202
v -0.0975327 -0.288809 -0.12242401
v -0.0989792 -0.27954399 -0.09695201
v -0.0984616 -0.386204 -0.18686502
v -0.0971892 -0.35952499 -0.18203501
v -0.0909097 -0.227868 -0.15820501
v -0.0921821 -0.25454699 -0.16303402
v -0.0907143 -0.25454699 -0.18152101
v -0.0886958 -0.227868 -0.186089
v -0.0958096 -0.27277699 -0.13158801
v -0.0963818 -0.25536298 -0.11077601
v -0.0997807 -0.32526498 -0.12260202
v -0.102371 -0.33452999 -0.09722111
v -0.0935611 -0.34129499 -0.21348101
v -0.0929901 -0.358709 -0.23429401
v 0.63862699 -0.31789699 -0.10819601
v 0.63623899 -0.329896 -0.08749711
v 0.63698 -0.352447 -0.11445002
v -0.0929901 -0.358709 -0.23429401
v -0.0984616 -0.386204 -0.18686502
v -0.114515 -0.385208 -0.18813902
v -0.109043 -0.35771199 -0.23556802
v -0.118425 -0.333534 -0.09849562
v -0.102371 -0.33452999 -0.09722111
v -0.0989792 -0.27954399 -0.09695201
v -0.115034 -0.27854698 -0.09822651
v -0.133958 -0.26682901 -0.13032001
v -0.129951 -0.246691 -0.16505901
v -0.132716 -0.30467599 -0.17555402
v -0.127087 -0.28453999 -0.23071602
v -0.12957101 -0.324813 -0.23091301
v -0.13586099 -0.28453999 -0.12019501
v -0.138345 -0.324813 -0.12039202
v -0.12832899 -0.246691 -0.18548201
v -0.12680601 -0.266829 -0.220417
v -0.103054 -0.27854698 -0.24912302
v -0.0869999 -0.27954399 -0.24784802
v -0.0903916 -0.33452999 -0.24811701
v -0.106445 -0.33353399 -0.24939202
v -0.106963 -0.22687199 -0.15948002
v -0.0909097 -0.227868 -0.15820501
v -0.0886958 -0.227868 -0.186089
v -0.10475 -0.22687199 -0.18736401
v -0.10267 -0.25436698 -0.23506201
v -0.0866159 -0.25536298 -0.23378801
v -0.0869999 -0.27954399 -0.24784802
v -0.103054 -0.27854698 -0.24912302
v -0.102755 -0.358709 -0.11128201
v -0.102371 -0.33452999 -0.09722111
v -0.118425 -0.333534 -0.09849562
v -0.118809 -0.357712 -0.11255602
v -0.112435 -0.25436699 -0.11205001
v -0.0963818 -0.25536298 -0.11077601
v -0.13710301 -0.362661 -0.16562602
v -0.13862699 -0.34252199 -0.13069102
v -0.131474 -0.34252199 -0.22078802
v -0.116729 -0.385208 -0.16025502
v -0.100675 -0.386204 -0.15898101
v -0.13710301 -0.362661 -0.16562602
v -0.116729 -0.385208 -0.16025502
v -0.118809 -0.357712 -0.11255602
v -0.13862699 -0.34252199 -0.13069102
v -0.12832899 -0.246691 -0.18548201
v -0.10475 -0.22687199 -0.18736401
v -0.10267 -0.25436698 -0.23506201
v -0.12680601 -0.266829 -0.220417
v -0.118425 -0.333534 -0.09849562
v -0.138345 -0.324813 -0.12039202
v -0.138345 -0.324813 -0.12039202
v -0.118425 -0.333534 -0.09849562
v -0.115034 -0.27854698 -0.09822651
v -0.13586099 -0.28453999 -0.12019501
v -0.106445 -0.33353399 -0.24939202
v -0.12957101 -0.324813 -0.23091301
v -0.127087 -0.28453999 -0.23071602
v -0.103054 -0.27854698 -0.24912302
v -0.114515 -0.385208 -0.18813902
v -0.135482 -0.362661 -0.18605001
v -0.131474 -0.34252199 -0.22078802
v -0.109043 -0.35771199 -0.23556802
v -0.103054 -0.27854698 -0.24912302
v -0.127087 -0.28453999 -0.23071602
v -0.112435 -0.25436699 -0.11205001
v -0.133958 -0.26682901 -0.13032001
v -0.135482 -0.362661 -0.18605001
v -0.106963 -0.22687199 -0.15948002
v -0.129951 -0.246691 -0.16505901
v -0.092818 -0.270527 -0.16591501
v -0.0917971 -0.270527 -0.17877701
v -0.0965405 -0.29436299 -0.13766101
v -0.0953418 -0.28320899 -0.14403802
v -0.0982822 -0.330879 -0.14427102
v -0.098105 -0.319727 -0.13778502
v -0.0963015 -0.343562 -0.17913501
v -0.0973224 -0.343562 -0.16627301
v -0.092579 -0.31972699 -0.20738901
v -0.0937771 -0.33087899 -0.20101301
v -0.0910151 -0.29436298 -0.20726402
v -0.0908373 -0.28320899 -0.20077902
v -0.0893354 -0.27277698 -0.21314501
v 0.228386 -0.29249599 -0.18792201
v 0.246742 -0.304161 -0.17397901
v -0.0908373 -0.28320899 -0.20077902
v 0.246565 -0.315315 -0.18046501
v 0.228131 -0.308528 -0.19724502
v -0.0895901 -0.28880899 -0.22246802
v -0.0910151 -0.29436298 -0.20726402
v 0.245783 -0.291478 -0.15197801
v 0.227007 -0.27426698 -0.15629801
v -0.0907143 -0.25454699 -0.18152101
v -0.0917971 -0.270527 -0.17877701
v -0.0921821 -0.25454699 -0.16303402
v 0.225539 -0.27426698 -0.13781102
v 0.244762 -0.291478 -0.13911502
v -0.092818 -0.270527 -0.16591501
v 0.242238 -0.30416101 -0.11723801
v 0.221911 -0.29249599 -0.10636502
v -0.0958096 -0.27277699 -0.13158801
v -0.0953418 -0.28320899 -0.14403802
v -0.0975327 -0.288809 -0.12242401
v 0.22018901 -0.308528 -0.09720062
v 0.24104001 -0.315315 -0.11086102
v -0.0965405 -0.29436299 -0.13766101
v 0.239475 -0.340678 -0.11098502
v 0.21794 -0.34498399 -0.09737922
v -0.0997807 -0.32526498 -0.12260202
v -0.098105 -0.319727 -0.13778502
v -0.100036 -0.341295 -0.13192402
v 0.217686 -0.361014 -0.10670102
v 0.239298 -0.35183098 -0.11747102
v -0.0982822 -0.330879 -0.14427102
v 0.24025699 -0.36451399 -0.13947302
v 0.219065 -0.37924399 -0.13832502
v -0.0986564 -0.35952499 -0.16354801
v -0.0973224 -0.343562 -0.16627301
v -0.0971892 -0.35952499 -0.18203501
v 0.220533 -0.37924399 -0.15681201
v 0.24127901 -0.36451399 -0.15233502
v -0.0963015 -0.343562 -0.17913501
v 0.24380299 -0.35183098 -0.17421302
v 0.224161 -0.361014 -0.18825802
v -0.0935611 -0.34129499 -0.21348101
v -0.0937771 -0.33087899 -0.20101301
v -0.0918387 -0.32526498 -0.22264601
v 0.22588301 -0.34498399 -0.19742301
v 0.245001 -0.340678 -0.18058902
v -0.092579 -0.31972699 -0.20738901
v -0.44521201 -0.38666799 -0.16478102
v -0.443694 -0.38666799 -0.15312502
v -0.44471401 -0.367897 -0.16095802
v -0.44597301 -0.37249099 -0.17062202
v -0.446758 -0.35525101 -0.17664701
v -0.44751701 -0.36356299 -0.18247402
v -0.44966501 -0.35973599 -0.19896102
v -0.44966501 -0.35013898 -0.19896102
v -0.452544 -0.35491898 -0.22105701
v -0.451785 -0.36323099 -0.21523002
v -0.45461601 -0.36789699 -0.23696402
v -0.45335799 -0.37249099 -0.22730002
v -0.45563799 -0.38666799 -0.24479802
v -0.45411801 -0.38666799 -0.23314302
v -0.26349601 -0.35013898 -0.22321601
v -0.44966501 -0.35013898 -0.19896102
v -0.446758 -0.35525101 -0.17664701
v -0.260589 -0.35525101 -0.20090102
v -0.26349601 -0.35973599 -0.22321601
v -0.44966501 -0.35973599 -0.19896102
v -0.451785 -0.36323099 -0.21523002
v -0.26561499 -0.36323099 -0.23948401
v -0.45335799 -0.37249099 -0.22730002
v -0.267189 -0.37249099 -0.25155603
v -0.25904301 -0.38666799 -0.18903502
v -0.44521201 -0.38666799 -0.16478102
v -0.44597301 -0.37249099 -0.17062202
v -0.25980401 -0.37249099 -0.19487701
v -0.45411801 -0.38666799 -0.23314302
v -0.26794899 -0.38666799 -0.25739803
v -0.44751701 -0.36356299 -0.18247402
v -0.26134801 -0.36356299 -0.20672901
v -0.26637501 -0.35491898 -0.24531102
v -0.452544 -0.35491898 -0.22105701
v -0.26844701 -0.36789699 -0.26121901
v -0.45461601 -0.36789699 -0.23696402
v -0.25854501 -0.367897 -0.18521302
v -0.44471401 -0.367897 -0.16095802
v -0.443694 -0.38666799 -0.15312502
v -0.257525 -0.38666799 -0.17737901
v -0.26946801 -0.38666798 -0.26905303
v -0.45563799 -0.38666799 -0.24479802
v -0.26844701 -0.36789699 -0.26121901
v -0.26637501 -0.35491898 -0.24531102
v -0.26561499 -0.36323099 -0.23948401
v -0.267189 -0.37249099 -0.25155603
v -0.26349601 -0.35013898 -0.22321601
v -0.26349601 -0.35973599 -0.22321601
v -0.260589 -0.35525101 -0.20090102
v -0.26134801 -0.36356299 -0.20672901
v -0.25854501 -0.367897 -0.18521302
v -0.25980401 -0.37249099 -0.19487701
v -0.257525 -0.38666799 -0.17737901
v -0.25904301 -0.38666799 -0.18903502
v -0.443694 -0.38666799 -0.15312502
v -0.44521201 -0.38666799 -0.16478102
v -0.25904301 -0.38666799 -0.18903502
v -0.257525 -0.38666799 -0.17737901
v -0.26794899 -0.38666799 -0.25739803
v -0.45411801 -0.38666799 -0.23314302
v -0.45563799 -0.38666799 -0.24479802
v -0.26946801 -0.38666798 -0.26905303
v -0.26946801 -0.38666798 -0.26905303
v -0.26794899 -0.38666799 -0.25739803
v -0.0101627 -0.32898001 0.15191498
v -0.0066293 -0.32898001 0.18346599
v 0.0012731 -0.383391 0.18258098
v -0.0195946 -0.386459 0.18491699
v -0.112387 -0.386403 0.18750398
v -0.113504 -0.37248901 0.19579898
v -0.117118 -0.37248901 0.16352598
v -0.114194 -0.386403 0.17136799
v 0.63771898 -0.374998 -0.14140302
v 0.63885301 -0.36444601 -0.14743601
v 0.63362497 -0.36444601 -0.08158141
v 0.63510501 -0.34044799 -0.08146381
v 0.64033401 -0.34044799 -0.14731802
v 0.63345701 -0.374998 -0.08771802
v 0.63436598 -0.38699701 -0.10853402
v 0.63533199 -0.38699701 -0.12070402
v 0.63959301 -0.31789699 -0.12036502
v 0.64050102 -0.329896 -0.14118202
v -0.49894199 -0.36121402 0.23187499
v -0.51019502 -0.36121402 0.26306499
v -0.520329 -0.36121402 0.20653498
v -0.55296499 -0.36121402 0.21238498
v -0.56421798 -0.36121402 0.24357499
v -0.54283297 -0.36121402 0.268916
v -0.116429 -0.35857499 0.18795599
v -0.118236 -0.35857499 0.17181998
v -0.197653 -0.30138597 -0.54586299
v -0.199017 -0.30138598 -0.52596201
v 0.0668342 -0.38674797 -0.27221902
v 0.110033 -0.38674797 -0.27221902
v 0.131632 -0.38674798 -0.23480801
v 0.045235 -0.38674798 -0.23480801
v 0.110033 -0.38674798 -0.19739701
v 0.0668342 -0.38674798 -0.19739701
v -0.42820799 -0.33376399 0.18346098
v -0.48074001 -0.33328 0.13293698
v -0.48230499 -0.35887901 0.13431899
v -0.42977199 -0.359363 0.18484299
v -0.48074001 -0.33328 0.13293698
v -0.42820799 -0.33376399 0.18346098
v -0.50106901 -0.33581299 0.06298739
v -0.48374799 -0.34068599 -0.00764351
v -0.43341699 -0.34659201 -0.06003151
v -0.357548 -0.337135 0.20102198
v -0.42820799 -0.33376399 0.18346098
v -0.42977199 -0.359363 0.18484299
v -0.35911301 -0.36273501 0.20240399
v -0.363563 -0.35194799 -0.08013952
v -0.29290199 -0.35532 -0.06257872
v -0.363563 -0.35194799 -0.08013952
v -0.29290199 -0.35532 -0.06257872
v -0.29446799 -0.38091901 -0.06119592
v -0.36512899 -0.37754699 -0.07875662
v -0.29290199 -0.35532 -0.06257872
v -0.24037001 -0.355804 -0.01205362
v -0.241935 -0.381403 -0.01067142
v -0.29446799 -0.38091901 -0.06119592
v -0.22004201 -0.35327 0.05789588
v -0.221606 -0.378869 0.05927738
v -0.28769401 -0.34249202 0.18091498
v -0.289258 -0.368091 0.18229699
v -0.485313 -0.366285 -0.00626187
v -0.50263399 -0.361413 0.06436948
v -0.50106901 -0.33581299 0.06298739
v -0.48374799 -0.34068599 -0.00764351
v -0.237362 -0.34839801 0.12852699
v -0.23892701 -0.37399701 0.12990898
v -0.43341699 -0.34659201 -0.06003151
v -0.434982 -0.37219101 -0.05864962
v -0.20687599 -0.346256 0.20823298
v -0.216711 -0.34541602 0.21264899
v -0.21823899 -0.37042401 0.21399899
v -0.208404 -0.37126402 0.20958298
v -0.24037001 -0.355804 -0.01205362
v -0.22004201 -0.35327 0.05789588
v -0.237362 -0.34839801 0.12852699
v -0.28769401 -0.34249202 0.18091498
v -0.34004301 -0.37015501 0.08656379
v -0.37243599 -0.367813 0.09324998
v -0.37087101 -0.34221399 0.09186839
v -0.33847901 -0.34455601 0.08518129
v -0.37243599 -0.367813 0.09324998
v -0.39451301 -0.3678 0.06851029
v -0.392948 -0.34220001 0.06712818
v -0.37087101 -0.34221399 0.09186839
v -0.384197 -0.37012699 0.03708358
v -0.38263199 -0.34452799 0.03570088
v -0.384197 -0.37012699 0.03708358
v -0.351805 -0.372468 0.03039708
v -0.35023999 -0.34686899 0.02901489
v -0.38263199 -0.34452799 0.03570088
v -0.351805 -0.372468 0.03039708
v -0.32972899 -0.372482 0.05513738
v -0.328163 -0.346883 0.05375519
v -0.35023999 -0.34686899 0.02901489
v -0.34004301 -0.37015501 0.08656379
v -0.33847901 -0.34455601 0.08518129
v -0.357548 -0.337135 0.20102198
v -0.216711 -0.34541602 0.21264899
v -0.20687599 -0.346256 0.20823298
v -0.202841 -0.347042 0.19824299
v -0.202841 -0.347042 0.19824299
v -0.20437001 -0.37205 0.19959298
v -0.246159 -0.34851802 0.12185498
v -0.247686 -0.37352601 0.12320398
v -0.29627699 -0.367824 0.17377898
v -0.29474899 -0.342816 0.17242898
v -0.246159 -0.34851802 0.12185498
v -0.29474899 -0.342816 0.17242898
v -0.50772601 -0.32756601 0.21372099
v -0.51217198 -0.327826 0.20386699
v -0.51370001 -0.352834 0.20521699
v -0.50925499 -0.352574 0.21507098
v -0.51217198 -0.327826 0.20386699
v -0.50772601 -0.32756601 0.21372099
v -0.49772701 -0.32795701 0.21779099
v -0.49772701 -0.32795701 0.21779099
v -0.49925601 -0.35296501 0.21914099
v -0.42151201 -0.334943 0.17470698
v -0.42304 -0.359951 0.17605698
v -0.47375399 -0.35948399 0.12727898
v -0.47222501 -0.33447701 0.12592898
v -0.42151201 -0.334943 0.17470698
v -0.47222501 -0.33447701 0.12592898
v -0.51420301 -0.34342101 -0.08727121
v -0.50447398 -0.34424799 -0.09157602
v -0.50600302 -0.36925599 -0.09022632
v -0.51573098 -0.368429 -0.08592112
v -0.50447398 -0.34424799 -0.09157602
v -0.51420301 -0.34342101 -0.08727121
v -0.51813 -0.342648 -0.07739341
v -0.51813 -0.342648 -0.07739341
v -0.51965803 -0.36765501 -0.07604302
v -0.47492 -0.34115899 -0.0008928
v -0.47644901 -0.36616701 0.00045618
v -0.427858 -0.37186801 -0.05011762
v -0.42632899 -0.34685999 -0.05146781
v -0.47492 -0.34115899 -0.0008928
v -0.42632899 -0.34685999 -0.05146781
v -0.21335199 -0.362111 -0.09276012
v -0.20897301 -0.36184999 -0.08297291
v -0.210503 -0.38685798 -0.08162212
v -0.21488 -0.38711899 -0.09141002
v -0.20897301 -0.36184999 -0.08297291
v -0.21335199 -0.362111 -0.09276012
v -0.22328199 -0.36171999 -0.09676401
v -0.22328199 -0.36171999 -0.09676401
v -0.224811 -0.38672798 -0.09541432
v -0.29956499 -0.354734 -0.05374622
v -0.301094 -0.37974101 -0.05239612
v -0.25038099 -0.38020799 -0.00361845
v -0.248852 -0.35519999 -0.00496854
v -0.29956499 -0.354734 -0.05374622
v -0.248852 -0.35519999 -0.00496854
v -0.355959 -0.333627 0.273315
v -0.36605799 -0.33321701 0.26946999
v -0.367587 -0.358225 0.27081998
v -0.35748801 -0.35863502 0.27466498
v -0.36605799 -0.33321701 0.26946999
v -0.355959 -0.333627 0.273315
v -0.34603599 -0.33446 0.26912798
v -0.34603599 -0.33446 0.26912798
v -0.347565 -0.35946802 0.27047799
v -0.32277399 -0.34044299 0.18464899
v -0.324303 -0.36545102 0.18599899
v -0.39452201 -0.36109001 0.18726899
v -0.39299199 -0.33608202 0.18591899
v -0.32277399 -0.34044299 0.18464899
v -0.39299199 -0.33608202 0.18591899
v -0.573273 -0.33162299 0.06436198
v -0.569462 -0.3324 0.05427089
v -0.57099003 -0.35740799 0.05562108
v -0.57480103 -0.35663101 0.06571139
v -0.569462 -0.3324 0.05427089
v -0.573273 -0.33162299 0.06436198
v -0.56905502 -0.33134401 0.07430288
v -0.56905502 -0.33134401 0.07430288
v -0.570584 -0.356352 0.07565258
v -0.48453301 -0.33524001 0.09785318
v -0.48606199 -0.360248 0.09920298
v -0.48756301 -0.363949 0.02895068
v -0.48603401 -0.33894101 0.02760028
v -0.48453301 -0.33524001 0.09785318
v -0.48603401 -0.33894101 0.02760028
v -0.36511901 -0.35605001 -0.15235402
v -0.35517401 -0.35644998 -0.14850602
v -0.35670301 -0.38145801 -0.14715602
v -0.36664799 -0.381058 -0.15100402
v -0.35517401 -0.35644998 -0.14850602
v -0.36511901 -0.35605001 -0.15235402
v -0.37488699 -0.35522699 -0.14817001
v -0.37488699 -0.35522699 -0.14817001
v -0.37641701 -0.38023498 -0.14682001
v -0.39830399 -0.34923401 -0.06368802
v -0.39983401 -0.37424099 -0.06233752
v -0.329613 -0.37860301 -0.06360832
v -0.32808399 -0.353596 -0.06495801
v -0.39830399 -0.34923401 -0.06368802
v -0.32808399 -0.353596 -0.06495801
v -0.14780501 -0.35805401 0.05659928
v -0.15162601 -0.357299 0.06626158
v -0.153155 -0.382307 0.06761208
v -0.149334 -0.38306201 0.05794938
v -0.15162601 -0.357299 0.06626158
v -0.14780501 -0.35805401 0.05659928
v -0.152015 -0.358311 0.04708708
v -0.152015 -0.358311 0.04708708
v -0.15354399 -0.38331801 0.04843658
v -0.236545 -0.35443699 0.02310779
v -0.238074 -0.37944499 0.02445798
v -0.236572 -0.37574399 0.09471068
v -0.235044 -0.350736 0.09336048
v -0.236545 -0.35443699 0.02310779
v -0.235044 -0.350736 0.09336048
v -0.328163 -0.346883 0.05375519
v -0.33847901 -0.34455601 0.08518129
v -0.35023999 -0.34686899 0.02901489
v -0.38263199 -0.34452799 0.03570088
v -0.392948 -0.34220001 0.06712818
v -0.37087101 -0.34221399 0.09186839
v -0.17629001 -0.37334002 0.17375798
v -0.18373699 -0.386459 0.17097698
v -0.15212101 -0.386459 0.17386898
v -0.159949 -0.37334002 0.17525299
v -0.17666399 -0.34521801 0.17785099
v -0.184461 -0.33204902 0.17889598
v -0.19990601 -0.35925401 0.17349099
v -0.18464699 -0.35927901 0.17505799
v -0.19799399 -0.356185 0.15257998
v -0.19990601 -0.35925401 0.17349099
v -0.184461 -0.33204902 0.17889598
v -0.182549 -0.32898001 0.15798599
v -0.17629001 -0.37334002 0.17375798
v -0.159949 -0.37334002 0.17525299
v -0.16826899 -0.38640301 0.26528199
v -0.184439 -0.38640301 0.26380299
v -0.152845 -0.33204902 0.18178798
v -0.136675 -0.35925401 0.17927398
v -0.134763 -0.356185 0.15836298
v -0.150933 -0.32898001 0.16087699
v -0.16037001 -0.37248902 0.26804598
v -0.16826899 -0.38640301 0.26528199
v -0.159949 -0.37334002 0.17525299
v -0.151967 -0.35927901 0.17804599
v -0.15020899 -0.383391 0.15295899
v -0.15212101 -0.386459 0.17386898
v -0.16032401 -0.34521801 0.17934598
v -0.16864 -0.358575 0.26933198
v -0.181825 -0.383391 0.15006698
v -0.18373699 -0.386459 0.17097698
v -0.15212101 -0.386459 0.17386898
v -0.136675 -0.35925401 0.17927398
v -0.151967 -0.35927901 0.17804599
v -0.159949 -0.37334002 0.17525299
v -0.182549 -0.32898001 0.15798599
v -0.184461 -0.33204902 0.17889598
v -0.17666399 -0.34521801 0.17785099
v -0.16032401 -0.34521801 0.17934598
v -0.152845 -0.33204902 0.18178798
v -0.184461 -0.33204902 0.17889598
v -0.17666399 -0.34521801 0.17785099
v -0.184809 -0.358575 0.26785399
v -0.18464699 -0.35927901 0.17505799
v -0.192709 -0.37248902 0.26508899
v -0.19799399 -0.356185 0.15257998
v -0.134763 -0.356185 0.15836298
v -0.15020899 -0.383391 0.15295899
v -0.181825 -0.383391 0.15006698
v -0.182549 -0.32898001 0.15798599
v -0.150933 -0.32898001 0.16087699
v -0.15020899 -0.383391 0.15295899
v -0.15212101 -0.386459 0.17386898
v -0.16826899 -0.38640301 0.26528199
v -0.16037001 -0.37248902 0.26804598
v -0.192709 -0.37248902 0.26508899
v -0.184439 -0.38640301 0.26380299
v -0.16864 -0.358575 0.26933198
v -0.184809 -0.358575 0.26785399
v 0.25546101 -0.37361201 0.49268497
v 0.25038499 -0.38673203 0.48656697
v 0.27636999 -0.38673203 0.50480698
v 0.26889101 -0.37361201 0.50211196
v 0.25310001 -0.34549101 0.49604897
v 0.24581601 -0.33232101 0.493075
v 0.235109 -0.35952701 0.48070098
v 0.247566 -0.35955202 0.48965298
v 0.247173 -0.35645803 0.463515
v 0.235109 -0.35952701 0.48070098
v 0.24581601 -0.33232101 0.493075
v 0.25788099 -0.32925301 0.47588898
v 0.25546101 -0.37361201 0.49268497
v 0.26889101 -0.37361201 0.50211196
v 0.216875 -0.38667604 0.57606397
v 0.203586 -0.38667604 0.56673501
v 0.27180099 -0.33232101 0.51131599
v 0.28707799 -0.35952701 0.51718198
v 0.299142 -0.35645803 0.49999498
v 0.283865 -0.32925301 0.49412997
v 0.222352 -0.37276202 0.58239196
v 0.216875 -0.38667604 0.57606397
v 0.26889101 -0.37361201 0.50211196
v 0.27442601 -0.35955202 0.50850801
v 0.288434 -0.38366403 0.48762099
v 0.27636999 -0.38673203 0.50480698
v 0.26653001 -0.34549101 0.50547598
v 0.21453799 -0.35884803 0.57939301
v 0.262449 -0.38366403 0.46938099
v 0.25038499 -0.38673203 0.48656697
v 0.27636999 -0.38673203 0.50480698
v 0.28707799 -0.35952701 0.51718198
v 0.27442601 -0.35955202 0.50850801
v 0.26889101 -0.37361201 0.50211196
v 0.25788099 -0.32925301 0.47588898
v 0.24581601 -0.33232101 0.493075
v 0.25310001 -0.34549101 0.49604897
v 0.26653001 -0.34549101 0.50547598
v 0.27180099 -0.33232101 0.51131599
v 0.24581601 -0.33232101 0.493075
v 0.25310001 -0.34549101 0.49604897
v 0.201249 -0.35884803 0.57006399
v 0.247566 -0.35955202 0.48965298
v 0.19577301 -0.37276202 0.56373499
v 0.247173 -0.35645803 0.463515
v 0.299142 -0.35645803 0.49999498
v 0.288434 -0.38366403 0.48762099
v 0.262449 -0.38366403 0.46938099
v 0.25788099 -0.32925301 0.47588898
v 0.283865 -0.32925301 0.49412997
v 0.288434 -0.38366403 0.48762099
v 0.27636999 -0.38673203 0.50480698
v 0.216875 -0.38667604 0.57606397
v 0.222352 -0.37276202 0.58239196
v 0.19577301 -0.37276202 0.56373499
v 0.203586 -0.38667604 0.56673501
v 0.21453799 -0.35884803 0.57939301
v 0.201249 -0.35884803 0.57006399
v 0.29215801 -0.24258501 0.15782099
v -0.156014 -0.38662899 -0.00043941
v -0.13498899 -0.38662898 -0.05998172
v 0.31318399 -0.24258501 0.09827859
v 0.26668999 -0.190249 0.18230999
v -0.181482 -0.33429301 0.02405068
v 0.30874199 -0.190249 0.06322579
v -0.13943 -0.334293 -0.09503341
v -0.1649 -0.28195801 -0.07054391
v 0.28327301 -0.13791401 0.08771649
v -0.13943 -0.334293 -0.09503341
v 0.30874199 -0.190249 0.06322579
v -0.18592501 -0.28195801 -0.01100181
v 0.262247 -0.13791401 0.14725899
v 0.29021701 -0.15100401 0.14492
v 0.29303899 -0.18424601 0.16718399
v 0.30639401 -0.18424601 0.12936399
v -0.181482 -0.33429301 0.02405068
v 0.26668999 -0.190249 0.18230999
v 0.262247 -0.13791401 0.14725899
v 0.29021701 -0.15100401 0.14492
v 0.303572 -0.15100401 0.10709899
v 0.28327301 -0.13791401 0.08771649
v -0.181482 -0.33429301 0.02405068
v -0.13943 -0.334293 -0.09503341
v -0.156014 -0.38662899 -0.00043941
v -0.13498899 -0.38662898 -0.05998172
v 0.31975001 -0.18424601 0.09154359
v 0.303572 -0.15100401 0.10709899
v 0.30921701 -0.21748901 0.15162899
v 0.32257199 -0.21748901 0.11380899
v 0.26668999 -0.190249 0.18230999
v 0.29303899 -0.18424601 0.16718399
v 0.29215801 -0.24258501 0.15782099
v 0.30921701 -0.21748901 0.15162899
v 0.29303899 -0.18424601 0.16718399
v 0.26668999 -0.190249 0.18230999
v 0.31318399 -0.24258501 0.09827859
v 0.32257199 -0.21748901 0.11380899
v 0.30874199 -0.190249 0.06322579
v 0.31975001 -0.18424601 0.09154359
v 0.31975001 -0.18424601 0.09154359
v 0.30874199 -0.190249 0.06322579
v 0.39590499 -0.29356898 -0.37082
v 0.198452 -0.32058899 -0.40903
v 0.99026102 -0.32058899 -0.45018001
v 0.95882499 -0.29356898 -0.400075
v 0.36827901 -0.35066198 -0.24739501
v 0.205542 -0.290421 -0.27261002
v 0.204524 -0.255284 -0.292197
v 0.99909598 -0.35066299 -0.28017803
v 0.996333 -0.255284 -0.33334802
v 0.99666101 -0.22567399 -0.327038
v 1 -0.34093999 -0.26278301
v 0.198452 -0.32058899 -0.40903
v 0.204524 -0.255284 -0.292197
v 0.204852 -0.22567299 -0.28588901
v 0.19787601 -0.30070097 -0.420117
v 0.989685 -0.30070199 -0.46126602
v 0.99666101 -0.22567399 -0.327038
v 0.996333 -0.255284 -0.33334802
v 0.99026102 -0.32058899 -0.45018001
v 0.996333 -0.255284 -0.33334802
v 0.95987201 -0.28230499 -0.37992401
v 0.19787601 -0.30070097 -0.420117
v 0.395329 -0.273681 -0.38190601
v 0.95824897 -0.273681 -0.41116102
v 0.989685 -0.30070199 -0.46126602
v 0.996333 -0.255284 -0.33334802
v 0.99909598 -0.35066299 -0.28017803
v 0.204852 -0.22567299 -0.28588901
v 0.20644601 -0.28069698 -0.255215
v 0.369183 -0.34093898 -0.22999902
v 1 -0.34093999 -0.26278301
v 0.369183 -0.34093898 -0.22999902
v 0.36827901 -0.35066198 -0.24739501
v 0.99909598 -0.35066299 -0.28017803
v 0.204852 -0.22567299 -0.28588901
v 0.39637601 -0.26241697 -0.36175601
v 0.95929599 -0.26241798 -0.39101
v 0.99666101 -0.22567399 -0.327038
v 0.369183 -0.34093898 -0.22999902
v 0.20644601 -0.28069698 -0.255215
v 0.205542 -0.290421 -0.27261002
v 0.36827901 -0.35066198 -0.24739501
v 0.19787601 -0.30070097 -0.420117
v 0.989685 -0.30070199 -0.46126602
v 0.99026102 -0.32058899 -0.45018001
v 0.198452 -0.32058899 -0.40903
v 0.204524 -0.255284 -0.292197
v 0.396952 -0.28230397 -0.35066901
v 0.39637601 -0.26241697 -0.36175601
v 0.396952 -0.28230397 -0.35066901
v 0.39590499 -0.29356898 -0.37082
v 0.395329 -0.273681 -0.38190601
v 0.95929599 -0.26241798 -0.39101
v 0.95987201 -0.28230499 -0.37992401
v 0.395329 -0.273681 -0.38190601
v 0.39590499 -0.29356898 -0.37082
v 0.95882499 -0.29356898 -0.400075
v 0.95824897 -0.273681 -0.41116102
v 0.95987201 -0.28230499 -0.37992401
v 0.95929599 -0.26241798 -0.39101
v 0.99666101 -0.22567399 -0.327038
v 1 -0.34093999 -0.26278301
v 0.20644601 -0.28069698 -0.255215
v 0.205542 -0.290421 -0.27261002
v 0.74637401 -0.37231 -0.32236101
v 0.73112297 -0.37231 -0.33171801
v 0.73112297 -0.38666199 -0.33171801
v 0.74637401 -0.38666199 -0.32236101
v 0.74889803 -0.37230999 -0.58177902
v 0.80401701 -0.37230999 -0.56454905
v 0.80401701 -0.38666198 -0.56454905
v 0.74889803 -0.38666198 -0.58177902
v 0.71539402 -0.37231 -0.32319002
v 0.71491599 -0.37231 -0.30530401
v 0.71491599 -0.38666199 -0.30530401
v 0.71539402 -0.38666199 -0.32319002
v 0.68972403 -0.37230999 -0.53852703
v 0.69020098 -0.37230999 -0.556412
v 0.69020098 -0.38666198 -0.556412
v 0.68972403 -0.38666198 -0.53852703
v 0.65874398 -0.37230999 -0.539355
v 0.67399502 -0.37230999 -0.52999701
v 0.67399502 -0.38666198 -0.52999701
v 0.65874398 -0.38666198 -0.539355
v 0.73016697 -0.37231 -0.295947
v 0.74589598 -0.37231 -0.30447601
v 0.74589598 -0.38666199 -0.30447601
v 0.73016697 -0.38666199 -0.295947
v 0.68972403 -0.37230999 -0.53852703
v 0.68972403 -0.38666198 -0.53852703
v 0.67495 -0.37230999 -0.56576903
v 0.67495 -0.38666198 -0.56576903
v 0.178413 -0.37230999 -0.44184502
v 0.0950086 -0.37230999 -0.48279001
v 0.12517001 -0.37231 -0.35711803
v 0.17793401 -0.37230999 -0.42396002
v 0.193185 -0.37230999 -0.41460301
v 0.155332 -0.37231 -0.23144601
v 0.52796203 -0.37231 -0.19679602
v 0.208914 -0.37230999 -0.42313202
v 0.194141 -0.37230999 -0.45037501
v 0.209378 -0.37230999 -0.51023902
v 0.65922201 -0.37230999 -0.55724003
v 0.67495 -0.37230999 -0.56576903
v 0.71814001 -0.37230998 -0.63234104
v 0.65874398 -0.37230999 -0.539355
v 0.209392 -0.37230999 -0.441018
v 0.74589598 -0.37231 -0.30447601
v 0.73016697 -0.37231 -0.295947
v 0.71781498 -0.37231 -0.24236101
v 0.87243497 -0.37231 -0.27947001
v 0.65922201 -0.37230999 -0.55724003
v 0.65922201 -0.38666198 -0.55724003
v 0.83835 -0.37230999 -0.42149101
v 0.74637401 -0.37231 -0.32236101
v 0.71491599 -0.37231 -0.30530401
v 0.71539402 -0.37231 -0.32319002
v 0.67399502 -0.37230999 -0.52999701
v 0.73112297 -0.37231 -0.33171801
v 0.68972403 -0.37230999 -0.53852703
v 0.80401701 -0.37230999 -0.56454905
v 0.74889803 -0.37230999 -0.58177902
v 0.69020098 -0.37230999 -0.556412
v 0.80401701 -0.37230999 -0.56454905
v 0.83835 -0.37230999 -0.42149101
v 0.83835 -0.38666199 -0.42149101
v 0.80401701 -0.38666198 -0.56454905
v 0.87243497 -0.37231 -0.27947001
v 0.71781498 -0.37231 -0.24236101
v 0.71781498 -0.386662 -0.24236101
v 0.87243497 -0.38666199 -0.27947001
v 0.209378 -0.37230999 -0.51023902
v 0.71814001 -0.37230998 -0.63234104
v 0.71814001 -0.38666198 -0.63234104
v 0.209378 -0.38666198 -0.51023902
v 0.87243497 -0.37231 -0.27947001
v 0.87243497 -0.38666199 -0.27947001
v 0.0950086 -0.37230999 -0.48279001
v 0.0950086 -0.38666199 -0.48279001
v 0.52796203 -0.37231 -0.19679602
v 0.52796203 -0.386662 -0.19679602
v 0.12517001 -0.37231 -0.35711803
v 0.0950086 -0.37230999 -0.48279001
v 0.0950086 -0.38666199 -0.48279001
v 0.12517001 -0.38666199 -0.35711803
v 0.12517001 -0.38666199 -0.35711803
v 0.0950086 -0.38666199 -0.48279001
v 0.178413 -0.38666199 -0.44184502
v 0.17793401 -0.38666199 -0.42396002
v 0.193185 -0.38666199 -0.41460301
v 0.155332 -0.386662 -0.23144601
v 0.52796203 -0.386662 -0.19679602
v 0.208914 -0.38666199 -0.42313202
v 0.52796203 -0.37231 -0.19679602
v 0.155332 -0.37231 -0.23144601
v 0.155332 -0.386662 -0.23144601
v 0.52796203 -0.386662 -0.19679602
v 0.209378 -0.38666198 -0.51023902
v 0.194141 -0.38666199 -0.45037501
v 0.71814001 -0.38666198 -0.63234104
v 0.67495 -0.38666198 -0.56576903
v 0.65922201 -0.38666198 -0.55724003
v 0.65874398 -0.38666198 -0.539355
v 0.209392 -0.38666199 -0.441018
v 0.71814001 -0.37230998 -0.63234104
v 0.71814001 -0.38666198 -0.63234104
v 0.71781498 -0.386662 -0.24236101
v 0.73016697 -0.38666199 -0.295947
v 0.74589598 -0.38666199 -0.30447601
v 0.87243497 -0.38666199 -0.27947001
v 0.155332 -0.37231 -0.23144601
v 0.155332 -0.386662 -0.23144601
v 0.83835 -0.38666199 -0.42149101
v 0.74637401 -0.38666199 -0.32236101
v 0.71491599 -0.38666199 -0.30530401
v 0.71539402 -0.38666199 -0.32319002
v 0.67399502 -0.38666198 -0.52999701
v 0.68972403 -0.38666198 -0.53852703
v 0.73112297 -0.38666199 -0.33171801
v 0.74889803 -0.38666198 -0.58177902
v 0.80401701 -0.38666198 -0.56454905
v 0.69020098 -0.38666198 -0.556412
v 0.17793401 -0.37230999 -0.42396002
v 0.193185 -0.37230999 -0.41460301
v 0.193185 -0.38666199 -0.41460301
v 0.17793401 -0.38666199 -0.42396002
v 0.178413 -0.38666199 -0.44184502
v 0.178413 -0.37230999 -0.44184502
v 0.194141 -0.38666199 -0.45037501
v 0.194141 -0.37230999 -0.45037501
v 0.208914 -0.37230999 -0.42313202
v 0.208914 -0.38666199 -0.42313202
v 0.208914 -0.37230999 -0.42313202
v 0.209392 -0.37230999 -0.441018
v 0.209392 -0.38666199 -0.441018
v 0.208914 -0.38666199 -0.42313202
v 0.74589598 -0.37231 -0.30447601
v 0.74589598 -0.38666199 -0.30447601
v -0.219818 -0.386651 -0.13587502
v -0.208461 -0.386651 -0.13890402
v -0.21125799 -0.386651 -0.11873102
v -0.22185799 -0.386651 -0.12065902
v -0.223287 -0.386651 -0.10243701
v -0.231106 -0.386651 -0.10895302
v -0.246186 -0.386651 -0.10097201
v -0.24371301 -0.38665101 -0.09169792
v -0.26647401 -0.38665101 -0.09057642
v -0.26293799 -0.386651 -0.10012302
v -0.285319 -0.386651 -0.09898272
v -0.27708599 -0.386651 -0.10593302
v -0.29778799 -0.386651 -0.11508502
v -0.286432 -0.386651 -0.11811302
v -0.24371301 -0.198908 -0.09169791
v -0.24371301 -0.38665101 -0.09169792
v -0.223287 -0.386651 -0.10243701
v -0.223287 -0.198908 -0.10243701
v -0.246186 -0.198908 -0.10097201
v -0.246186 -0.386651 -0.10097201
v -0.26293799 -0.386651 -0.10012302
v -0.26293799 -0.198908 -0.10012301
v -0.27708599 -0.386651 -0.10593302
v -0.27708599 -0.198908 -0.10593301
v -0.219818 -0.198908 -0.13587501
v -0.219818 -0.386651 -0.13587502
v -0.22185799 -0.386651 -0.12065902
v -0.22185799 -0.198908 -0.12065901
v -0.286432 -0.386651 -0.11811302
v -0.286432 -0.198908 -0.11811301
v -0.231106 -0.386651 -0.10895302
v -0.231106 -0.198908 -0.10895301
v -0.26647401 -0.198908 -0.09057641
v -0.26647401 -0.38665101 -0.09057642
v -0.285319 -0.198908 -0.09898271
v -0.285319 -0.386651 -0.09898272
v -0.21125799 -0.198908 -0.11873101
v -0.21125799 -0.386651 -0.11873102
v -0.208461 -0.386651 -0.13890402
v -0.208461 -0.198908 -0.13890401
v -0.29778799 -0.198908 -0.11508501
v -0.29778799 -0.386651 -0.11508502
v -0.285319 -0.198908 -0.09898271
v -0.26647401 -0.198908 -0.09057641
v -0.26293799 -0.198908 -0.10012301
v -0.27708599 -0.198908 -0.10593301
v -0.24371301 -0.198908 -0.09169791
v -0.246186 -0.198908 -0.10097201
v -0.223287 -0.198908 -0.10243701
v -0.231106 -0.198908 -0.10895301
v -0.21125799 -0.198908 -0.11873101
v -0.22185799 -0.198908 -0.12065901
v -0.208461 -0.198908 -0.13890401
v -0.219818 -0.198908 -0.13587501
v -0.208461 -0.386651 -0.13890402
v -0.219818 -0.386651 -0.13587502
v -0.219818 -0.198908 -0.13587501
v -0.208461 -0.198908 -0.13890401
v -0.286432 -0.198908 -0.11811301
v -0.286432 -0.386651 -0.11811302
v -0.29778799 -0.386651 -0.11508502
v -0.29778799 -0.198908 -0.11508501
v -0.29778799 -0.198908 -0.11508501
v -0.286432 -0.198908 -0.11811301
v 0.0877281 -0.25515498 -0.467279
v 0.0874924 -0.29458497 -0.49006201
v -0.15900201 -0.30098397 -0.47644003
v -0.158766 -0.26155398 -0.45365701
v 0.0902408 -0.25514398 -0.42181001
v -0.156253 -0.26154299 -0.40818701
v 0.0897695 -0.33400599 -0.46737401
v -0.156725 -0.34040398 -0.45375203
v -0.15397599 -0.30096398 -0.38550003
v 0.0925179 -0.29456497 -0.39912201
v 0.0922822 -0.333995 -0.42190503
v -0.154212 -0.34039397 -0.40828203
v 0.0922822 -0.333995 -0.42190503
v 0.0897695 -0.33400599 -0.46737401
v 0.0900051 -0.29457499 -0.44459201
v 0.0877281 -0.25515498 -0.467279
v 0.0902408 -0.25514398 -0.42181001
v -0.154212 -0.34039397 -0.40828203
v 0.0922822 -0.333995 -0.42190503
v 0.0925179 -0.29456497 -0.39912201
v -0.158766 -0.26155398 -0.45365701
v -0.15900201 -0.30098397 -0.47644003
v -0.156489 -0.30097399 -0.43097003
v -0.15397599 -0.30096398 -0.38550003
v -0.154212 -0.34039397 -0.40828203
v 0.0874924 -0.29458497 -0.49006201
v -0.156725 -0.34040398 -0.45375203
v -0.156253 -0.26154299 -0.40818701
v 0.10802 -0.36439897 -0.27699901
v 0.0337087 -0.36439897 -0.281507
v 0.0337087 -0.37550099 -0.281507
v 0.10802 -0.37550099 -0.27699901
v 0.0778123 -0.36439897 -0.30956401
v 0.0577808 -0.36439897 -0.30548702
v 0.0337087 -0.36439897 -0.281507
v 0.10802 -0.36439897 -0.27699901
v 0.111469 -0.36439897 -0.33386003
v 0.0842965 -0.36439897 -0.32894902
v 0.0707515 -0.36439897 -0.34425701
v 0.124236 -0.36439896 -0.54432602
v -0.20631699 -0.36439896 -0.56437601
v 0.0507211 -0.36439897 -0.34018101
v 0.0442358 -0.36439897 -0.32079603
v -0.288912 -0.36439897 -0.30107601
v -0.242028 -0.36439896 -0.53020699
v -0.22199801 -0.36439896 -0.534283
v -0.27269799 -0.36439896 -0.56840302
v -0.208453 -0.36439896 -0.51897402
v -0.27650899 -0.36439896 -0.50556703
v -0.248514 -0.36439896 -0.51082201
v -0.234969 -0.36439896 -0.49551301
v -0.214938 -0.36439896 -0.49958901
v 0.111469 -0.36439897 -0.33386003
v 0.10802 -0.36439897 -0.27699901
v 0.10802 -0.37550099 -0.27699901
v 0.111469 -0.37550099 -0.33386003
v -0.27650899 -0.36439896 -0.50556703
v -0.27269799 -0.36439896 -0.56840302
v -0.27269799 -0.37550098 -0.56840302
v -0.27650899 -0.37550098 -0.50556703
v -0.20631699 -0.36439896 -0.56437601
v 0.124236 -0.36439896 -0.54432602
v 0.124236 -0.37550098 -0.54432602
v -0.20631699 -0.37550098 -0.56437601
v -0.288912 -0.36439897 -0.30107601
v -0.288912 -0.37550099 -0.30107601
v -0.288912 -0.36439897 -0.30107601
v -0.288912 -0.37550099 -0.30107601
v 0.124236 -0.36439896 -0.54432602
v 0.124236 -0.37550098 -0.54432602
v -0.27269799 -0.36439896 -0.56840302
v -0.27269799 -0.37550098 -0.56840302
v 0.0337087 -0.37550099 -0.281507
v 0.0577808 -0.37550099 -0.30548702
v 0.0778123 -0.37550099 -0.30956401
v 0.10802 -0.37550099 -0.27699901
v 0.111469 -0.37550099 -0.33386003
v 0.0842965 -0.37550099 -0.32894902
v 0.0707515 -0.37550099 -0.34425701
v 0.124236 -0.37550098 -0.54432602
v -0.20631699 -0.37550098 -0.56437601
v 0.0507211 -0.37550099 -0.34018101
v -0.288912 -0.37550099 -0.30107601
v 0.0442358 -0.37550099 -0.32079603
v -0.22199801 -0.37550098 -0.534283
v -0.242028 -0.37550098 -0.53020699
v -0.27269799 -0.37550098 -0.56840302
v -0.208453 -0.37550098 -0.51897402
v -0.27650899 -0.37550098 -0.50556703
v -0.248514 -0.37550098 -0.51082201
v -0.234969 -0.37550099 -0.49551301
v -0.214938 -0.37550099 -0.49958901
v 0.0707515 -0.36439897 -0.34425701
v 0.0507211 -0.36439897 -0.34018101
v 0.0507211 -0.37550099 -0.34018101
v 0.0707515 -0.37550099 -0.34425701
v 0.0442358 -0.36439897 -0.32079603
v 0.0442358 -0.37550099 -0.32079603
v 0.0577808 -0.36439897 -0.30548702
v 0.0577808 -0.37550099 -0.30548702
v 0.0778123 -0.36439897 -0.30956401
v 0.0778123 -0.37550099 -0.30956401
v 0.0842965 -0.36439897 -0.32894902
v 0.0842965 -0.37550099 -0.32894902
v 0.0707515 -0.36439897 -0.34425701
v 0.0707515 -0.37550099 -0.34425701
v -0.208453 -0.36439896 -0.51897402
v -0.22199801 -0.36439896 -0.534283
v -0.22199801 -0.37550098 -0.534283
v -0.208453 -0.37550098 -0.51897402
v -0.242028 -0.36439896 -0.53020699
v -0.242028 -0.37550098 -0.53020699
v -0.242028 -0.36439896 -0.53020699
v -0.248514 -0.36439896 -0.51082201
v -0.248514 -0.37550098 -0.51082201
v -0.242028 -0.37550098 -0.53020699
v -0.234969 -0.36439896 -0.49551301
v -0.234969 -0.37550099 -0.49551301
v -0.214938 -0.36439896 -0.49958901
v -0.214938 -0.37550099 -0.49958901
v 0.49021101 -0.00884021 -0.022161
v 0.491391 0.38711301 -0.02040268
v 0.50284398 0.38710901 -0.02462738
v 0.50231802 -0.00884516 -0.0266252
v 0.471773 -0.00883469 0.0100931
v 0.47394699 0.38711899 0.01011392
v 0.476015 0.387119 -0.00191733
v 0.473959 -0.00883469 -0.00262313
v 0.51553297 -0.00885621 0.0464931
v 0.51534897 0.38709801 0.04455312
v 0.49165201 0.38710901 0.04047932
v 0.49048901 -0.00884516 0.0421878
v 0.54953599 -0.34828201 -0.02459152
v 0.54967397 -0.0289509 -0.0245678
v 0.562316 -0.0289595 0.00970331
v 0.562177 -0.34829 0.00967954
v 0.54424602 0.387088 0.00981217
v 0.54607701 -0.00886668 0.00977413
v 0.53728098 -0.00886097 -0.0140693
v 0.53592598 0.38709301 -0.01274698
v 0.54217798 0.387088 0.02184312
v 0.54389101 -0.00886668 0.0224904
v 0.46815699 -0.0289214 0.0444324
v 0.48056799 -0.00884021 0.0339363
v 0.471773 -0.00883469 0.0100931
v 0.45551601 -0.0289134 0.0101613
v 0.48056799 -0.00884021 0.0339363
v 0.48226601 0.387113 0.03267272
v 0.52763802 -0.00886097 0.042028
v 0.52680099 0.38709301 0.04032842
v 0.51534897 0.38709801 0.04455312
v 0.51553297 -0.00885621 0.0464931
v 0.50284398 0.38710901 -0.02462738
v 0.52654099 0.38709802 -0.02055358
v 0.52736199 -0.00885621 -0.0223199
v 0.50231802 -0.00884516 -0.0266252
v 0.473959 -0.00883469 -0.00262313
v 0.49021101 -0.00884021 -0.022161
v 0.48201799 -0.0289214 -0.0361985
v 0.45865801 -0.0289134 -0.00811606
v 0.51553297 -0.00885621 0.0464931
v 0.49048901 -0.00884516 0.0421878
v 0.482416 -0.0289283 0.0562919
v 0.51841402 -0.0289443 0.0624803
v 0.499419 -0.0289283 -0.042616
v 0.50231802 -0.00884516 -0.0266252
v 0.52736199 -0.00885621 -0.0223199
v 0.53541702 -0.0289443 -0.0364279
v 0.55917299 -0.0289595 0.0279807
v 0.54389101 -0.00886668 0.0224904
v 0.52763802 -0.00886097 0.042028
v 0.53581399 -0.0289509 0.0560628
v 0.54967397 -0.0289509 -0.0245678
v 0.53728098 -0.00886097 -0.0140693
v 0.54607701 -0.00886668 0.00977413
v 0.562316 -0.0289595 0.00970331
v 0.51827598 -0.34827501 0.06245648
v 0.51841402 -0.0289443 0.0624803
v 0.482416 -0.0289283 0.0562919
v 0.482279 -0.348259 0.05626848
v 0.45852 -0.34824401 -0.00813984
v 0.45865801 -0.0289134 -0.00811606
v 0.48201799 -0.0289214 -0.0361985
v 0.48188001 -0.348252 -0.03622222
v 0.46801901 -0.348252 0.04440859
v 0.46815699 -0.0289214 0.0444324
v 0.45551601 -0.0289134 0.0101613
v 0.455378 -0.34824401 0.01013749
v 0.52721602 -0.34814599 -0.02234511
v 0.52736199 -0.00885621 -0.0223199
v 0.53728098 -0.00886097 -0.0140693
v 0.537135 -0.34815001 -0.01409462
v 0.471627 -0.348124 0.01006788
v 0.471773 -0.00883469 0.0100931
v 0.473959 -0.00883469 -0.00262313
v 0.473813 -0.348124 -0.00264839
v 0.559035 -0.34829 0.02795688
v 0.55917299 -0.0289595 0.0279807
v 0.53581399 -0.0289509 0.0560628
v 0.53567499 -0.34828201 0.05603899
v 0.49928099 -0.348259 -0.04263971
v 0.499419 -0.0289283 -0.042616
v 0.53541702 -0.0289443 -0.0364279
v 0.53527898 -0.348275 -0.03645172
v 0.49445301 -0.34825501 -0.06934951
v 0.49928099 -0.348259 -0.04263971
v 0.53527898 -0.348275 -0.03645172
v 0.54874903 -0.348279 -0.06001572
v 0.52749097 -0.34815002 0.04200269
v 0.52763802 -0.00886097 0.042028
v 0.51553297 -0.00885621 0.0464931
v 0.51538599 -0.34814599 0.04646778
v 0.490064 -0.34812999 -0.02218621
v 0.49021101 -0.00884021 -0.022161
v 0.50231802 -0.00884516 -0.0266252
v 0.50217098 -0.34813499 -0.02665051
v 0.54593003 -0.34815601 0.00974887
v 0.54607701 -0.00886668 0.00977413
v 0.54389101 -0.00886668 0.0224904
v 0.54374403 -0.34815601 0.02246518
v 0.49034199 -0.348135 0.04216249
v 0.49048901 -0.00884516 0.0421878
v 0.48056799 -0.00884021 0.0339363
v 0.48042101 -0.34812999 0.03391109
v 0.58458102 -0.34830201 0.03713018
v 0.559035 -0.34829 0.02795688
v 0.53567499 -0.34828201 0.05603899
v 0.549348 -0.34829 0.07948729
v 0.46820799 -0.34824401 -0.05966992
v 0.48188001 -0.348252 -0.03622222
v 0.49928099 -0.348259 -0.04263971
v 0.49445301 -0.34825501 -0.06934951
v 0.52310401 -0.348279 0.08916728
v 0.51827598 -0.34827501 0.06245648
v 0.482279 -0.348259 0.05626848
v 0.468808 -0.34825501 0.07983339
v 0.58932 -0.34830201 0.00956259
v 0.562177 -0.34829 0.00967954
v 0.42823499 -0.348232 0.01025388
v 0.455378 -0.34824401 0.01013749
v 0.45852 -0.34824401 -0.00813984
v 0.43297401 -0.348232 -0.01731372
v 0.46801901 -0.348252 0.04440859
v 0.447301 -0.34824401 0.06194498
v 0.51827598 -0.34827501 0.06245648
v 0.52310401 -0.348279 0.08916728
v 0.54953599 -0.34828201 -0.02459152
v 0.57025403 -0.34828999 -0.04212792
v 0.47394699 0.38711899 0.01011392
v 0.48226601 0.387113 0.03267272
v 0.50909698 0.387104 0.00996304
v 0.57025403 -0.34828999 -0.04212792
v 0.58932 -0.34830201 0.00956259
v 0.58931297 -0.36443701 0.0095614
v 0.57024699 -0.364425 -0.04212912
v 0.52309698 -0.36441401 0.08916608
v 0.52310401 -0.348279 0.08916728
v 0.468808 -0.34825501 0.07983339
v 0.46880099 -0.36438999 0.07983249
v 0.463734 -0.386473 0.04801818
v 0.44977 -0.386464 0.01015868
v 0.508762 -0.386491 0.0099054
v 0.49827 -0.38648098 -0.04814522
v 0.538037 -0.38649899 -0.04130902
v 0.47948599 -0.38648099 0.06112068
v 0.51925403 -0.38649899 0.06795718
v 0.45324099 -0.386464 -0.01003272
v 0.479047 -0.386473 -0.04105572
v 0.49444699 -0.36438998 -0.06935071
v 0.49445301 -0.34825501 -0.06934951
v 0.54874903 -0.348279 -0.06001572
v 0.548742 -0.364414 -0.06001692
v 0.428229 -0.36436799 0.01025268
v 0.42823499 -0.348232 0.01025388
v 0.43297401 -0.348232 -0.01731372
v 0.43296701 -0.36436799 -0.01731492
v 0.46820101 -0.36437899 -0.05967112
v 0.46820799 -0.34824401 -0.05966992
v 0.49445301 -0.34825501 -0.06934951
v 0.49444699 -0.36438998 -0.06935071
v 0.549348 -0.34829 0.07948729
v 0.52310401 -0.348279 0.08916728
v 0.52309698 -0.36441401 0.08916608
v 0.54934001 -0.36442501 0.07948609
v 0.447294 -0.36437899 0.06194378
v 0.447301 -0.34824401 0.06194498
v 0.564282 -0.38651499 0.02984348
v 0.53847599 -0.38650701 0.06086658
v 0.55378801 -0.386507 -0.02820742
v 0.58457398 -0.36443702 0.03712898
v 0.58458102 -0.34830201 0.03713018
v 0.564282 -0.38651499 0.02984348
v 0.58457398 -0.36443702 0.03712898
v 0.54934001 -0.36442501 0.07948609
v 0.53847599 -0.38650701 0.06086658
v 0.45324099 -0.386464 -0.01003272
v 0.43296701 -0.36436799 -0.01731492
v 0.46820101 -0.36437899 -0.05967112
v 0.479047 -0.386473 -0.04105572
v 0.52309698 -0.36441401 0.08916608
v 0.51925403 -0.38649899 0.06795718
v 0.51925403 -0.38649899 0.06795718
v 0.52309698 -0.36441401 0.08916608
v 0.46880099 -0.36438999 0.07983249
v 0.47948599 -0.38648099 0.06112068
v 0.548742 -0.364414 -0.06001692
v 0.538037 -0.38649899 -0.04130902
v 0.49827 -0.38648098 -0.04814522
v 0.49444699 -0.36438998 -0.06935071
v 0.58931297 -0.36443701 0.0095614
v 0.567752 -0.38651499 0.00965246
v 0.55378801 -0.386507 -0.02820742
v 0.57024699 -0.364425 -0.04212912
v 0.49444699 -0.36438998 -0.06935071
v 0.49827 -0.38648098 -0.04814522
v 0.447294 -0.36437899 0.06194378
v 0.463734 -0.386473 0.04801818
v 0.567752 -0.38651499 0.00965246
v 0.428229 -0.36436799 0.01025268
v 0.44977 -0.386464 0.01015868
v 0.471627 -0.348124 0.01006788
v 0.473813 -0.348124 -0.00264839
v 0.49034199 -0.348135 0.04216249
v 0.48042101 -0.34812999 0.03391109
v 0.52749097 -0.34815002 0.04200269
v 0.51538599 -0.34814599 0.04646778
v 0.54593003 -0.34815601 0.00974887
v 0.54374403 -0.34815601 0.02246518
v 0.52721602 -0.34814599 -0.02234511
v 0.537135 -0.34815001 -0.01409462
v 0.50217098 -0.34813499 -0.02665051
v 0.490064 -0.34812999 -0.02218621
v 0.48188001 -0.348252 -0.03622222
v 0.48201799 -0.0289214 -0.0361985
v 0.49021101 -0.00884021 -0.022161
v 0.490064 -0.34812999 -0.02218621
v 0.50231802 -0.00884516 -0.0266252
v 0.499419 -0.0289283 -0.042616
v 0.49928099 -0.348259 -0.04263971
v 0.50217098 -0.34813499 -0.02665051
v 0.473959 -0.00883469 -0.00262313
v 0.45865801 -0.0289134 -0.00811606
v 0.45852 -0.34824401 -0.00813984
v 0.473813 -0.348124 -0.00264839
v 0.455378 -0.34824401 0.01013749
v 0.45551601 -0.0289134 0.0101613
v 0.471773 -0.00883469 0.0100931
v 0.471627 -0.348124 0.01006788
v 0.48056799 -0.00884021 0.0339363
v 0.46815699 -0.0289214 0.0444324
v 0.46801901 -0.348252 0.04440859
v 0.48042101 -0.34812999 0.03391109
v 0.482279 -0.348259 0.05626848
v 0.482416 -0.0289283 0.0562919
v 0.49048901 -0.00884516 0.0421878
v 0.49034199 -0.348135 0.04216249
v 0.51553297 -0.00885621 0.0464931
v 0.51841402 -0.0289443 0.0624803
v 0.51827598 -0.34827501 0.06245648
v 0.51538599 -0.34814599 0.04646778
v 0.53567499 -0.34828201 0.05603899
v 0.53581399 -0.0289509 0.0560628
v 0.52763802 -0.00886097 0.042028
v 0.52749097 -0.34815002 0.04200269
v 0.54389101 -0.00886668 0.0224904
v 0.55917299 -0.0289595 0.0279807
v 0.559035 -0.34829 0.02795688
v 0.54374403 -0.34815601 0.02246518
v 0.562177 -0.34829 0.00967954
v 0.562316 -0.0289595 0.00970331
v 0.54607701 -0.00886668 0.00977413
v 0.54593003 -0.34815601 0.00974887
v 0.53728098 -0.00886097 -0.0140693
v 0.54967397 -0.0289509 -0.0245678
v 0.54953599 -0.34828201 -0.02459152
v 0.537135 -0.34815001 -0.01409462
v 0.53527898 -0.348275 -0.03645172
v 0.53541702 -0.0289443 -0.0364279
v 0.52736199 -0.00885621 -0.0223199
v 0.52721602 -0.34814599 -0.02234511
v 0.53592598 0.38709301 -0.01274698
v 0.52654099 0.38709802 -0.02055358
v 0.51534897 0.38709801 0.04455312
v 0.49165201 0.38710901 0.04047932
v 0.50284398 0.38710901 -0.02462738
v 0.52680099 0.38709301 0.04032842
v 0.54217798 0.387088 0.02184312
v 0.54424602 0.387088 0.00981217
v 0.476015 0.387119 -0.00191733
v 0.491391 0.38711301 -0.02040268
v -0.32048699 -0.386651 -0.10355002
v -0.33076599 -0.38665101 -0.09784802
v -0.33296499 -0.386651 -0.11809401
v -0.32221401 -0.386651 -0.11880402
v -0.325266 -0.386651 -0.13682802
v -0.31609499 -0.386651 -0.13241102
v -0.303413 -0.386651 -0.14382401
v -0.30807 -0.386651 -0.15221602
v -0.28626701 -0.386651 -0.15884702
v -0.28737199 -0.386651 -0.14872702
v -0.26594299 -0.386651 -0.15528202
v -0.27223399 -0.386651 -0.14653702
v -0.249928 -0.386651 -0.14270202
v -0.26020601 -0.386651 -0.13700001
v -0.30807 -0.19890799 -0.15221601
v -0.30807 -0.386651 -0.15221602
v -0.325266 -0.386651 -0.13682802
v -0.325266 -0.198908 -0.13682801
v -0.303413 -0.19890799 -0.143824
v -0.303413 -0.386651 -0.14382401
v -0.28737199 -0.386651 -0.14872702
v -0.28737199 -0.19890799 -0.14872701
v -0.27223399 -0.386651 -0.14653702
v -0.27223399 -0.19890799 -0.14653701
v -0.32048699 -0.198908 -0.10355001
v -0.32048699 -0.386651 -0.10355002
v -0.32221401 -0.386651 -0.11880402
v -0.32221401 -0.198908 -0.11880401
v -0.26020601 -0.386651 -0.13700001
v -0.26020601 -0.198908 -0.137
v -0.31609499 -0.386651 -0.13241102
v -0.31609499 -0.198908 -0.13241101
v -0.28626701 -0.19890799 -0.15884701
v -0.28626701 -0.386651 -0.15884702
v -0.26594299 -0.19890799 -0.15528201
v -0.26594299 -0.386651 -0.15528202
v -0.33296499 -0.198908 -0.11809401
v -0.33296499 -0.386651 -0.11809401
v -0.33076599 -0.38665101 -0.09784802
v -0.33076599 -0.198908 -0.09784801
v -0.249928 -0.19890799 -0.14270201
v -0.249928 -0.386651 -0.14270202
v -0.26594299 -0.19890799 -0.15528201
v -0.28626701 -0.19890799 -0.15884701
v -0.28737199 -0.19890799 -0.14872701
v -0.27223399 -0.19890799 -0.14653701
v -0.30807 -0.19890799 -0.15221601
v -0.303413 -0.19890799 -0.143824
v -0.325266 -0.198908 -0.13682801
v -0.31609499 -0.198908 -0.13241101
v -0.33296499 -0.198908 -0.11809401
v -0.32221401 -0.198908 -0.11880401
v -0.33076599 -0.198908 -0.09784801
v -0.32048699 -0.198908 -0.10355001
v -0.33076599 -0.38665101 -0.09784802
v -0.32048699 -0.386651 -0.10355002
v -0.32048699 -0.198908 -0.10355001
v -0.33076599 -0.198908 -0.09784801
v -0.26020601 -0.198908 -0.137
v -0.26020601 -0.386651 -0.13700001
v -0.249928 -0.386651 -0.14270202
v -0.249928 -0.19890799 -0.14270201
v -0.249928 -0.19890799 -0.14270201
v -0.26020601 -0.198908 -0.137
v -0.58542103 -0.34607601 0.07340679
v -0.35280401 -0.34607598 -0.625717
v -0.37503499 -0.30552298 -0.63311501
v -0.60765302 -0.30552301 0.06601009
v -0.419476 -0.30553696 -0.64790101
v -0.65209198 -0.30553699 0.05122399
v -0.37501201 -0.38664398 -0.63310702
v -0.607629 -0.38664401 0.06601678
v -0.44168401 -0.34610498 -0.65529002
v -0.67430103 -0.34610501 0.04383399
v -0.41945201 -0.38665798 -0.64789303
v -0.65206802 -0.38665802 0.05123198
v -0.65209198 -0.30553699 0.05122399
v -0.67430103 -0.34610501 0.04383399
v -0.62985998 -0.346091 0.05862078
v -0.41945201 -0.38665798 -0.64789303
v -0.65206802 -0.38665802 0.05123198
v -0.41945201 -0.38665798 -0.64789303
v -0.39724299 -0.34609097 -0.640503
v -0.37501201 -0.38664398 -0.63310702
v -0.65206802 -0.38665802 0.05123198
v -0.607629 -0.38664401 0.06601678
v -0.35280401 -0.34607598 -0.625717
v -0.37503499 -0.30552298 -0.63311501
v -0.60765302 -0.30552301 0.06601009
v -0.58542103 -0.34607601 0.07340679
v -0.44168401 -0.34610498 -0.65529002
v -0.419476 -0.30553696 -0.64790101
v -0.121807 -0.36067502 0.33407999
v -0.132713 -0.36067502 0.29829799
v -0.132713 -0.37389903 0.29829798
v -0.121807 -0.37389903 0.33407999
v -0.094471 -0.36067502 0.359614
v -0.094471 -0.37389903 0.359614
v -0.0265115 -0.36067502 0.23206098
v 0.00082435 -0.36067502 0.25759499
v 0.00082435 -0.37389902 0.25759499
v -0.0265115 -0.37389902 0.23206098
v 0.0117311 -0.36067502 0.293377
v 0.0117311 -0.37389903 0.293377
v 0.0032847 -0.36067502 0.32981799
v 0.0032847 -0.37389903 0.32981799
v -0.0580318 -0.36067502 0.36805998
v -0.0580318 -0.37389903 0.36805998
v -0.0524641 -0.36067502 0.28076999
v -0.0629525 -0.36067502 0.22361499
v -0.0987335 -0.36067502 0.23452099
v -0.0695265 -0.36067502 0.281352
v -0.0987335 -0.37389902 0.23452099
v -0.124268 -0.37389902 0.26185699
v -0.124268 -0.36067502 0.26185699
v -0.0987335 -0.36067502 0.23452099
v -0.022249 -0.36067502 0.357154
v -0.0580318 -0.36067502 0.36805998
v -0.0580318 -0.37389903 0.36805998
v -0.022249 -0.37389903 0.357154
v -0.0629525 -0.36067502 0.22361499
v -0.0629525 -0.37389902 0.22361499
v -0.124268 -0.36067502 0.26185699
v -0.132713 -0.36067502 0.29829799
v -0.0775539 -0.36067502 0.29641898
v 0.0117311 -0.36067502 0.293377
v 0.00082435 -0.36067502 0.25759499
v -0.0434298 -0.36067502 0.29525597
v -0.0265115 -0.36067502 0.23206098
v -0.0514572 -0.36067502 0.31032298
v 0.0032847 -0.36067502 0.32981799
v -0.121807 -0.36067502 0.33407999
v -0.0629525 -0.36067502 0.22361499
v -0.0629525 -0.37389902 0.22361499
v -0.0514572 -0.37389903 0.31032298
v -0.0685195 -0.37389903 0.31090499
v -0.0685195 -0.36067502 0.31090499
v -0.0514572 -0.36067502 0.31032298
v -0.0685195 -0.37389903 0.31090499
v -0.0775539 -0.37389903 0.29641898
v -0.0775539 -0.36067502 0.29641898
v -0.0685195 -0.36067502 0.31090499
v -0.0695265 -0.37389903 0.281352
v -0.0695265 -0.36067502 0.281352
v -0.0524641 -0.37389903 0.28076999
v -0.0524641 -0.36067502 0.28076999
v -0.022249 -0.36067502 0.357154
v -0.094471 -0.36067502 0.359614
v -0.0685195 -0.36067502 0.31090499
v -0.0524641 -0.37389903 0.28076999
v -0.0434298 -0.37389903 0.29525597
v -0.0434298 -0.36067502 0.29525597
v -0.0524641 -0.36067502 0.28076999
v -0.0580318 -0.36067502 0.36805998
v -0.0351066 -0.36082803 0.39151399
v -0.0311703 -0.36082803 0.39198999
v -0.0281684 -0.36082803 0.38940699
v -0.0281684 -0.36082803 0.38940699
v -0.0311703 -0.36082803 0.39198999
v -0.0311703 -0.37374602 0.39198999
v -0.0281684 -0.37374602 0.38940699
v -0.0280249 -0.36082803 0.35437499
v -0.0280249 -0.37374602 0.35437499
v -0.0547924 -0.37374602 0.36253299
v -0.0351066 -0.37374602 0.39151399
v -0.0351066 -0.36082803 0.39151399
v -0.0547924 -0.36082803 0.36253299
v -0.0280249 -0.36082803 0.35437499
v -0.0547924 -0.36082803 0.36253299
v -0.156615 -0.36082803 0.32516698
v -0.156139 -0.36082803 0.32123099
v -0.156139 -0.37374602 0.32123099
v -0.156615 -0.37374602 0.32516698
v -0.156139 -0.36082803 0.32123099
v -0.156615 -0.36082803 0.32516698
v -0.15403201 -0.36082803 0.32816999
v -0.15403201 -0.36082803 0.32816999
v -0.15403201 -0.37374602 0.32816999
v -0.119001 -0.36082803 0.32831199
v -0.119001 -0.37374602 0.32831199
v -0.127158 -0.37374602 0.30154498
v -0.127158 -0.36082803 0.30154498
v -0.119001 -0.36082803 0.32831199
v -0.127158 -0.36082803 0.30154498
v -0.0897925 -0.36082802 0.19972299
v -0.0858562 -0.36082802 0.20019999
v -0.0858562 -0.37374602 0.20019999
v -0.0897925 -0.37374602 0.19972299
v -0.0858562 -0.36082802 0.20019999
v -0.0897925 -0.36082802 0.19972299
v -0.0927951 -0.36082802 0.20230599
v -0.0927951 -0.36082802 0.20230599
v -0.0927951 -0.37374602 0.20230599
v -0.0929385 -0.36082802 0.23733698
v -0.0929385 -0.37374602 0.23733698
v -0.0661716 -0.37374602 0.22917898
v -0.0661716 -0.36082802 0.22917898
v -0.0929385 -0.36082802 0.23733698
v -0.0661716 -0.36082802 0.22917898
v 0.0356513 -0.36082802 0.26654498
v 0.0351752 -0.36082802 0.27048097
v 0.0351752 -0.37374602 0.27048097
v 0.0356513 -0.37374602 0.26654498
v 0.0351752 -0.36082802 0.27048097
v 0.0356513 -0.36082802 0.26654498
v 0.0330678 -0.36082802 0.26354198
v 0.0330678 -0.36082802 0.26354198
v 0.0330678 -0.37374602 0.26354198
v -0.00196273 -0.36082802 0.26339997
v -0.00196273 -0.37374602 0.26339997
v 0.00619439 -0.37374602 0.29016699
v 0.00619439 -0.36082802 0.29016699
v -0.00196273 -0.36082802 0.26339997
v 0.00619439 -0.36082802 0.29016699
v -0.0826597 -0.36082803 0.39388199
v -0.0858419 -0.36082803 0.391517
v -0.0858419 -0.37374602 0.391517
v -0.0826597 -0.37374602 0.39388199
v -0.0858419 -0.36082803 0.391517
v -0.0826597 -0.36082803 0.39388199
v -0.0787721 -0.36082803 0.393126
v -0.0787721 -0.36082803 0.393126
v -0.0787721 -0.37374602 0.39312599
v -0.061289 -0.36082803 0.36276798
v -0.061289 -0.37374602 0.36276798
v -0.0885808 -0.37374602 0.35658999
v -0.0885808 -0.36082803 0.35658999
v -0.061289 -0.36082803 0.36276798
v -0.0885808 -0.36082803 0.35658999
v -0.158507 -0.36082802 0.27367799
v -0.15614299 -0.36082802 0.27049498
v -0.15614299 -0.37374602 0.27049498
v -0.158507 -0.37374602 0.27367897
v -0.15614299 -0.36082802 0.27049498
v -0.158507 -0.36082802 0.27367799
v -0.15775099 -0.36082802 0.27756597
v -0.15775099 -0.36082802 0.27756597
v -0.15775099 -0.37374602 0.27756597
v -0.12739401 -0.36082803 0.29504998
v -0.12739401 -0.37374602 0.29504998
v -0.121215 -0.37374602 0.26775698
v -0.121215 -0.36082802 0.26775698
v -0.12739401 -0.36082803 0.29504998
v -0.121215 -0.36082802 0.26775698
v -0.0383038 -0.36082802 0.19783199
v -0.0351215 -0.36082802 0.20019598
v -0.0351215 -0.37374602 0.20019598
v -0.0383038 -0.37374602 0.19783199
v -0.0351215 -0.36082802 0.20019598
v -0.0383038 -0.36082802 0.19783199
v -0.0421913 -0.36082802 0.19858698
v -0.0421913 -0.36082802 0.19858698
v -0.0421913 -0.37374602 0.19858698
v -0.059675 -0.36082802 0.22894399
v -0.059675 -0.37374602 0.22894399
v -0.0323826 -0.37374602 0.23512298
v -0.0323826 -0.36082802 0.23512298
v -0.059675 -0.36082802 0.22894399
v -0.0323826 -0.36082802 0.23512298
v 0.0375433 -0.36082803 0.31803398
v 0.0351788 -0.36082803 0.32121698
v 0.0351788 -0.37374602 0.32121698
v 0.0375433 -0.37374602 0.31803398
v 0.0351788 -0.36082803 0.32121698
v 0.0375433 -0.36082803 0.31803398
v 0.0367875 -0.36082803 0.31414698
v 0.0367875 -0.36082803 0.31414698
v 0.0367875 -0.37374602 0.31414698
v 0.00643007 -0.36082803 0.29666398
v 0.00643007 -0.37374602 0.29666398
v 0.00025122 -0.37374602 0.32395498
v 0.00025122 -0.36082803 0.32395498
v 0.00643007 -0.36082803 0.29666398
v 0.00025122 -0.36082803 0.32395498
v -0.128658 -0.36082803 0.36969899
v -0.130235 -0.36082803 0.36605997
v -0.130235 -0.37374602 0.36605997
v -0.128658 -0.37374602 0.36969898
v -0.130235 -0.36082803 0.36605997
v -0.128658 -0.36082803 0.36969899
v -0.124913 -0.36082803 0.37098499
v -0.124913 -0.36082803 0.37098499
v -0.124913 -0.37374602 0.37098498
v -0.0946037 -0.36082803 0.35341997
v -0.0946037 -0.37374602 0.35341997
v -0.115161 -0.37374602 0.33443497
v -0.115161 -0.36082803 0.33443497
v -0.0946037 -0.36082803 0.35341997
v -0.115161 -0.36082803 0.33443497
v -0.134324 -0.36082802 0.22767898
v -0.130686 -0.36082802 0.22610298
v -0.130686 -0.37374602 0.22610298
v -0.134324 -0.37374602 0.22767898
v -0.130686 -0.36082802 0.22610298
v -0.134324 -0.36082802 0.22767898
v -0.135611 -0.36082802 0.23142598
v -0.135611 -0.36082802 0.23142598
v -0.135611 -0.37374602 0.23142598
v -0.118045 -0.36082802 0.26173498
v -0.118045 -0.37374602 0.26173498
v -0.0990602 -0.37374602 0.24117799
v -0.0990602 -0.36082802 0.24117698
v -0.118045 -0.36082802 0.26173498
v -0.0990602 -0.36082802 0.24117698
v 0.00769476 -0.36082802 0.22201498
v 0.00927131 -0.36082802 0.22565198
v 0.00927131 -0.37374602 0.22565198
v 0.00769476 -0.37374602 0.22201498
v 0.00927131 -0.36082802 0.22565198
v 0.00769476 -0.36082802 0.22201498
v 0.00394948 -0.36082802 0.22072698
v 0.00394948 -0.36082802 0.22072698
v 0.00394948 -0.37374602 0.22072698
v -0.0263597 -0.36082802 0.23829299
v -0.0263597 -0.37374602 0.23829299
v -0.00580264 -0.37374602 0.257277
v -0.00580264 -0.36082802 0.257277
v -0.0263597 -0.36082802 0.23829299
v -0.00580264 -0.36082802 0.257277
v 0.0133606 -0.36082803 0.36403398
v 0.00972303 -0.36082803 0.36560999
v 0.00972303 -0.37374602 0.36560999
v 0.0133606 -0.37374602 0.36403398
v 0.00972303 -0.36082803 0.36560999
v 0.0133606 -0.36082803 0.36403398
v 0.0146473 -0.36082803 0.36028798
v 0.0146473 -0.36082803 0.36028798
v 0.0146473 -0.37374602 0.36028798
v -0.00291854 -0.36082803 0.32997797
v -0.00291854 -0.37374602 0.32997797
v -0.0219032 -0.37374602 0.35053499
v -0.0219032 -0.36082803 0.35053499
v -0.00291854 -0.36082803 0.32997797
v -0.0219032 -0.36082803 0.35053499
v 0.0532183 -0.37361199 0.08367068
v 0.0459635 -0.38673202 0.08042019
v 0.0773308 -0.38673202 0.08532128
v 0.0694296 -0.37361199 0.08620328
v 0.0525833 -0.345491 0.08773088
v 0.0447357 -0.33232099 0.08827718
v 0.0296659 -0.359527 0.08189818
v 0.0447946 -0.359552 0.08443418
v 0.0329071 -0.35645801 0.06115178
v 0.0296659 -0.359527 0.08189818
v 0.0447357 -0.33232099 0.08827718
v 0.0479775 -0.32925299 0.06753139
v 0.0532183 -0.37361199 0.08367068
v 0.0694296 -0.37361199 0.08620328
v 0.0553877 -0.38667602 0.17551999
v 0.039346 -0.38667602 0.17301298
v 0.0761024 -0.33232099 0.09317779
v 0.0924006 -0.359527 0.09169979
v 0.0956412 -0.35645801 0.07095408
v 0.0793442 -0.32925299 0.07243249
v 0.0630955 -0.372762 0.17878198
v 0.0553877 -0.38667602 0.17551999
v 0.0694296 -0.37361199 0.08620328
v 0.0772189 -0.359552 0.08949979
v 0.080572 -0.38366401 0.06457558
v 0.0773308 -0.38673202 0.08532128
v 0.0687952 -0.345491 0.09026369
v 0.0547604 -0.35884801 0.17953798
v 0.0492041 -0.38366401 0.05967448
v 0.0459635 -0.38673202 0.08042019
v 0.0773308 -0.38673202 0.08532128
v 0.0924006 -0.359527 0.09169979
v 0.0772189 -0.359552 0.08949979
v 0.0694296 -0.37361199 0.08620328
v 0.0479775 -0.32925299 0.06753139
v 0.0447357 -0.33232099 0.08827718
v 0.0525833 -0.345491 0.08773088
v 0.0687952 -0.345491 0.09026369
v 0.0761024 -0.33232099 0.09317779
v 0.0447357 -0.33232099 0.08827718
v 0.0525833 -0.345491 0.08773088
v 0.0387181 -0.35884801 0.17703098
v 0.0447946 -0.359552 0.08443418
v 0.0310109 -0.372762 0.17376898
v 0.0329071 -0.35645801 0.06115178
v 0.0956412 -0.35645801 0.07095408
v 0.080572 -0.38366401 0.06457558
v 0.0492041 -0.38366401 0.05967448
v 0.0479775 -0.32925299 0.06753139
v 0.0793442 -0.32925299 0.07243249
v 0.080572 -0.38366401 0.06457558
v 0.0773308 -0.38673202 0.08532128
v 0.0553877 -0.38667602 0.17551999
v 0.0630955 -0.372762 0.17878198
v 0.0310109 -0.372762 0.17376898
v 0.039346 -0.38667602 0.17301298
v 0.0547604 -0.35884801 0.17953798
v 0.0387181 -0.35884801 0.17703098
v -0.211835 -0.36528502 0.33250998
v -0.221397 -0.36546101 0.344505
v -0.19000299 -0.36531402 0.34923299
v -0.195611 -0.36520903 0.33495299
v -0.20760299 -0.365353 0.30440698
v -0.21320701 -0.36559202 0.29012899
v -0.232998 -0.3656 0.31495298
v -0.217832 -0.36535703 0.31723697
v -0.23290899 -0.38682102 0.31501798
v -0.232998 -0.3656 0.31495298
v -0.21320701 -0.36559202 0.29012899
v -0.213118 -0.38681303 0.29019399
v -0.211835 -0.36528502 0.33250998
v -0.195611 -0.36520903 0.33495299
v -0.19605801 -0.27385901 0.33451499
v -0.212115 -0.273935 0.33209698
v -0.181814 -0.365445 0.29485698
v -0.170212 -0.365306 0.32440899
v -0.170122 -0.386526 0.32447399
v -0.181725 -0.38666601 0.29492198
v -0.185937 -0.27385603 0.321819
v -0.19605801 -0.27385901 0.33451499
v -0.195611 -0.36520903 0.33495299
v -0.185381 -0.365205 0.32212399
v -0.189914 -0.38653402 0.34929798
v -0.19000299 -0.36531402 0.34923299
v -0.191377 -0.36527701 0.30684997
v -0.19187 -0.273926 0.30670499
v -0.22130699 -0.38668202 0.34456999
v -0.221397 -0.36546101 0.344505
v -0.19000299 -0.36531402 0.34923299
v -0.170212 -0.365306 0.32440899
v -0.185381 -0.365205 0.32212399
v -0.195611 -0.36520903 0.33495299
v -0.213118 -0.38681303 0.29019399
v -0.21320701 -0.36559202 0.29012899
v -0.20760299 -0.365353 0.30440698
v -0.191377 -0.36527701 0.30684997
v -0.181814 -0.365445 0.29485698
v -0.21320701 -0.36559202 0.29012899
v -0.20760299 -0.365353 0.30440698
v -0.20792601 -0.274002 0.30428697
v -0.217832 -0.36535703 0.31723697
v -0.21804801 -0.27400602 0.31698399
v -0.23290899 -0.38682102 0.31501798
v -0.170122 -0.386526 0.32447399
v -0.189914 -0.38653402 0.34929798
v -0.22130699 -0.38668202 0.34456999
v -0.213118 -0.38681303 0.29019399
v -0.181725 -0.38666601 0.29492198
v -0.189914 -0.38653402 0.34929798
v -0.19000299 -0.36531402 0.34923299
v -0.19605801 -0.27385901 0.33451499
v -0.185937 -0.27385603 0.321819
v -0.21804801 -0.27400602 0.31698399
v -0.212115 -0.273935 0.33209698
v -0.19187 -0.273926 0.30670499
v -0.20792601 -0.274002 0.30428697
v 0.00912133 -0.36434798 -0.31647901
v 0.00895767 -0.34526698 -0.305344
v -0.24112999 -0.32659198 -0.34079702
v -0.240963 -0.34587498 -0.35205002
v -0.23498601 -0.30730899 -0.37375001
v -0.238141 -0.30730899 -0.351647
v 0.011915 -0.32618497 -0.316081
v 0.0150359 -0.32618497 -0.337952
v -0.27283701 -0.324445 -0.324239
v -0.24430899 -0.326575 -0.320168
v -0.238527 -0.28926598 -0.34116103
v -0.267055 -0.28713499 -0.34523202
v -0.23242401 -0.28926597 -0.38392602
v -0.23210301 -0.32657499 -0.40569802
v -0.26063201 -0.32444499 -0.40976901
v -0.26095301 -0.28713499 -0.38799701
v -0.23242401 -0.28926597 -0.38392602
v -0.26095301 -0.28713499 -0.38799701
v -0.237885 -0.36388399 -0.38470502
v -0.24398901 -0.36388399 -0.34194
v -0.272517 -0.36175297 -0.34601103
v -0.26641399 -0.36175297 -0.388777
v -0.238141 -0.30730899 -0.351647
v -0.238527 -0.28926598 -0.34116103
v -0.24430899 -0.326575 -0.320168
v -0.24112999 -0.32659198 -0.34079702
v 0.0152002 -0.34526698 -0.34908803
v -0.23482101 -0.32659198 -0.38500301
v -0.24398901 -0.36388399 -0.34194
v -0.240963 -0.34587498 -0.35205002
v -0.240963 -0.34587498 -0.35205002
v -0.24398901 -0.36388399 -0.34194
v -0.237885 -0.36388399 -0.38470502
v -0.237809 -0.34587498 -0.374153
v -0.23482101 -0.32659198 -0.38500301
v -0.23210301 -0.32657499 -0.40569802
v -0.237809 -0.34587498 -0.374153
v 0.0122429 -0.36434798 -0.33835103
v 0.00912133 -0.36434798 -0.31647901
v -0.240963 -0.34587498 -0.35205002
v -0.23242401 -0.28926597 -0.38392602
v -0.23498601 -0.30730899 -0.37375001
v -0.23498601 -0.30730899 -0.37375001
v -0.23242401 -0.28926597 -0.38392602
v -0.272517 -0.36175297 -0.34601103
v -0.24398901 -0.36388399 -0.34194
v 0.0122429 -0.36434798 -0.33835103
v 0.0152002 -0.34526698 -0.34908803
v 0.00895767 -0.34526698 -0.305344
v 0.00912133 -0.36434798 -0.31647901
v 0.0150359 -0.32618497 -0.337952
v 0.011915 -0.32618497 -0.316081
v -0.267055 -0.28713499 -0.34523202
v -0.26095301 -0.28713499 -0.38799701
v -0.26063201 -0.32444499 -0.40976901
v -0.27283701 -0.324445 -0.324239
v -0.26641399 -0.36175297 -0.388777
v -0.272517 -0.36175297 -0.34601103
v -0.708808 -0.30761797 -0.40246601
v -0.69366503 -0.34706197 -0.38547303
v -0.50928497 -0.34706197 -0.54975899
v -0.52442598 -0.30761797 -0.56675298
v -0.73910201 -0.30760799 -0.43646701
v -0.55472201 -0.30760798 -0.60075302
v -0.70881999 -0.38649498 -0.40247901
v -0.52443898 -0.38649497 -0.56676503
v -0.569875 -0.34704197 -0.61776002
v -0.75425601 -0.34704197 -0.45347302
v -0.73911297 -0.38648499 -0.43648
v -0.55473399 -0.38648498 -0.60076602
v -0.73911297 -0.38648499 -0.43648
v -0.70881999 -0.38649498 -0.40247901
v -0.723961 -0.34705199 -0.41947301
v -0.708808 -0.30761797 -0.40246601
v -0.73910201 -0.30760799 -0.43646701
v -0.55473399 -0.38648498 -0.60076602
v -0.73911297 -0.38648499 -0.43648
v -0.75425601 -0.34704197 -0.45347302
v -0.52442598 -0.30761797 -0.56675298
v -0.50928497 -0.34706197 -0.54975899
v -0.53957999 -0.34705198 -0.58375903
v -0.569875 -0.34704197 -0.61776002
v -0.55473399 -0.38648498 -0.60076602
v -0.69366503 -0.34706197 -0.38547303
v -0.52443898 -0.38649497 -0.56676503
v -0.55472201 -0.30760798 -0.60075302
v -0.62404901 -0.28346699 -0.05215081
v -0.68797302 -0.28346699 -0.04997201
v -0.68797302 -0.30600601 -0.04997201
v -0.62404901 -0.30600601 -0.05215081
v -0.68797302 -0.28346699 -0.04997201
v -0.62404901 -0.28346699 -0.05215081
v -0.74442101 -0.28346699 -0.08004701
v -0.77826899 -0.28346699 -0.13431601
v -0.78044802 -0.28346699 -0.19824001
v -0.56977898 -0.28346699 -0.08599891
v -0.62404901 -0.28346699 -0.05215081
v -0.62404901 -0.30600601 -0.05215081
v -0.56977898 -0.30600601 -0.08599891
v -0.75037199 -0.28346698 -0.25468702
v -0.69610298 -0.28346698 -0.28853501
v -0.75037199 -0.28346698 -0.25468702
v -0.69610298 -0.28346698 -0.28853501
v -0.69610298 -0.306006 -0.28853501
v -0.75037199 -0.306006 -0.25468702
v -0.69610298 -0.28346698 -0.28853501
v -0.63217902 -0.28346698 -0.29071401
v -0.63217902 -0.306006 -0.29071401
v -0.69610298 -0.306006 -0.28853501
v -0.57573003 -0.28346698 -0.26064001
v -0.57573003 -0.306006 -0.26064001
v -0.53970498 -0.28346699 -0.14244601
v -0.53970402 -0.30600601 -0.14244601
v -0.77826899 -0.30600601 -0.13431601
v -0.74442101 -0.30600601 -0.08004701
v -0.74442101 -0.28346699 -0.08004701
v -0.77826899 -0.28346699 -0.13431601
v -0.54188299 -0.28346699 -0.20637001
v -0.54188299 -0.30600601 -0.20637001
v -0.78044802 -0.28346699 -0.19824001
v -0.78044802 -0.30600601 -0.19824001
v -0.47308099 -0.283728 -0.17674501
v -0.476318 -0.283728 -0.16782501
v -0.476318 -0.30574598 -0.16782501
v -0.47308099 -0.30574598 -0.17674501
v -0.63217902 -0.28346698 -0.29071401
v -0.57573003 -0.28346698 -0.26064001
v -0.54188299 -0.28346699 -0.20637001
v -0.53970498 -0.28346699 -0.14244601
v -0.63100499 -0.30600601 -0.16910802
v -0.64661199 -0.30600601 -0.14454901
v -0.64661199 -0.28346699 -0.14454901
v -0.63100499 -0.28346699 -0.16910802
v -0.64661199 -0.30600601 -0.14454901
v -0.67568201 -0.30600601 -0.14578602
v -0.67568201 -0.28346699 -0.14578601
v -0.64661199 -0.28346699 -0.14454901
v -0.68914598 -0.30600601 -0.17158002
v -0.68914598 -0.28346699 -0.17158001
v -0.68914598 -0.30600601 -0.17158002
v -0.67354101 -0.30600601 -0.19613601
v -0.67354101 -0.28346699 -0.19613601
v -0.68914598 -0.28346699 -0.17158001
v -0.67354101 -0.30600601 -0.19613601
v -0.64446998 -0.30600601 -0.19490102
v -0.64446998 -0.28346699 -0.19490102
v -0.67354101 -0.28346699 -0.19613601
v -0.63100499 -0.30600601 -0.16910802
v -0.63100499 -0.28346699 -0.16910802
v -0.56977898 -0.28346699 -0.08599891
v -0.476318 -0.283728 -0.16782501
v -0.47308099 -0.283728 -0.17674501
v -0.476899 -0.283728 -0.18542102
v -0.476899 -0.283728 -0.18542102
v -0.476899 -0.30574598 -0.18542102
v -0.55145901 -0.28372799 -0.20493102
v -0.55145901 -0.30574598 -0.20493102
v -0.54935902 -0.30574598 -0.14321801
v -0.54935902 -0.283728 -0.14321801
v -0.55145901 -0.28372799 -0.20493102
v -0.54935902 -0.283728 -0.14321801
v -0.65364599 -0.283728 0.01660809
v -0.66256601 -0.283728 0.01337119
v -0.66256601 -0.30574599 0.01337119
v -0.65364599 -0.30574599 0.01660809
v -0.66256601 -0.283728 0.01337119
v -0.65364599 -0.283728 0.01660809
v -0.64497 -0.283728 0.01279049
v -0.64497 -0.283728 0.01279049
v -0.64497 -0.30574599 0.01279049
v -0.62546098 -0.283728 -0.06176971
v -0.62546098 -0.30574599 -0.06176971
v -0.687172 -0.30574599 -0.05966901
v -0.687172 -0.283728 -0.05966901
v -0.62546098 -0.283728 -0.06176971
v -0.687172 -0.283728 -0.05966901
v -0.847 -0.283728 -0.16395601
v -0.84375697 -0.283728 -0.17274001
v -0.84375697 -0.30574598 -0.17274001
v -0.847 -0.30574598 -0.16395601
v -0.84375697 -0.283728 -0.17274001
v -0.847 -0.283728 -0.16395601
v -0.84318602 -0.283728 -0.15541501
v -0.84318602 -0.283728 -0.15541501
v -0.84318602 -0.30574598 -0.15541501
v -0.76862103 -0.283728 -0.13577102
v -0.76862103 -0.30574598 -0.13577102
v -0.77072197 -0.30574598 -0.19748401
v -0.77072197 -0.28372799 -0.19748401
v -0.76862103 -0.283728 -0.13577102
v -0.77072197 -0.28372799 -0.19748401
v -0.66643399 -0.28372799 -0.35731001
v -0.65759701 -0.28372799 -0.35407002
v -0.65759701 -0.30574597 -0.35407002
v -0.66643399 -0.30574597 -0.35731001
v -0.65759701 -0.28372799 -0.35407002
v -0.66643399 -0.28372799 -0.35731001
v -0.67502701 -0.28372799 -0.353496
v -0.67502701 -0.28372799 -0.353496
v -0.67502701 -0.30574597 -0.353496
v -0.69462001 -0.28372799 -0.27893202
v -0.69462001 -0.30574598 -0.27893202
v -0.63290799 -0.30574598 -0.28103302
v -0.63290799 -0.28372799 -0.28103302
v -0.69462001 -0.28372799 -0.27893202
v -0.63290799 -0.28372799 -0.28103302
v -0.52331901 -0.283728 -0.04267191
v -0.53191501 -0.283728 -0.03865431
v -0.53191501 -0.30574599 -0.03865431
v -0.52331901 -0.30574599 -0.04267191
v -0.53191501 -0.283728 -0.03865431
v -0.52331901 -0.283728 -0.04267191
v -0.51988202 -0.283728 -0.05150681
v -0.51988202 -0.283728 -0.05150681
v -0.51988202 -0.30574599 -0.05150681
v -0.55881101 -0.283728 -0.11802401
v -0.55881101 -0.30574598 -0.11802401
v -0.60096198 -0.30574599 -0.07290152
v -0.60096198 -0.283728 -0.07290151
v -0.55881101 -0.283728 -0.11802401
v -0.60096198 -0.283728 -0.07290151
v -0.787718 -0.283728 -0.03362881
v -0.79173702 -0.283728 -0.04222651
v -0.79173702 -0.30574599 -0.04222651
v -0.787718 -0.30574599 -0.03362881
v -0.79173702 -0.283728 -0.04222651
v -0.787718 -0.283728 -0.03362881
v -0.77888399 -0.283728 -0.03019371
v -0.77888399 -0.283728 -0.03019371
v -0.77888399 -0.30574599 -0.03019371
v -0.71236801 -0.283728 -0.06912201
v -0.71236801 -0.30574599 -0.06912201
v -0.75748998 -0.30574598 -0.11127301
v -0.75748998 -0.283728 -0.11127301
v -0.71236801 -0.283728 -0.06912201
v -0.75748998 -0.283728 -0.11127301
v -0.79676199 -0.28372799 -0.29802902
v -0.78825802 -0.28372799 -0.30194802
v -0.78825802 -0.30574598 -0.30194802
v -0.79676199 -0.30574598 -0.29802902
v -0.78825802 -0.28372799 -0.30194802
v -0.79676199 -0.28372799 -0.29802902
v -0.80010498 -0.28372799 -0.289293
v -0.80010498 -0.28372799 -0.289293
v -0.80010498 -0.30574598 -0.289293
v -0.76126897 -0.28372799 -0.22267601
v -0.76126897 -0.30574598 -0.22267601
v -0.71911901 -0.30574598 -0.26780002
v -0.71911901 -0.28372799 -0.26780002
v -0.76126897 -0.28372799 -0.22267601
v -0.71911901 -0.28372799 -0.26780002
v -0.53236097 -0.28372799 -0.30707203
v -0.52861798 -0.28372799 -0.29873202
v -0.52861798 -0.30574598 -0.29873203
v -0.53236097 -0.30574598 -0.30707203
v -0.52861798 -0.28372799 -0.29873202
v -0.53236097 -0.28372799 -0.30707203
v -0.54092097 -0.28372799 -0.31025101
v -0.54092097 -0.28372799 -0.31025101
v -0.54092097 -0.30574598 -0.31025101
v -0.60771298 -0.28372799 -0.27158002
v -0.60771298 -0.30574598 -0.27158002
v -0.56259102 -0.30574598 -0.22942902
v -0.56259102 -0.28372799 -0.22942902
v -0.60771298 -0.28372799 -0.27158002
v -0.56259102 -0.28372799 -0.22942902
v -0.64446998 -0.28346699 -0.19490102
v -0.63100499 -0.28346699 -0.16910802
v -0.67354101 -0.28346699 -0.19613601
v -0.68914598 -0.28346699 -0.17158001
v -0.67568201 -0.28346699 -0.14578601
v -0.64661199 -0.28346699 -0.14454901
v -0.68383503 -0.27213001 0.05298309
v -0.71576798 -0.30247799 0.04143969
v -0.799586 -0.30264501 0.27373199
v -0.76765501 -0.27229602 0.28527598
v -0.64314097 -0.28635902 0.06765669
v -0.72696102 -0.28652702 0.29994999
v -0.707003 -0.34705702 0.04456919
v -0.79082203 -0.34722303 0.27686299
v -0.71819699 -0.33110501 0.30307998
v -0.63437802 -0.33093801 0.07078709
v -0.666309 -0.361287 0.05924309
v -0.75012797 -0.36145301 0.29153599
v -0.82199502 -0.386605 0.13426198
v -0.812994 -0.36429799 0.09561668
v -0.69929498 -0.33906499 0.13666199
v -0.70829499 -0.36137102 0.17530699
v -0.666309 -0.361287 0.05924309
v -0.707003 -0.34705702 0.04456919
v -0.67507201 -0.316708 0.05611349
v -0.83951402 -0.297485 0.12800498
v -0.82175499 -0.319738 0.09248778
v -0.83075601 -0.34204501 0.13113399
v -0.68383503 -0.27213001 0.05298309
v -0.64314097 -0.28635902 0.06765669
v -0.75012797 -0.36145301 0.29153599
v -0.666309 -0.361287 0.05924309
v -0.63437802 -0.33093801 0.07078709
v -0.76765501 -0.27229602 0.28527598
v -0.799586 -0.30264501 0.27373199
v -0.758892 -0.31687601 0.288406
v -0.812994 -0.36429799 0.09561668
v -0.71819699 -0.33110501 0.30307998
v -0.75012797 -0.36145301 0.29153599
v -0.839755 -0.364352 0.16977899
v -0.84851402 -0.319791 0.16665098
v -0.725815 -0.27225301 0.16904898
v -0.83951402 -0.297485 0.12800498
v -0.84851402 -0.319791 0.16665098
v -0.73481399 -0.294558 0.20769599
v -0.82199502 -0.386605 0.13426198
v -0.71576798 -0.30247799 0.04143969
v -0.79082203 -0.34722303 0.27686299
v -0.72696102 -0.28652702 0.29994999
v -0.70805401 -0.29450399 0.13353199
v -0.82175499 -0.319738 0.09248778
v -0.839755 -0.364352 0.16977899
v -0.82199502 -0.386605 0.13426198
v -0.70829499 -0.36137102 0.17530699
v -0.72605401 -0.33911801 0.21082398
v 0.33338401 -0.177792 0.14643899
v 0.35318601 -0.16869401 0.14853599
v 0.35016501 -0.15976801 0.138353
v 0.33036301 -0.168866 0.13625499
v 0.41071901 -0.32548902 0.05702759
v 0.43052101 -0.31639099 0.05912558
v 0.435958 -0.33727199 0.09836279
v 0.41615599 -0.34637002 0.09626499
v 0.32457301 -0.16234001 0.16259699
v 0.344376 -0.15324301 0.16469399
v 0.35029101 -0.16543 0.16170699
v 0.33048901 -0.17452901 0.159609
v 0.40748999 -0.338626 0.14446598
v 0.427293 -0.32952801 0.14656399
v 0.42137599 -0.31733901 0.14955099
v 0.40157399 -0.32643802 0.14745298
v 0.39868 -0.32317401 0.16062398
v 0.41848099 -0.31407601 0.16272199
v 0.42150301 -0.32300202 0.17290399
v 0.40170199 -0.33210001 0.17080599
v 0.32444701 -0.15667901 0.13924199
v 0.344248 -0.147581 0.14134
v 0.34135401 -0.14431701 0.154512
v 0.32155201 -0.153415 0.15241399
v 0.40157399 -0.32643802 0.14745298
v 0.42137599 -0.31733901 0.14955099
v 0.41051301 -0.34755099 0.15464899
v 0.43031499 -0.338453 0.15674698
v 0.35872301 -0.28576404 0.60397499
v 0.40013599 -0.37691503 0.608384
v 0.38699099 -0.33511802 0.55119298
v 0.38107401 -0.32292902 0.55418001
v 0.37805301 -0.31400501 0.54399698
v 0.31730899 -0.19461302 0.59956597
v 0.307612 -0.10956901 0.32228699
v 0.38094899 -0.31726702 0.53082697
v 0.409751 -0.37693202 0.51768999
v 0.38988599 -0.33838102 0.53802197
v 0.45253199 -0.377008 0.11424798
v 0.43031499 -0.338453 0.15674698
v 0.42741999 -0.33519001 0.16991799
v 0.42150301 -0.32300202 0.17290399
v 0.38686299 -0.32945501 0.52784
v 0.323576 -0.10959701 0.171736
v 0.34135401 -0.14431701 0.154512
v 0.344248 -0.147581 0.14134
v 0.33657601 -0.10962101 0.0491243
v 0.407619 -0.344288 0.16781999
v 0.42741999 -0.33519001 0.16991799
v 0.383378 -0.21263001 0.05410709
v 0.35016501 -0.15976801 0.138353
v 0.344376 -0.15324301 0.16469399
v 0.35029101 -0.16543 0.16170699
v 0.41848099 -0.31407601 0.16272199
v 0.42137599 -0.31733901 0.14955099
v 0.35318601 -0.16869401 0.14853599
v 0.435958 -0.33727199 0.09836279
v 0.43052101 -0.31639099 0.05912558
v 0.427293 -0.32952801 0.14656399
v 0.36357599 -0.221728 0.05200889
v 0.383378 -0.21263001 0.05410709
v 0.43052101 -0.31639099 0.05912558
v 0.41071901 -0.32548902 0.05702759
v 0.303774 -0.11869501 0.169639
v 0.323576 -0.10959701 0.171736
v 0.33657601 -0.10962101 0.0491243
v 0.31677601 -0.118718 0.04702629
v 0.432731 -0.386107 0.11214998
v 0.45253199 -0.377008 0.11424798
v 0.409751 -0.37693202 0.51768999
v 0.38995001 -0.38603001 0.51559196
v 0.31677601 -0.118718 0.04702629
v 0.33657601 -0.10962101 0.0491243
v 0.40013599 -0.37691503 0.608384
v 0.38033399 -0.38601303 0.60628496
v 0.28781101 -0.11866701 0.32018899
v 0.307612 -0.10956901 0.32228699
v 0.38033399 -0.38601303 0.60628496
v 0.40013599 -0.37691503 0.608384
v 0.35872301 -0.28576404 0.60397499
v 0.33892101 -0.29486203 0.60187601
v 0.36719 -0.34421601 0.54909496
v 0.38033399 -0.38601303 0.60628496
v 0.33892101 -0.29486203 0.60187601
v 0.36127201 -0.33202701 0.55208199
v 0.35825101 -0.32310303 0.54189996
v 0.297508 -0.20371103 0.59746801
v 0.28781101 -0.11866701 0.32018899
v 0.36114299 -0.32636502 0.52872901
v 0.297508 -0.20371103 0.59746801
v 0.31730899 -0.19461302 0.59956597
v 0.307612 -0.10956901 0.32228699
v 0.28781101 -0.11866701 0.32018899
v 0.370083 -0.34747901 0.535924
v 0.38995001 -0.38603001 0.51559196
v 0.407619 -0.344288 0.16781999
v 0.41051301 -0.34755099 0.15464899
v 0.432731 -0.386107 0.11214998
v 0.40170199 -0.33210001 0.17080599
v 0.36706299 -0.33855303 0.52574097
v 0.45253199 -0.377008 0.11424798
v 0.432731 -0.386107 0.11214998
v 0.32444701 -0.15667901 0.13924199
v 0.32155201 -0.153415 0.15241399
v 0.303774 -0.11869501 0.169639
v 0.31677601 -0.118718 0.04702629
v 0.31730899 -0.19461302 0.59956597
v 0.297508 -0.20371103 0.59746801
v 0.36357599 -0.221728 0.05200889
v 0.33036301 -0.168866 0.13625499
v 0.32457301 -0.16234001 0.16259699
v 0.33048901 -0.17452901 0.159609
v 0.39868 -0.32317401 0.16062398
v 0.33338401 -0.177792 0.14643899
v 0.40157399 -0.32643802 0.14745298
v 0.41071901 -0.32548902 0.05702759
v 0.41615599 -0.34637002 0.09626499
v 0.40748999 -0.338626 0.14446598
v 0.35825101 -0.32310303 0.54189996
v 0.37805301 -0.31400501 0.54399698
v 0.38107401 -0.32292902 0.55418001
v 0.36127201 -0.33202701 0.55208199
v 0.38699099 -0.33511802 0.55119298
v 0.36719 -0.34421601 0.54909496
v 0.38988599 -0.33838102 0.53802197
v 0.370083 -0.34747901 0.535924
v 0.36114299 -0.32636502 0.52872901
v 0.38094899 -0.31726702 0.53082697
v 0.36706299 -0.33855303 0.52574097
v 0.38686299 -0.32945501 0.52784
v 0.38094899 -0.31726702 0.53082697
v 0.36114299 -0.32636502 0.52872901
v 0.344248 -0.147581 0.14134
v 0.32444701 -0.15667901 0.13924199
v 0.260501 -0.09207622 0.49189901
v 0.266094 -0.10398602 0.47977399
v 0.25266299 -0.10884402 0.47835001
v 0.24707 -0.09693452 0.49047601
v 0.33858299 -0.32888701 0.563502
v 0.32339299 -0.30102303 0.61174797
v 0.30996099 -0.30588102 0.61032497
v 0.32515499 -0.33374601 0.562079
v 0.26635799 -0.09963492 0.462421
v 0.26102999 -0.08337392 0.457192
v 0.2476 -0.08823242 0.455769
v 0.25292799 -0.10449302 0.46099799
v 0.33619899 -0.30230301 0.49523898
v 0.341526 -0.31856304 0.50046598
v 0.32809699 -0.32342204 0.49904297
v 0.32277 -0.30716102 0.49381597
v 0.34205601 -0.30986102 0.46575998
v 0.33646399 -0.29795103 0.47788598
v 0.323033 -0.30281003 0.47646298
v 0.32862699 -0.31472003 0.46433698
v 0.25543699 -0.07146442 0.46931699
v 0.25517201 -0.07581582 0.486671
v 0.241743 -0.08067432 0.485248
v 0.242008 -0.07632262 0.46789398
v 0.33619899 -0.30230301 0.49523898
v 0.32277 -0.30716102 0.49381597
v 0.347121 -0.33047303 0.48834099
v 0.33368999 -0.33533101 0.48691799
v 0.39947 -0.32608899 -0.02072321
v 0.426961 -0.38186201 -0.08976101
v 0.38345399 -0.26025199 -0.09436061
v 0.39414001 -0.30982801 -0.02595161
v 0.38854799 -0.297919 -0.01382681
v 0.339948 -0.138641 -0.09896151
v 0.26201501 -0.02513231 0.249027
v 0.388284 -0.30227 0.00352644
v 0.39920601 -0.33044001 -0.00337103
v 0.41457099 -0.38187 0.02720188
v 0.34738499 -0.32612102 0.47098799
v 0.347121 -0.33047303 0.48834099
v 0.35945901 -0.38190403 0.5475
v 0.34205601 -0.30986102 0.46575998
v 0.39361301 -0.31852999 0.00875372
v 0.25517201 -0.07581582 0.486671
v 0.25543699 -0.07146442 0.46931699
v 0.241449 -0.02514522 0.443185
v 0.22469901 -0.02515533 0.60131103
v 0.34738499 -0.32612102 0.47098799
v 0.33395499 -0.33098002 0.46956597
v 0.27386501 -0.16258703 0.60651099
v 0.260501 -0.09207622 0.49189901
v 0.26102999 -0.08337392 0.457192
v 0.26635799 -0.09963492 0.462421
v 0.33646399 -0.29795103 0.47788598
v 0.266094 -0.10398602 0.47977399
v 0.33619899 -0.30230301 0.49523898
v 0.32339299 -0.30102303 0.61174797
v 0.33858299 -0.32888701 0.563502
v 0.341526 -0.31856304 0.50046598
v 0.32339299 -0.30102303 0.61174797
v 0.27386501 -0.16258703 0.60651099
v 0.260436 -0.16744603 0.60508799
v 0.30996099 -0.30588102 0.61032497
v 0.22469901 -0.02515533 0.60131103
v 0.241449 -0.02514522 0.443185
v 0.228019 -0.03000352 0.44176301
v 0.21126799 -0.03001383 0.59988803
v 0.41457099 -0.38187 0.02720188
v 0.35945901 -0.38190403 0.5475
v 0.34603101 -0.38676303 0.546077
v 0.401142 -0.38672799 0.02577908
v 0.22469901 -0.02515533 0.60131103
v 0.21126799 -0.03001383 0.59988803
v 0.426961 -0.38186201 -0.08976101
v 0.41353199 -0.38672098 -0.09118381
v 0.26201501 -0.02513231 0.249027
v 0.248584 -0.02999081 0.247604
v 0.38345399 -0.26025199 -0.09436061
v 0.426961 -0.38186201 -0.08976101
v 0.41353199 -0.38672098 -0.09118381
v 0.370024 -0.26510998 -0.09578391
v 0.370024 -0.26510998 -0.09578391
v 0.41353199 -0.38672098 -0.09118381
v 0.38604099 -0.33094701 -0.02214592
v 0.38071099 -0.31468701 -0.02737461
v 0.375119 -0.302778 -0.01525001
v 0.326518 -0.143499 -0.100384
v 0.248584 -0.02999081 0.247604
v 0.37485501 -0.30712801 0.00210409
v 0.26201501 -0.02513231 0.249027
v 0.339948 -0.138641 -0.09896151
v 0.326518 -0.143499 -0.100384
v 0.248584 -0.02999081 0.247604
v 0.401142 -0.38672799 0.02577908
v 0.38577601 -0.335298 -0.00479329
v 0.34603101 -0.38676303 0.546077
v 0.33368999 -0.33533101 0.48691799
v 0.33395499 -0.33098002 0.46956597
v 0.32862699 -0.31472003 0.46433698
v 0.380182 -0.32338899 0.00733095
v 0.35945901 -0.38190403 0.5475
v 0.34603101 -0.38676303 0.546077
v 0.228019 -0.03000352 0.44176301
v 0.242008 -0.07632262 0.46789398
v 0.241743 -0.08067432 0.485248
v 0.21126799 -0.03001383 0.59988803
v 0.339948 -0.138641 -0.09896151
v 0.326518 -0.143499 -0.100384
v 0.260436 -0.16744603 0.60508799
v 0.24707 -0.09693452 0.49047601
v 0.2476 -0.08823242 0.455769
v 0.25292799 -0.10449302 0.46099799
v 0.323033 -0.30281003 0.47646298
v 0.32277 -0.30716102 0.49381597
v 0.25266299 -0.10884402 0.47835001
v 0.32515499 -0.33374601 0.562079
v 0.30996099 -0.30588102 0.61032497
v 0.32809699 -0.32342204 0.49904297
v 0.39414001 -0.30982801 -0.02595161
v 0.38854799 -0.297919 -0.01382681
v 0.375119 -0.302778 -0.01525001
v 0.38071099 -0.31468701 -0.02737461
v 0.38604099 -0.33094701 -0.02214592
v 0.39947 -0.32608899 -0.02072321
v 0.38577601 -0.335298 -0.00479329
v 0.39920601 -0.33044001 -0.00337103
v 0.388284 -0.30227 0.00352644
v 0.37485501 -0.30712801 0.00210409
v 0.388284 -0.30227 0.00352644
v 0.39361301 -0.31852999 0.00875372
v 0.380182 -0.32338899 0.00733095
v 0.37485501 -0.30712801 0.00210409
v 0.25517201 -0.07581582 0.486671
v 0.241743 -0.08067432 0.485248
v 0.64364702 -0.288106 0.05365529
v 0.70517302 -0.232662 -0.13159701
v 0.45526299 -0.23269403 0.62086599
v 0.46597901 -0.28812903 0.58860199
v 0.75802702 -0.36665201 0.05581878
v 0.74336302 -0.366645 -0.11891802
v 0.70517498 -0.366645 -0.13160202
v 0.55892903 -0.36667701 0.65528999
v 0.455266 -0.36667701 0.62086098
v 0.433651 -0.38662502 0.61368196
v 0.55893099 -0.38662502 0.65528898
v 0.70517302 -0.232662 -0.13159701
v 0.70517498 -0.366645 -0.13160202
v 0.68356001 -0.38659399 -0.13878201
v 0.683559 -0.232662 -0.13877601
v 0.43364799 -0.23269303 0.61368798
v 0.433651 -0.38662502 0.61368196
v 0.455266 -0.36667701 0.62086098
v 0.45526299 -0.23269403 0.62086599
v 0.455266 -0.36667701 0.62086098
v 0.46597901 -0.31123802 0.58860098
v 0.683559 -0.232662 -0.13877601
v 0.622033 -0.28810701 0.04647649
v 0.44436401 -0.28812903 0.58142297
v 0.43364799 -0.23269303 0.61368798
v 0.455266 -0.36667701 0.62086098
v 0.55892903 -0.36667701 0.65528999
v 0.68356001 -0.38659399 -0.13878201
v 0.74336499 -0.38659399 -0.11891902
v 0.75802702 -0.38659999 0.05581818
v 0.55893099 -0.38662502 0.65528898
v 0.75802702 -0.38659999 0.05581818
v 0.75802702 -0.36665201 0.05581878
v 0.55892903 -0.36667701 0.65528999
v 0.68356001 -0.38659399 -0.13878201
v 0.62203199 -0.311216 0.04647529
v 0.44436401 -0.31123802 0.58142196
v 0.433651 -0.38662502 0.61368196
v 0.75802702 -0.38659999 0.05581818
v 0.74336499 -0.38659399 -0.11891902
v 0.74336302 -0.366645 -0.11891802
v 0.75802702 -0.36665201 0.05581878
v 0.683559 -0.232662 -0.13877601
v 0.43364799 -0.23269303 0.61368798
v 0.45526299 -0.23269403 0.62086599
v 0.70517302 -0.232662 -0.13159701
v 0.70517498 -0.366645 -0.13160202
v 0.64364702 -0.311216 0.05365319
v 0.62203199 -0.311216 0.04647529
v 0.64364702 -0.311216 0.05365319
v 0.64364702 -0.288106 0.05365529
v 0.622033 -0.28810701 0.04647649
v 0.44436401 -0.31123802 0.58142196
v 0.46597901 -0.31123802 0.58860098
v 0.622033 -0.28810701 0.04647649
v 0.64364702 -0.288106 0.05365529
v 0.46597901 -0.28812903 0.58860199
v 0.44436401 -0.28812903 0.58142297
v 0.46597901 -0.31123802 0.58860098
v 0.44436401 -0.31123802 0.58142196
v 0.433651 -0.38662502 0.61368196
v 0.55893099 -0.38662502 0.65528898
v 0.74336499 -0.38659399 -0.11891902
v 0.74336302 -0.366645 -0.11891802
vn -0.62231 0.40994 0.66685
vn 0.06912 0.79225 0.60628
vn -0.03735 0.79225 -0.60906
vn -0.72877 0.40994 -0.54849
vn -0.6382 -0.38231 0.66824
vn -0.74467 -0.38231 -0.5471
vn 0.74467 0.38231 0.5471
vn 0.6382 0.38231 -0.66824
vn -0.06912 -0.79225 -0.60628
vn 0.03735 -0.79225 0.60906
vn 0.72877 -0.40994 0.54849
vn 0.62231 -0.40994 -0.66684
vn 0.98991 0.11209 -0.08672
vn 0.71202 0.31705 0.6265
vn 0.50184 -0.25867 0.82538
vn 0.85252 -0.51733 -0.07468
vn 0.08727 -0 0.99619
vn -0.36119 0.93196 0.03164
vn 0.03647 0.72699 0.68567
vn 0.51535 0.85579 -0.04515
vn -0.08727 0 -0.99619
vn 0.59225 0.31705 -0.74075
vn -0.0833 0.72699 -0.68157
vn -0.85252 0.51733 0.07468
vn -0.50184 0.25866 -0.82538
vn -0.35069 0.25867 0.90006
vn 0.35069 -0.25867 -0.90006
vn -0.58627 0.65323 0.47914
vn -0.7473 0.65323 0.12183
vn -0.98697 0 0.1609
vn -0.7743 0 0.63282
vn -0.26815 0.65322 0.70809
vn -0.35415 0 0.93519
vn 0.26816 0.65323 -0.70809
vn 0.58627 0.65323 -0.47915
vn 0.7743 -0 -0.63282
vn 0.35416 -0 -0.93518
vn 0.7473 0.65323 -0.12183
vn 0.98697 -0 -0.1609
vn 0.70809 0.65323 0.26815
vn 0.93519 0 0.35415
vn 0.12182 0.65323 0.7473
vn 0.16089 0 0.98697
vn -0.19291 0.83864 0.50939
vn -0.12181 0.65323 -0.7473
vn -0.47915 0.65323 -0.58627
vn 0.34471 0.83862 0.42177
vn -0.63282 -0 -0.7743
vn -0.93519 -0 -0.35415
vn -0.70809 0.65323 -0.26815
vn 0.47914 0.65322 0.58628
vn 0.63281 0 0.77431
vn -0.16088 -0 -0.98697
vn 0.53761 0.83863 -0.08763
vn -0.53762 0.83862 0.08763
vn -0.34471 0.83863 -0.42176
vn -0.63283 -0 -0.77429
vn 0.35415 -0 -0.93519
vn 0.19291 0.83863 -0.50939
vn 0.98698 -0 -0.16087
vn 0.63283 0 0.77429
vn -0.35416 0 0.93519
vn -0.98698 0 0.16087
vn -0.31822 0.62472 0.71306
vn 0.31963 0.62654 0.71083
vn 0.74505 0.62452 0.23427
vn 0.4101 0 0.91204
vn 0.95395 0 0.29996
vn 0.7715 0.62898 -0.09573
vn 0.99239 -0 -0.12313
vn -0.74901 0 0.66256
vn -0.40753 0 0.91319
vn -0.58247 0.6287 0.51524
vn -0.7108 0.62655 0.3197
vn -0.71309 0.62471 -0.31819
vn -0.91321 -0 -0.40748
vn -0.912 0 0.41019
vn -0.38373 0.65323 0.65272
vn -0.65868 0.65322 0.3734
vn -0.86994 0 0.49316
vn -0.5068 0 0.86206
vn -0.75714 0.65323 -0.00597
vn -0.65272 0.65323 -0.38373
vn -0.37341 0.65323 -0.65868
vn -0.00597 0.65323 0.75714
vn -0.00788 0 0.99997
vn 0.00597 0.65323 -0.75714
vn 0.38373 0.65323 -0.65272
vn 0.5068 -0 -0.86206
vn 0.00788 -0 -0.99997
vn 0.65868 0.65322 -0.3734
vn 0.86994 -0 -0.49316
vn 0.75714 0.65323 0.00597
vn 0.99997 0 0.00788
vn 0.3734 0.65323 0.65868
vn 0.49316 0 0.86994
vn -0.86206 -0 -0.5068
vn -0.99997 -0 -0.00788
vn 0.65272 0.65323 0.38374
vn 0.86206 0 0.50681
vn -0.49316 -0 -0.86994
vn 0.54307 0.63215 0.55269
vn -0.04195 0.62124 0.7825
vn -0.05353 0 0.99857
vn 0.70088 0 0.71328
vn -0.64495 -0 -0.76422
vn 0.33936 -0 -0.94066
vn 0.18485 0.83863 -0.51237
vn -0.35131 0.83862 -0.41628
vn 0.98431 -0 -0.17642
vn 0.53616 0.83863 -0.0961
vn 0.64494 0 0.76423
vn 0.3513 0.83863 0.41628
vn -0.33935 0 0.94066
vn -0.18485 0.83862 0.51239
vn -0.98431 0 0.17645
vn -0.53615 0.83864 0.09611
vn 0.78324 0.62103 -0.02927
vn 0.9993 -0 -0.03734
vn 0.68471 0.63195 -0.36306
vn 0.88349 -0 -0.46846
vn -0.48153 0 0.87643
vn -0.3733 0.63167 0.67944
vn -0.55268 0.63215 0.54308
vn -0.7825 0.62124 -0.04193
vn -0.99857 -0 -0.05351
vn -0.71327 0 0.70089
vn 0.02927 0.62103 0.78324
vn 0.03734 0 0.9993
vn 0.36305 0.63195 0.68472
vn 0.46844 0 0.88349
vn -0.87643 -0 -0.48152
vn -0.67945 0.63167 -0.3733
vn -0.54358 0.63126 -0.5532
vn 0.04334 0.62179 -0.78198
vn 0.05534 -0 -0.99847
vn -0.70088 -0 -0.71328
vn -0.78275 0.62158 0.03069
vn -0.99923 0 0.03917
vn -0.68568 0.63145 0.3621
vn -0.88427 0 0.46697
vn 0.48004 -0 -0.87725
vn 0.37234 0.63116 -0.68044
vn 0.55301 0.6316 -0.54337
vn 0.78218 0.62158 0.0428
vn 0.99851 0 0.05464
vn 0.7133 -0 -0.70086
vn -0.03012 0.62137 -0.78294
vn -0.03844 -0 -0.99926
vn -0.36246 0.63164 -0.68531
vn -0.46753 -0 -0.88398
vn 0.87694 0 0.48061
vn 0.68006 0.63136 0.37271
vn -0.00681 0.63215 0.77482
vn -0.58297 0.62124 0.52364
vn -0.74395 0 0.66824
vn -0.00879 0 0.99996
vn 0.57453 0.62103 0.53314
vn 0.73302 0 0.68021
vn 0.74088 0.63195 0.22745
vn 0.95596 0 0.29348
vn -0.96022 0 0.27925
vn -0.7444 0.63166 0.21649
vn -0.77482 0.63215 -0.0068
vn -0.52364 0.62124 -0.58297
vn -0.66824 -0 -0.74395
vn -0.99996 -0 -0.00878
vn -0.53313 0.62103 0.57454
vn -0.6802 0 0.73303
vn -0.22744 0.63196 0.74088
vn -0.29346 0 0.95597
vn -0.27924 -0 -0.96022
vn -0.21648 0.63167 -0.7444
vn 0.00678 0.63125 -0.77555
vn 0.5836 0.62179 -0.52229
vn 0.74516 -0 -0.66688
vn 0.00874 -0 -0.99996
vn -0.5752 0.62158 -0.53177
vn -0.73428 -0 -0.67884
vn -0.74089 0.63144 -0.22882
vn -0.95547 -0 -0.29509
vn 0.95975 -0 -0.28086
vn 0.74442 0.63117 -0.21785
vn 0.77688 0.62962 0.00678
vn 0.51973 0.6228 0.5848
vn 0.6643 0 0.74747
vn 0.99996 0 0.00873
vn 0.52923 0.6226 -0.57645
vn 0.67629 -0 -0.73663
vn 0.23124 0.63056 -0.74089
vn 0.29794 -0 -0.95459
vn 0.28372 0 0.95891
vn 0.22027 0.63028 0.74447
vn -0.23425 0.62452 0.74505
vn -0.29993 0 0.95396
vn 0.09572 0.62898 0.7715
vn 0.12313 0 0.99239
vn -0.66254 -0 -0.74903
vn -0.51522 0.6287 -0.58248
vn -0.31965 0.62654 -0.71083
vn 0.31822 0.62472 -0.71306
vn 0.40753 -0 -0.91319
vn -0.41013 -0 -0.91203
vn -0.74505 0.62452 -0.23425
vn -0.95396 -0 -0.29993
vn -0.7715 0.62899 0.09573
vn -0.99239 0 0.12314
vn 0.74902 -0 -0.66255
vn 0.58247 0.6287 -0.51522
vn 0.71083 0.62654 -0.31964
vn 0.71309 0.6247 0.31819
vn 0.91321 0 0.40749
vn 0.91203 -0 -0.41013
vn 0.23429 0.62451 -0.74505
vn 0.29998 -0 -0.95395
vn -0.09574 0.629 -0.77149
vn -0.12316 -0 -0.99239
vn 0.66252 0 0.74904
vn 0.51521 0.6287 0.58249
vn -0.07462 0.62654 0.77581
vn -0.62975 0.62472 0.46167
vn -0.8065 0 0.59123
vn -0.09576 0 0.9954
vn 0.53105 0.62451 0.57268
vn 0.67995 0 0.73326
vn 0.71756 0.62899 0.29915
vn 0.923 0 0.3848
vn -0.9789 0 0.20433
vn -0.76124 0.6287 0.1589
vn -0.77583 0.62651 -0.07465
vn -0.46158 0.62474 -0.6298
vn -0.59114 -0 -0.80657
vn -0.9954 -0 -0.09578
vn -0.57262 0.62453 0.5311
vn -0.73319 0 0.68002
vn -0.29915 0.62899 0.71755
vn -0.3848 0 0.923
vn -0.20432 -0 -0.9789
vn -0.15889 0.6287 -0.76125
vn 0.07462 0.62654 -0.77581
vn 0.62975 0.62472 -0.46166
vn 0.8065 -0 -0.59123
vn 0.09574 -0 -0.99541
vn -0.53107 0.62451 -0.57267
vn -0.67997 -0 -0.73324
vn -0.71756 0.62899 -0.29913
vn -0.92301 -0 -0.38478
vn 0.97891 -0 -0.20431
vn 0.76124 0.62871 -0.15888
vn 0.77583 0.62652 0.07458
vn 0.46165 0.62472 0.62976
vn 0.59122 0 0.80651
vn 0.99541 0 0.09569
vn 0.57263 0.62453 -0.5311
vn 0.73319 -0 -0.68002
vn 0.29915 0.62899 -0.71755
vn 0.3848 -0 -0.923
vn 0.20433 0 0.9789
vn 0.15889 0.6287 0.76124
vn -0.45214 0.62654 0.63483
vn -0.77616 0.62473 0.08538
vn -0.994 0 0.10935
vn -0.58015 0 0.81451
vn 0.17402 0.62452 0.76138
vn 0.22281 0 0.97486
vn 0.4722 0.62899 0.61757
vn 0.6074 0 0.7944
vn -0.9501 -0 -0.31194
vn -0.73885 0.62869 -0.24258
vn -0.6348 0.62655 -0.45219
vn -0.08539 0.62472 -0.77617
vn -0.10935 -0 -0.994
vn -0.81449 -0 -0.58018
vn -0.76139 0.62451 0.17398
vn -0.97487 0 0.22276
vn -0.61757 0.62899 0.4722
vn -0.79439 0 0.6074
vn 0.31196 -0 -0.9501
vn 0.24259 0.6287 -0.73884
vn 0.45223 0.62653 -0.63479
vn 0.77617 0.62472 -0.08536
vn 0.99401 -0 -0.10932
vn 0.58019 -0 -0.81448
vn -0.17399 0.62451 -0.76139
vn -0.22278 -0 -0.97487
vn -0.4722 0.62899 -0.61757
vn -0.6074 -0 -0.7944
vn 0.95009 0 0.31196
vn 0.73884 0.6287 0.2426
vn 0.6348 0.62655 0.45219
vn 0.08538 0.62472 0.77617
vn 0.10935 0 0.994
vn 0.81448 0 0.58019
vn 0.76139 0.62451 -0.17398
vn 0.97487 -0 -0.22276
vn 0.61757 0.62899 -0.4722
vn 0.7944 -0 -0.6074
vn -0.31196 0 0.9501
vn -0.24259 0.6287 0.73884
vn -0.53974 0.83863 0.07339
vn -0.2063 0.83863 0.50412
vn -0.2063 -0.83863 0.50412
vn -0.53974 -0.83863 0.07339
vn 0.51769 0.7958 -0.31416
vn 0.73214 0.61108 -0.30092
vn 0.73214 -0.61108 -0.30092
vn 0.51769 -0.7958 -0.31416
vn 0.33344 0.83862 0.43073
vn 0.53974 0.83863 -0.0734
vn 0.53974 -0.83863 -0.0734
vn 0.33344 -0.83862 0.43073
vn -0.33343 0.83863 -0.43073
vn -0.53973 0.83863 0.0734
vn -0.53974 -0.83863 0.0734
vn -0.33343 -0.83863 -0.43073
vn 0.53974 0.83862 -0.07339
vn 0.20631 0.83863 -0.50412
vn 0.2063 -0.83863 -0.50412
vn 0.53974 -0.83863 -0.07339
vn 0.20629 0.83863 -0.50412
vn -0.33344 0.83862 -0.43073
vn -0.33344 -0.83862 -0.43073
vn 0.20629 -0.83863 -0.50412
vn -0.20631 0.83863 0.50413
vn -0.20631 -0.83863 0.50413
vn 0.33343 0.83863 0.43072
vn -0.5001 0.57735 -0.64542
vn -0.70149 0.70711 -0.08899
vn 0.53973 0.83863 -0.07341
vn 0.2063 0.83862 -0.50413
vn -0.70617 0.59661 0.38129
vn -0.21195 0.67211 0.70946
vn -0.33343 0.83863 -0.43073
vn -0.20631 0.83863 0.50412
vn 0.08898 0.70711 -0.70149
vn 0.33343 0.83863 0.43072
vn 0.55118 0.59549 -0.58446
vn -0.53974 0.83863 0.07339
vn -0.08899 0.70711 0.70148
vn 0.5001 0.57735 0.64542
vn 0.33343 -0.83863 0.43072
vn 0.70149 0.70711 0.08898
vn 0.70149 -0.70711 0.08899
vn -0.08899 -0.70711 0.70149
vn 0.50011 -0.57735 0.64542
vn 0.55118 -0.59549 -0.58446
vn 0.08899 -0.70711 -0.70149
vn -0.5001 -0.57735 -0.64542
vn -0.21196 -0.67211 0.70946
vn -0.70149 -0.70711 -0.08899
vn 0.33343 -0.83863 0.43072
vn 0.53973 -0.83863 -0.07341
vn 0.2063 -0.83862 -0.50413
vn -0.70617 -0.5966 0.38129
vn -0.33343 -0.83863 -0.43073
vn -0.20631 -0.83863 0.50412
vn -0.53974 -0.83863 0.07339
vn -0.59197 0.57735 -0.56235
vn -0.01814 0.70711 -0.70687
vn -0.01814 -0.70711 -0.70687
vn -0.59197 -0.57735 -0.56235
vn 0.39475 0.83863 0.37533
vn -0.12768 0.83863 0.52953
vn -0.70687 0.70711 0.01814
vn 0.52243 0.83862 -0.1542
vn 0.12768 0.83863 -0.52953
vn -0.56235 0.57735 0.59197
vn 0.01814 0.70711 0.70687
vn -0.39474 0.83863 -0.37533
vn -0.52243 0.83862 0.1542
vn 0.56235 0.57735 -0.59197
vn -0.39474 0.83863 -0.37534
vn 0.12768 0.83863 -0.52953
vn 0.59197 0.57735 0.56235
vn 0.52243 0.83863 -0.1542
vn 0.70687 0.70711 -0.01814
vn -0.52242 0.83863 0.15419
vn -0.12768 0.83862 0.52954
vn 0.39474 0.83863 0.37533
vn -0.70687 -0.70711 0.01814
vn 0.59197 -0.57735 0.56235
vn 0.70687 -0.70711 -0.01814
vn -0.56235 -0.57735 0.59197
vn 0.01814 -0.70711 0.70687
vn 0.56235 -0.57735 -0.59197
vn -0.12768 -0.83863 0.52953
vn 0.39475 -0.83863 0.37533
vn 0.52243 -0.83863 -0.1542
vn 0.12768 -0.83863 -0.52953
vn -0.39474 -0.83863 -0.37533
vn -0.52243 -0.83862 0.1542
vn 0.12768 -0.83863 -0.52953
vn -0.39474 -0.83863 -0.37534
vn 0.52243 -0.83863 -0.1542
vn -0.52242 -0.83863 0.15419
vn -0.12768 -0.83863 0.52952
vn 0.39474 -0.83863 0.37533
vn -0.39607 0.61034 0.68601
vn -0.79214 0.61034 0
vn -0.55096 0.83453 0
vn -0.27548 0.83453 0.47715
vn 0.27548 0.83453 -0.47714
vn -0.27548 0.83453 -0.47714
vn -0.39607 0.61034 -0.68601
vn 0.39607 0.61034 -0.68601
vn -0.79241 -0.60999 0
vn -0.79494 0.60668 0
vn -0.39747 0.60668 -0.68844
vn -0.3962 -0.60999 -0.68624
vn 0.39747 0.60668 -0.68844
vn 0.79494 0.60669 0
vn 0.79241 -0.60999 0
vn 0.3962 -0.60999 -0.68624
vn 0.39747 0.60668 0.68844
vn -0.39747 0.60668 0.68844
vn -0.3962 -0.60999 0.68624
vn 0.3962 -0.60999 0.68624
vn 0.79214 0.61034 0
vn 0.55096 0.83453 0
vn 0.27548 0.83453 0.47715
vn 0.39607 0.61034 0.68601
vn 0.29755 0.91216 -0.28182
vn -0.63046 0.56194 0.53549
vn 0.52113 0.59237 0.61443
vn -0.30386 0.89628 -0.32305
vn -0.21434 0.72779 0.65144
vn -0.71764 0.42216 0.55387
vn -0.93064 0.27758 0.23844
vn 0.52114 0.59236 0.61443
vn 0.87355 0.32525 0.3621
vn 0.63046 -0.56193 -0.53549
vn 0.60011 0.59236 -0.53757
vn -0.52114 -0.59236 -0.61443
vn -0.60011 -0.59236 0.53757
vn 0.5515 -0.56193 0.61651
vn -0.34509 0.89628 0.27856
vn 0.3451 -0.89628 -0.27857
vn -0.25631 -0.91216 -0.31979
vn -0.63536 0.42216 -0.64661
vn -0.12344 0.72779 -0.6746
vn 0.30386 -0.89627 0.32306
vn -0.29755 -0.91216 0.28183
vn 0.25631 0.91217 0.31978
vn -0.78298 -0.59253 -0.18934
vn -0.54189 -0.76893 -0.33927
vn -0.45342 -0.76893 0.45073
vn -0.72169 -0.59255 0.35783
vn 0.03726 0.68636 0.7263
vn 0.38037 0.00024 0.92483
vn 0.99137 0.00024 -0.13112
vn 0.64826 0.68636 -0.32964
vn -0.64861 0.68613 0.32944
vn -0.03759 0.68612 -0.72652
vn 0.0376 -0.68612 0.72651
vn 0.64861 -0.68613 -0.32944
vn -0.38037 -0.00025 -0.92483
vn -0.99137 -0.00026 0.13111
vn -0.64825 -0.68637 0.32965
vn -0.03724 -0.68636 -0.7263
vn 0.50083 -0 -0.86555
vn -0.50083 0 0.86554
vn -0.4206 -0.80608 0.41633
vn -0.46328 -0.68624 -0.56075
vn 0.32394 -0.68624 -0.65125
vn 0.5041 -0.80608 0.31002
vn -0.88294 -0 0.46948
vn -0.85689 -0 -0.5155
vn 0.96645 0 0.25687
vn 0.71755 -0 -0.6965
vn 0.32394 0.68624 -0.65125
vn 0.5041 0.80609 0.31002
vn -0.46328 0.68624 -0.56075
vn -0.4206 0.80608 0.41633
vn -0.12265 0.39146 0.91198
vn -0.34718 0 0.9378
vn 0.11421 0 0.99346
vn 0.32641 0.39146 0.86036
vn -0.11421 -0 -0.99346
vn -0.87007 0.47982 0.11294
vn -0.60622 0.47982 -0.63425
vn -0.90241 -0.29003 -0.31866
vn 0.55094 0 0.83454
vn -0.12265 -0.39146 0.91198
vn 0.32641 -0.39146 0.86036
vn -0.92003 0.3511 -0.174
vn -0.73975 0.59347 -0.31712
vn -0.68506 -0.08773 -0.72319
vn -0.88215 -0.12072 -0.45524
vn 0.51165 0.08821 -0.85465
vn 0.45712 0.76724 -0.44987
vn -0.4579 -0.76688 0.44968
vn -0.54604 -0.76688 -0.33725
vn -0.65129 0.59347 0.47288
vn -0.50813 -0.08773 0.8568
vn 0.688 0.08821 0.72032
vn 0.54531 0.76724 0.33762
vn -0.51241 -0.08832 0.85419
vn -0.75959 -0.12071 0.6391
vn 0.74254 -0.59082 0.31554
vn -0.85875 0.35111 0.37318
vn -0.65503 0.59025 0.47175
vn 0.65436 -0.59082 -0.47196
vn -0.74314 0.59025 -0.31519
vn -0.68864 -0.08832 -0.7197
vn 0.28022 0.59338 -0.75457
vn 0.72696 0.49281 -0.47819
vn 0.72159 0.15465 -0.67482
vn 0.27644 0.35568 -0.89279
vn 0.23069 0.9604 0.15624
vn 0.68124 0.68794 0.2503
vn 0.71221 0.68793 -0.13966
vn 0.25246 0.9604 -0.11789
vn 0.08684 -0.37827 0.92161
vn 0.58201 -0.23559 0.77831
vn 0.60607 0.15466 0.78023
vn 0.13211 0.35569 0.92522
vn 0.96157 -0.08946 -0.25957
vn 0.33477 -0.15033 -0.93023
vn 0.184 -0.90791 0.37662
vn 0.90709 -0.36323 0.21271
vn 0.62235 -0.76884 -0.14683
vn 0.1326 -0.98295 -0.12742
vn 0.20563 -0.61595 -0.76048
vn 0.66118 -0.57372 -0.48341
vn 0.5914 -0.76884 0.24317
vn 0.11083 -0.98295 0.14674
vn 0.20031 0.11713 0.97271
vn 0.15766 0.5934 0.78932
vn 0.35107 0.8747 -0.33413
vn 0.64241 0.49281 0.58689
vn 0.08307 -0.61596 0.78338
vn 0.57663 -0.57373 0.58167
vn 0.69752 -0.23558 -0.67674
vn 0.23118 -0.37826 -0.89637
vn 0.35126 0.11714 -0.92892
vn 0.29395 0.8747 0.38535
vn 0.26733 0.74097 0.61603
vn 0.17388 -0.77418 0.60861
vn 0.36119 0.74097 -0.56614
vn 0.26774 -0.77417 -0.57356
vn 0.24112 -0.90792 -0.34285
vn 0.18381 -0.15031 0.9714
vn 0.90472 -0.33195 0.26702
vn 0.93849 0.21563 0.2697
vn 0.94472 0.24691 0.21571
vn 0.96543 -0.02685 -0.25926
vn 0.91243 -0.02685 0.40834
vn 0.96692 0.24693 -0.06394
vn 0.55665 -0.79668 -0.23545
vn 0.65334 0.10329 -0.74998
vn 0.66101 0.58515 -0.46975
vn 0.57862 0.58514 0.56817
vn 0.92929 -0.36324 -0.06694
vn 0.90858 -0.08945 0.40803
vn 0.96929 0.21564 -0.11824
vn 0.93551 -0.33195 -0.12093
vn 0.71988 0.15524 -0.67651
vn 0.69575 -0.23594 -0.67843
vn 0.52683 0.10327 0.84367
vn 0.51254 -0.79669 0.3203
vn 0.63616 -0.17548 -0.75133
vn 0.65047 0.7245 -0.22802
vn 0.50198 -0.65733 0.56208
vn 0.58437 -0.65733 -0.47584
vn 0.60635 0.7245 0.32778
vn 0.50964 -0.17548 0.8423
vn 0.58941 -0.7703 0.24338
vn 0.5746 -0.57471 0.5827
vn 0.72526 0.49403 -0.47952
vn 0.57998 -0.23594 0.77971
vn 0.60413 0.15524 0.78162
vn 0.62042 -0.77031 -0.14734
vn 0.67944 0.68963 0.25053
vn 0.71046 0.68963 -0.14019
vn 0.64051 0.49403 0.58794
vn 0.65934 -0.57471 -0.48474
vn 0.99496 -0.06175 0.07899
vn -0.39115 -0.87964 -0.27061
vn -0.34251 -0.63523 -0.69223
vn -0.44088 -0.22241 0.86958
vn -0.41073 0.26639 0.87197
vn -0.89761 0.37087 0.23825
vn -0.87592 0.47982 0.0503
vn -0.99496 0.06175 -0.07899
vn -0.85206 0.16434 -0.49698
vn -0.86549 -0.05354 -0.49805
vn -0.9198 0.16434 0.35632
vn -0.93323 -0.05354 0.35526
vn -0.85701 0.47982 -0.18788
vn -0.84877 0.37086 -0.37689
vn -0.26801 0.26639 -0.92586
vn -0.29815 -0.22241 -0.92824
vn -0.31773 0.92364 0.21433
vn -0.27994 0.92364 -0.26178
vn -0.26144 0.67921 -0.6858
vn -0.44744 -0.63523 0.62951
vn -0.36637 0.67922 0.63596
vn -0.92828 -0.36901 0.04615
vn -0.93652 -0.26006 0.23515
vn -0.88768 -0.26006 -0.37998
vn -0.42895 -0.87964 0.2055
vn -0.90937 -0.36901 -0.19204
vn -0.6532 -0.66485 -0.36236
vn -0.46537 -0.45861 0.75704
vn -0.57231 0.45542 0.68195
vn -0.83011 -0.39065 -0.39787
vn -0.61245 0.67678 0.40851
vn -0.78576 -0.5933 -0.17486
vn -0.75351 -0.65086 0.09281
vn -0.65551 0.74981 0.08996
vn -0.69478 0.67914 -0.23674
vn -0.71835 -0.59101 0.367
vn -0.7286 0.45337 -0.51342
vn -0.699 -0.38929 0.59988
vn -0.64379 -0.4586 -0.61255
vn -0.53857 -0.66485 0.5176
vn 0.65667 0.74981 -0.08099
vn 0.69666 0.67679 0.23797
vn 0.75214 -0.65085 -0.10336
vn 0.7884 -0.59101 0.17068
vn 0.82937 -0.38929 0.40074
vn 0.53858 -0.66485 -0.5176
vn 0.70049 -0.39065 -0.59725
vn 0.65322 -0.66484 0.36233
vn 0.71474 -0.5933 -0.37034
vn 0.61093 0.67914 -0.40686
vn 0.57272 0.45337 -0.68297
vn 0.72793 0.45541 0.51256
vn 0.64376 -0.45862 0.61257
vn 0.46535 -0.4586 -0.75705
vn -0.32399 0.70902 0.62636
vn -0.60647 0.71162 0.35468
vn -0.85354 0.07998 0.51485
vn -0.48046 0.07654 0.87367
vn -0.71577 0.698 -0.02146
vn -0.62263 0.6718 -0.40126
vn -0.35199 0.64004 -0.68297
vn 0.05597 0.6909 0.72079
vn 0.02136 0.05261 0.99839
vn 0.02363 0.61123 -0.7911
vn 0.4036 0.59309 -0.69667
vn 0.48046 -0.07658 -0.87367
vn -0.02137 -0.05262 -0.99839
vn 0.68607 0.59051 -0.42497
vn 0.85354 -0.07998 -0.51485
vn 0.79538 0.60414 -0.04884
vn 0.99791 -0.06197 -0.01809
vn 0.43159 0.66209 0.61267
vn 0.51745 0.01457 0.85559
vn -0.8749 0.02739 -0.48354
vn -0.99791 0.06199 0.01808
vn 0.70224 0.63033 0.33096
vn 0.8749 -0.02737 0.48353
vn -0.51745 -0.01455 -0.85559
vn 0.59652 0.62497 0.50357
vn 0.01888 0.66257 0.74876
vn -0.02419 0.05537 0.99817
vn 0.72015 -0.00655 0.69379
vn -0.66581 0.00042 -0.74612
vn 0.3111 -0.07019 -0.94778
vn 0.22056 0.79762 -0.56139
vn -0.31157 0.83608 -0.45155
vn 0.97691 -0.07061 -0.20165
vn 0.58323 0.79739 -0.15497
vn 0.6658 -0.00042 0.74613
vn 0.41376 0.83562 0.36129
vn -0.3111 0.07021 0.94778
vn -0.11836 0.87409 0.47113
vn -0.97691 0.07062 0.20166
vn -0.48102 0.87432 0.06471
vn 0.81842 0.56859 -0.08298
vn 0.99593 -0.06427 -0.06322
vn 0.71103 0.56823 -0.41418
vn 0.86778 -0.0795 -0.49055
vn -0.45482 0.0757 0.88736
vn -0.3141 0.68827 0.65393
vn -0.49706 0.69284 0.52241
vn -0.74408 0.66582 -0.05502
vn -0.99785 0.05951 -0.02755
vn -0.69121 0.08102 0.7181
vn 0.08993 0.65796 0.74766
vn 0.06645 0.04974 0.99655
vn 0.42075 0.64288 0.64006
vn 0.4932 0.01681 0.86975
vn -0.8885 0.0296 -0.45792
vn -0.65031 0.65252 -0.38899
vn -0.52006 0.63426 -0.57205
vn 0.05829 0.57629 -0.81517
vn 0.02606 -0.05547 -0.99812
vn -0.72014 0.00656 -0.6938
vn -0.74219 0.66996 0.01753
vn -0.9958 0.06437 0.06508
vn -0.63507 0.691 0.34526
vn -0.86861 0.07948 0.48907
vn 0.45332 -0.07565 -0.88813
vn 0.39007 0.57039 -0.72284
vn 0.57431 0.56672 -0.59076
vn 0.81953 0.57293 -0.01104
vn 0.99782 -0.05946 0.02862
vn 0.69117 -0.08102 -0.71814
vn -0.01507 0.58039 -0.8142
vn -0.06756 -0.04966 -0.99648
vn -0.34317 0.61647 -0.70866
vn -0.49231 -0.01688 -0.87026
vn 0.88897 -0.02967 0.457
vn 0.72786 0.60626 0.32042
vn 0.05441 0.67086 0.73959
vn -0.52847 0.68285 0.50442
vn -0.7227 0.08125 0.68637
vn 0.0205 0.05265 0.9984
vn 0.62665 0.61091 0.48385
vn 0.75124 -0.0103 0.65995
vn 0.78434 0.59548 0.1738
vn 0.96236 -0.04436 0.26814
vn -0.94987 0.07448 0.30366
vn -0.69789 0.6873 0.20142
vn -0.73475 0.67802 -0.02067
vn -0.50163 0.62148 -0.60177
vn -0.68845 0.00291 -0.72528
vn -0.99793 0.06191 0.01721
vn -0.47726 0.68219 0.55393
vn -0.65721 0.08061 0.74938
vn -0.16676 0.68265 0.71146
vn -0.26487 0.06811 0.96188
vn -0.30666 -0.03261 -0.95126
vn -0.19924 0.6043 -0.77144
vn 0.02255 0.58832 -0.80832
vn 0.60489 0.55611 -0.56996
vn 0.72398 -0.08122 -0.68502
vn -0.02051 -0.05263 -0.9984
vn -0.55154 0.62773 -0.54932
vn -0.75245 0.01048 -0.65856
vn -0.70739 0.66368 -0.24316
vn -0.96191 0.04427 -0.26977
vn 0.94934 -0.0745 -0.30528
vn 0.77481 0.57128 -0.27075
vn 0.81369 0.57938 -0.04727
vn 0.57354 0.6188 0.53678
vn 0.68457 -0.00249 0.72894
vn 0.99793 -0.06194 -0.01723
vn 0.54907 0.55749 -0.62267
vn 0.65317 -0.08058 -0.75291
vn 0.24749 0.57543 -0.7795
vn 0.26937 -0.06833 -0.96061
vn 0.31109 0.03227 0.94983
vn 0.27993 0.65324 0.7035
vn -0.34311 -0.59254 0.72882
vn -0.44144 -0.76893 0.46247
vn 0.35022 -0.76893 0.53488
vn 0.20521 -0.59254 0.77896
vn -0.35567 0.35112 0.86615
vn -0.45957 0.59347 0.66075
vn -0.84631 -0.08773 0.52541
vn -0.62355 -0.12071 0.77241
vn -0.73413 0.08821 -0.67325
vn -0.34863 0.76724 -0.53832
vn 0.34829 -0.76687 0.53907
vn -0.44029 -0.76687 0.46695
vn 0.33209 0.59347 0.73316
vn 0.73696 -0.08773 0.67022
vn 0.84408 0.08821 -0.52891
vn 0.44049 0.76725 -0.46616
vn 0.73353 -0.08832 0.67389
vn 0.47308 -0.12072 0.87271
vn 0.45857 -0.59083 -0.6638
vn 0.19266 0.3511 0.9163
vn 0.33023 0.59024 0.73659
vn -0.33056 -0.59083 -0.73597
vn -0.45835 0.59025 0.66447
vn -0.84361 -0.0883 0.52965
vn -0.66027 -0.59255 0.46144
vn -0.61303 -0.76893 0.1815
vn 0.03762 -0.76893 0.63822
vn -0.20961 -0.59255 0.77778
vn -0.73951 0.35111 0.57432
vn -0.72742 0.59347 0.34446
vn -0.99554 -0.08773 0.03462
vn -0.92522 -0.12073 0.35972
vn -0.30178 0.08821 -0.94929
vn -0.03451 0.76724 -0.64042
vn 0.03384 -0.76688 0.6409
vn -0.61426 -0.76688 0.18594
vn -0.07677 0.59347 0.80119
vn 0.30574 -0.08773 0.94806
vn 0.99535 0.08821 -0.03876
vn 0.61405 0.76725 -0.18515
vn 0.30094 -0.08833 0.94955
vn -0.02392 -0.12072 0.9924
vn 0.72808 -0.59083 -0.3476
vn -0.28885 0.35111 0.89067
vn -0.0801 0.59025 0.80324
vn 0.0795 -0.59083 -0.80287
vn -0.72823 0.59025 0.34828
vn -0.9953 -0.08832 0.03964
vn 0.39537 -0.66541 0.63317
vn -0.49472 -0.83366 0.24549
vn -0.23087 -0.83366 -0.5017
vn 0.70529 -0.66542 -0.2445
vn 0.01996 0.10603 0.99416
vn -0.81431 -0.17692 0.55281
vn 0.63981 0.10602 -0.76118
vn -0.28661 -0.17692 -0.94157
vn 0.2644 0.87746 -0.40019
vn -0.04552 0.87746 0.47748
vn 0.62265 0.63334 0.45956
vn 0.65444 0.25871 0.71048
vn 0.9024 0.29005 0.31866
vn 0.77315 0.63334 0.03333
vn 0.95546 0.25872 -0.14198
vn 0.83675 -0.11592 0.53517
vn 0.98727 -0.11592 0.10893
vn 0.33765 -0.64285 0.68756
vn -0.58813 -0.78553 -0.19245
vn 0.56501 -0.78554 -0.25238
vn -0.26456 -0.64286 0.71885
vn -0.16145 -0.96308 -0.21542
vn -0.68196 -0.67734 -0.27591
vn -0.90935 -0.41023 -0.06921
vn 0.56501 -0.78553 -0.25239
vn 0.89728 -0.41023 -0.1631
vn 0.58813 0.78553 0.19245
vn 0.61734 -0.22272 0.75451
vn -0.56501 0.78554 0.25238
vn -0.61734 0.22271 -0.75451
vn 0.5358 0.22271 -0.81444
vn -0.29189 -0.93677 0.19302
vn 0.29189 0.93677 -0.19302
vn -0.31033 0.93677 -0.16173
vn -0.62744 -0.09084 0.77335
vn -0.10122 -0.31524 0.9436
vn 0.26456 0.64286 -0.71885
vn -0.33766 0.64285 -0.68756
vn 0.31032 -0.93678 0.16172
vn -0.47884 0.83863 0.25965
vn -0.01456 0.83862 0.54451
vn -0.01456 -0.83862 0.54451
vn -0.47884 -0.83863 0.25965
vn 0.37301 0.7958 -0.47704
vn 0.57827 0.61108 -0.54054
vn 0.57827 -0.61108 -0.54054
vn 0.37301 -0.7958 -0.47704
vn 0.46428 0.83863 0.28486
vn 0.47884 0.83863 -0.25965
vn 0.47884 -0.83863 -0.25965
vn 0.46428 -0.83863 0.28486
vn -0.46429 0.83863 -0.28484
vn -0.47883 0.83862 0.25967
vn -0.47883 -0.83863 0.25967
vn -0.46429 -0.83863 -0.28484
vn 0.47884 0.83863 -0.25965
vn 0.01455 0.83863 -0.5445
vn 0.01455 -0.83863 -0.5445
vn 0.47884 -0.83863 -0.25965
vn 0.01455 0.83863 -0.54451
vn -0.46429 0.83863 -0.28485
vn -0.46429 -0.83863 -0.28485
vn 0.01455 -0.83863 -0.54451
vn -0.01454 0.83863 0.54451
vn -0.01454 -0.83863 0.54451
vn 0.46429 0.83862 0.28486
vn -0.69615 0.57735 -0.42667
vn -0.68758 0.70711 0.16502
vn 0.47883 0.83863 -0.25965
vn 0.01455 0.83862 -0.54451
vn -0.52554 0.59661 0.60652
vn 0.05283 0.67211 0.73856
vn -0.46428 0.83863 -0.28485
vn -0.01454 0.83863 0.54451
vn -0.16502 0.70711 -0.68758
vn 0.46429 0.83863 0.28485
vn 0.30868 0.59549 -0.7417
vn 0.16502 0.70711 0.68758
vn 0.69615 0.57735 0.42667
vn 0.46429 -0.83863 0.28485
vn 0.68758 0.70711 -0.16502
vn 0.68758 -0.70711 -0.16502
vn 0.16502 -0.70711 0.68758
vn 0.69614 -0.57735 0.42667
vn 0.30868 -0.59549 -0.74169
vn -0.16502 -0.70711 -0.68758
vn -0.69615 -0.57735 -0.42667
vn 0.05283 -0.67211 0.73856
vn -0.68758 -0.70711 0.16502
vn 0.46429 -0.83862 0.28487
vn 0.47883 -0.83863 -0.25965
vn 0.01455 -0.83862 -0.54451
vn -0.52554 -0.59661 0.60652
vn -0.46428 -0.83863 -0.28485
vn -0.01454 -0.83863 0.54451
vn -0.47883 -0.83862 0.25967
vn -0.6 -0.60094 -0.52808
vn 0.54911 -0.55924 -0.62107
vn 0.69931 -0.6556 0.28487
vn -0.58547 -0.77177 -0.24818
vn 0.48934 -0.66008 0.56994
vn -0.41847 -0.7566 -0.50244
vn -0.1728 -0.7592 -0.6275
vn 0.19756 -0.66163 0.72334
vn -0.13859 -0.65837 0.73982
vn 0.10969 -0.75972 -0.64094
vn -0.46608 -0.65616 0.59349
vn 0.38717 -0.77065 -0.50615
vn -0.78543 -0.55925 -0.26522
vn 0.25741 -0.60094 -0.75671
vn 0.19757 0.66163 0.72334
vn 0.48934 0.66009 0.56994
vn -0.17279 0.7592 -0.6275
vn 0.1097 0.75972 -0.64094
vn 0.38717 0.77065 -0.50615
vn -0.6 0.60094 -0.52808
vn -0.58548 0.77177 -0.24818
vn 0.2574 0.60094 -0.75671
vn -0.41847 0.7566 -0.50244
vn -0.13859 0.65837 0.73982
vn -0.46608 0.65616 0.59349
vn 0.69931 0.6556 0.28487
vn 0.54911 0.55924 -0.62107
vn -0.78543 0.55925 -0.26522
vn 0.56924 0.70173 -0.42842
vn 0.56514 0.01563 -0.82485
vn -0.65258 -0.01598 -0.75755
vn -0.64848 0.67012 -0.36112
vn 0.61296 0.70191 0.36277
vn -0.60476 0.6703 0.43007
vn 0.60476 -0.6703 -0.43008
vn -0.61296 -0.70191 -0.36278
vn -0.56514 -0.01563 0.82485
vn 0.65258 0.01598 0.75755
vn 0.64848 -0.67012 0.36112
vn -0.56924 -0.70173 0.42842
vn 0.99814 0.02591 -0.05516
vn -0.99814 -0.02591 0.05516
vn 0.54134 0.57735 0.61125
vn -0.04281 0.70711 0.70581
vn -0.04281 -0.70711 0.70581
vn 0.54134 -0.57735 0.61125
vn -0.36095 0.83864 -0.40793
vn 0.17282 0.83863 -0.51656
vn 0.70581 0.70711 0.04281
vn -0.53377 0.83862 0.10864
vn -0.17282 0.83863 0.51657
vn 0.61125 0.57735 -0.54134
vn 0.04281 0.70711 -0.70581
vn 0.36095 0.83863 0.40795
vn 0.53377 0.83863 -0.10862
vn -0.61125 0.57735 0.54134
vn 0.36095 0.83862 0.40795
vn -0.17282 0.83863 0.51656
vn -0.54134 0.57735 -0.61125
vn -0.53377 0.83863 0.10863
vn -0.70581 0.70711 -0.04281
vn 0.53376 0.83863 -0.10861
vn 0.17282 0.83862 -0.51657
vn -0.36095 0.83863 -0.40794
vn 0.70581 -0.70711 0.04281
vn -0.54134 -0.57735 -0.61124
vn -0.70581 -0.70711 -0.04281
vn 0.61125 -0.57735 -0.54133
vn 0.04281 -0.70711 -0.70581
vn -0.61125 -0.57735 0.54134
vn 0.17281 -0.83863 -0.51656
vn -0.36095 -0.83864 -0.40793
vn -0.53377 -0.83862 0.10864
vn -0.17282 -0.83863 0.51657
vn 0.36095 -0.83863 0.40795
vn 0.53377 -0.83863 -0.10862
vn -0.17282 -0.83863 0.51657
vn 0.36095 -0.83863 0.40795
vn -0.53377 -0.83862 0.10863
vn 0.53376 -0.83863 -0.10861
vn 0.17282 -0.83863 -0.51656
vn -0.36095 -0.83863 -0.40793
vn -0.46578 0.18283 -0.8658
vn -0.43577 0.65534 -0.61696
vn -0.06872 0.65518 -0.75234
vn -0.20777 0.18273 -0.96096
vn -0.98267 0.183 -0.02942
vn -0.75209 0.65542 0.06918
vn -0.68581 0.65542 -0.31636
vn -0.93609 0.18299 -0.30043
vn 0.20797 0.1824 0.96098
vn 0.06932 0.65501 0.75244
vn -0.31602 0.65519 0.68619
vn -0.51676 0.18272 0.8364
vn 0.08804 0.94173 -0.32463
vn 0.29375 0.26883 -0.9173
vn 0.81908 0.2685 0.50697
vn 0.27788 0.94162 0.19009
vn 0.75265 0.65478 -0.06909
vn 0.98283 0.18214 0.02943
vn 0.72834 0.18229 -0.66052
vn 0.61735 0.65487 -0.43593
vn 0.68637 0.65478 0.31647
vn 0.93624 0.18214 0.30047
vn -0.29354 0.26895 0.91733
vn -0.72818 0.18283 0.66055
vn -0.81885 0.26929 -0.50693
vn -0.61679 0.65533 0.43603
vn 0.46598 0.1823 0.86581
vn 0.43634 0.65487 0.61705
vn 0.3166 0.65501 -0.68609
vn 0.51693 0.1824 -0.83637
vn 0.02965 0.26895 -0.9627
vn -0.94112 0.26929 0.20439
vn -0.8484 0.26922 0.45579
vn 0.64771 0.26855 0.71299
vn -0.64748 0.26923 -0.71294
vn 0.84862 0.26856 -0.45577
vn 0.94136 0.26849 -0.20432
vn -0.02944 0.26883 0.96274
vn 0.23779 0.94163 0.23832
vn -0.3029 0.94187 0.14536
vn -0.32459 0.94189 0.08653
vn 0.02624 0.94176 -0.33526
vn -0.08723 0.94176 0.32477
vn -0.27707 0.94189 -0.18996
vn 0.79851 0.58411 -0.14559
vn -0.00194 0.58449 -0.8114
vn -0.52497 0.58472 -0.61848
vn -0.70137 0.58472 0.40767
vn 0.32542 0.94162 -0.08638
vn -0.02542 0.94173 0.3354
vn -0.23697 0.94187 -0.23817
vn 0.30372 0.94163 -0.14524
vn -0.06894 0.65332 -0.75394
vn 0.31732 0.65314 -0.68754
vn -0.27278 0.58449 0.76418
vn 0.70406 0.58411 0.40387
vn 0.27332 0.58438 -0.76406
vn -0.70354 0.58478 -0.40381
vn 0.52548 0.58416 0.61857
vn 0.70189 0.58416 -0.40757
vn -0.798 0.58479 0.14567
vn 0.00247 0.58438 0.81148
vn 0.68787 0.65291 0.31709
vn 0.43723 0.65299 0.61841
vn -0.43665 0.65346 -0.61832
vn 0.06952 0.65314 0.75404
vn -0.31675 0.65332 0.68763
vn 0.75427 0.6529 -0.06919
vn -0.75371 0.65355 0.06928
vn -0.6873 0.65355 -0.317
vn -0.61808 0.65346 0.43701
vn 0.61864 0.65299 -0.43691
vn 0.00043 1 7E-05
vn 0.93061 -0.35663 -0.08233
vn 0.76112 -0.35653 -0.54183
vn 0.08842 -0.35634 0.93016
vn -0.39425 -0.35613 0.84719
vn -0.36416 -0.89703 0.25046
vn -0.4397 -0.89698 0.04563
vn -0.00043 -1 -7E-05
vn -0.03544 -0.89712 -0.44037
vn 0.1797 -0.89721 -0.40339
vn -0.18047 -0.89712 0.40325
vn 0.03468 -0.89721 0.44024
vn -0.39923 -0.89698 -0.18985
vn -0.25961 -0.89703 -0.35769
vn -0.0887 -0.35613 -0.93022
vn 0.39395 -0.35634 -0.84725
vn -0.93091 -0.35585 0.08227
vn -0.85 -0.35584 -0.38842
vn -0.53679 -0.35595 -0.76496
vn 0.5365 -0.35652 0.76489
vn -0.76143 -0.35595 0.54178
vn 0.39845 -0.89735 0.18971
vn 0.25884 -0.89731 0.35755
vn 0.36338 -0.8973 -0.25059
vn 0.8497 -0.35663 0.38837
vn 0.43894 -0.89735 -0.04577
vn 0.71052 -0.60093 0.36612
vn -0.38139 -0.55925 0.73606
vn -0.74762 -0.65561 -0.10602
vn 0.6283 -0.77176 0.09814
vn -0.61339 -0.66008 -0.43364
vn 0.52824 -0.7566 0.38539
vn 0.32041 -0.7592 0.56652
vn -0.36777 -0.66164 -0.65344
vn -0.04575 -0.65836 -0.75131
vn 0.04967 -0.75973 0.64834
vn 0.30753 -0.65616 -0.68911
vn -0.25229 -0.77065 0.58519
vn 0.82638 -0.55924 0.06595
vn -0.06539 -0.60094 0.79662
vn -0.36777 0.66164 -0.65344
vn -0.61339 0.66008 -0.43364
vn 0.32041 0.7592 0.56652
vn 0.04966 0.75973 0.64834
vn -0.25229 0.77065 0.58519
vn 0.71051 0.60093 0.36612
vn 0.6283 0.77175 0.09814
vn -0.06539 0.60094 0.79662
vn 0.52824 0.7566 0.38538
vn -0.04575 0.65836 -0.75131
vn 0.30753 0.65616 -0.68911
vn -0.74762 0.65561 -0.10602
vn -0.38139 0.55925 0.73606
vn 0.82638 0.55924 0.06595
vn 0.5593 0.00024 0.82897
vn 0.94446 0.00024 -0.32862
vn 0.56833 0.68635 -0.45378
vn 0.18316 0.68636 0.70382
vn -0.18355 0.68612 -0.70395
vn -0.56871 0.68612 0.45365
vn 0.56872 -0.68612 -0.45365
vn 0.18356 -0.68613 0.70394
vn -0.5593 -0.00025 -0.82896
vn -0.94446 -0.00025 0.32862
vn -0.18316 -0.68637 -0.70381
vn -0.56831 -0.68636 0.45379
vn -0.31571 -1E-05 0.94886
vn 0.31571 -1E-05 -0.94886
vn -0.64245 0.65323 0.40069
vn -0.75672 0.65323 0.02578
vn -0.99942 0 0.03405
vn -0.8485 0 0.52919
vn -0.35604 0.65323 0.66823
vn -0.47022 0 0.88255
vn 0.35603 0.65323 -0.66823
vn 0.64245 0.65323 -0.40069
vn 0.8485 -0 -0.5292
vn 0.47022 -0 -0.88255
vn 0.75673 0.65322 -0.02578
vn 0.99942 -0 -0.03405
vn 0.66823 0.65323 0.35603
vn 0.88255 0 0.47022
vn 0.02577 0.65323 0.75672
vn 0.03404 0 0.99942
vn -0.25612 0.83864 0.48072
vn -0.02578 0.65323 -0.75672
vn -0.40069 0.65323 -0.64245
vn 0.28827 0.83862 0.46218
vn -0.5292 -0 -0.8485
vn -0.88255 -0 -0.47022
vn -0.66824 0.65322 -0.35603
vn 0.40069 0.65322 0.64245
vn 0.5292 0 0.8485
vn -0.03405 -0 -0.99942
vn 0.5444 0.83862 -0.01854
vn -0.5444 0.83862 0.01855
vn -0.28827 0.83863 -0.46218
vn -0.52922 -0 -0.84849
vn 0.47022 -0 -0.88255
vn 0.25613 0.83863 -0.48072
vn 0.99942 -0 -0.03404
vn 0.52922 0 0.84849
vn -0.47021 0 0.88255
vn -0.99942 0 0.03405
vn -0.40633 0.62472 0.6668
vn 0.2267 0.62653 0.7457
vn 0.70921 0.62452 0.32709
vn 0.29081 0 0.95678
vn 0.90807 0 0.41881
vn 0.77741 0.62899 0.00318
vn 0.99999 0 0.00409
vn -0.8272 0 0.5619
vn -0.52037 0 0.85394
vn -0.64328 0.6287 0.43696
vn -0.7457 0.62655 0.22663
vn -0.66682 0.62471 -0.4063
vn -0.85396 -0 -0.52033
vn -0.95679 0 0.29078
vn -0.32715 0.62451 0.7092
vn -0.41887 0 0.90805
vn -0.00317 0.62899 0.77741
vn -0.00407 0 0.99999
vn -0.56191 -0 -0.8272
vn -0.43697 0.6287 -0.64327
vn -0.22656 0.62654 -0.74574
vn 0.40637 0.62473 -0.66677
vn 0.52042 -0 -0.85391
vn -0.29069 -0 -0.95682
vn -0.70919 0.62451 -0.32716
vn -0.90804 -0 -0.41889
vn -0.77742 0.62898 -0.00318
vn -0.99999 -0 -0.00409
vn 0.82721 -0 -0.56189
vn 0.64327 0.62871 -0.43695
vn 0.7457 0.62655 -0.22665
vn 0.66682 0.62471 0.40631
vn 0.85396 0 0.52034
vn 0.95678 -0 -0.2908
vn 0.32712 0.62451 -0.7092
vn 0.41885 -0 -0.90806
vn 0.00316 0.629 -0.7774
vn 0.00406 -0 -0.99999
vn 0.56189 0 0.82721
vn 0.43696 0.6287 0.64328
vn -0.17272 0.62653 0.76002
vn -0.68336 0.62472 0.37781
vn -0.87515 0 0.48384
vn -0.22159 0 0.97514
vn 0.45391 0.62452 0.63557
vn 0.58118 0 0.81378
vn 0.67368 0.62899 0.38798
vn 0.86656 0 0.49907
vn -0.99694 0 0.07818
vn -0.77527 0.62869 0.06079
vn -0.76003 0.62653 -0.17265
vn -0.37782 0.62472 -0.68336
vn -0.48386 -0 -0.87514
vn -0.97516 -0 -0.22151
vn -0.63554 0.62453 0.45393
vn -0.81375 0 0.58121
vn -0.38799 0.62899 0.67367
vn -0.49907 0 0.86656
vn -0.07816 -0 -0.99694
vn -0.06078 0.6287 -0.77527
vn 0.17277 0.62655 -0.75999
vn 0.68335 0.62473 -0.37782
vn 0.87515 -0 -0.48386
vn 0.22166 -0 -0.97512
vn -0.45385 0.6245 -0.63562
vn -0.5811 -0 -0.81383
vn -0.67368 0.62899 -0.38799
vn -0.86656 -0 -0.49908
vn 0.99694 -0 -0.07818
vn 0.77527 0.6287 -0.0608
vn 0.76001 0.62654 0.1727
vn 0.37782 0.62472 0.68336
vn 0.48385 0 0.87515
vn 0.97514 0 0.22158
vn 0.63558 0.62451 -0.4539
vn 0.81379 -0 -0.58116
vn 0.38798 0.629 -0.67367
vn 0.49907 -0 -0.86656
vn 0.07814 0 0.99694
vn 0.06076 0.6287 0.77527
vn -0.52925 0.62653 0.57216
vn -0.78073 0.62472 -0.01402
vn -0.99984 -0 -0.01796
vn -0.67902 0 0.73412
vn 0.07576 0.62452 0.77733
vn 0.09701 0 0.99528
vn 0.38981 0.62899 0.67262
vn 0.50142 0 0.8652
vn -0.9027 -0 -0.43026
vn -0.70198 0.6287 -0.3346
vn -0.57218 0.62653 -0.52922
vn 0.01404 0.62472 -0.78072
vn 0.01799 -0 -0.99984
vn -0.73413 -0 -0.67901
vn -0.77732 0.62452 0.0758
vn -0.99528 0 0.09706
vn -0.67262 0.62898 0.38982
vn -0.8652 0 0.50143
vn 0.43026 -0 -0.90271
vn 0.33459 0.6287 -0.70199
vn 0.52924 0.62655 -0.57214
vn 0.78073 0.62471 0.01399
vn 0.99984 0 0.01792
vn 0.67904 -0 -0.7341
vn -0.07571 0.62451 -0.77734
vn -0.09694 -0 -0.99529
vn -0.38981 0.62899 -0.67262
vn -0.50142 -0 -0.8652
vn 0.9027 0 0.43027
vn 0.70198 0.6287 0.3346
vn 0.57223 0.6265 0.52919
vn -0.01403 0.62472 0.78072
vn -0.01799 0 0.99984
vn 0.73413 0 0.67901
vn 0.77732 0.62452 -0.0758
vn 0.99528 -0 -0.09705
vn 0.67262 0.62899 -0.38982
vn 0.8652 -0 -0.50143
vn -0.43028 0 0.9027
vn -0.3346 0.6287 0.70198
vn -0.38887 -0.59256 0.70544
vn -0.47 -0.76894 0.4334
vn 0.31541 -0.76893 0.55611
vn 0.15514 -0.59255 0.79045
vn -0.41016 0.35111 0.84172
vn -0.50075 0.59347 0.63012
vn -0.87808 -0.08773 0.4704
vn -0.67151 -0.12073 0.73109
vn -0.68973 0.08821 -0.71867
vn -0.31359 0.76725 -0.55945
vn 0.3132 -0.76688 0.56018
vn -0.46915 -0.76688 0.43794
vn 0.28467 0.59347 0.75284
vn 0.69275 -0.08773 0.71582
vn 0.87608 0.08822 -0.47403
vn 0.46931 0.76725 -0.43712
vn 0.68909 -0.08833 0.71927
vn 0.41648 -0.12072 0.90109
vn 0.49995 -0.59083 -0.63323
vn 0.13386 0.35111 0.92672
vn 0.28259 0.59025 0.75614
vn -0.28297 -0.59083 -0.75554
vn -0.49978 0.59024 0.6339
vn -0.87565 -0.08833 0.47479
vn -0.34677 0.83461 0.42798
vn -0.49814 0.60649 0.6197
vn 0.28795 0.61017 0.73809
vn 0.19769 0.83716 0.50998
vn -0.20474 0.83234 -0.51507
vn -0.29308 0.6032 -0.74179
vn -0.78863 0.603 -0.12023
vn -0.54797 0.83222 -0.08453
vn -0.78098 -0.61366 -0.11614
vn -0.28701 -0.61345 -0.73573
vn 0.2868 0.61416 0.73522
vn -0.49622 0.6105 0.6173
vn 0.49301 0.60687 -0.62342
vn 0.78351 0.61036 0.11652
vn 0.78614 -0.60631 0.11987
vn 0.49656 -0.60979 -0.61773
vn 0.78043 0.61437 0.11607
vn 0.54092 0.83731 0.07945
vn 0.29215 -0.6065 0.73946
vn 0.33972 0.83489 -0.43307
vn 0.49106 0.61088 -0.62103
vn -0.49142 -0.61017 0.62145
vn -0.29197 0.60722 -0.73895
vn -0.7856 0.60703 -0.11978
vn 0.49654 -0.72915 0.47095
vn 0.49067 -0.045 0.87018
vn 0.74606 -0.06153 0.66303
vn 0.75015 -0.53738 0.38534
vn 0.89766 0.41432 -0.15018
vn 0.81981 0.41432 0.39528
vn 0.59669 0.63914 0.48524
vn 0.7086 0.63915 -0.29896
vn -0.71418 0.04497 0.69852
vn 0.48665 -0.04473 0.87245
vn 0.59306 0.64184 0.48614
vn -0.60812 0.72935 0.31344
vn 0.70537 0.64183 -0.30084
vn 0.71126 -0.04473 -0.7015
vn -0.49029 0.04497 -0.8704
vn -0.49617 0.72935 -0.47102
vn 0.60487 -0.7313 -0.31518
vn 0.49255 -0.7313 0.47179
vn -0.7083 -0.6394 0.29914
vn -0.59635 -0.6394 -0.48532
vn 0.71449 -0.04501 -0.6982
vn 0.90174 -0.06154 -0.42787
vn 0.828 -0.53739 -0.16012
vn 0.60845 -0.72915 -0.31325
vn -0.19177 0.68615 0.70173
vn 0.07173 -0.00018 0.99742
vn 0.98258 -0.00018 0.18581
vn 0.71912 0.68615 -0.10988
vn -0.7189 0.68634 0.11009
vn 0.19195 0.68633 -0.7015
vn -0.19197 -0.68633 0.7015
vn 0.7189 -0.68634 -0.1101
vn -0.0717 0.00017 -0.99743
vn -0.98258 0.00017 -0.18582
vn -0.71911 -0.68616 0.10987
vn 0.19176 -0.68616 -0.70173
vn -0.74662 -0 0.66525
vn 0.74662 -1E-05 -0.66525
vn 0.22076 0.65323 0.72426
vn -0.17095 0.65323 0.73761
vn -0.22577 0 0.97418
vn 0.29157 0 0.95655
vn -0.51685 0.65323 0.55332
vn -0.72427 0.65322 0.22077
vn -0.73761 0.65323 -0.17095
vn 0.55331 0.65323 0.51685
vn 0.73078 1E-05 0.68262
vn -0.55332 0.65323 -0.51685
vn -0.22077 0.65323 -0.72426
vn -0.29157 -0 -0.95655
vn -0.73078 -0 -0.68262
vn 0.17094 0.65323 -0.73761
vn 0.22576 -0 -0.97418
vn 0.51685 0.65322 -0.55332
vn 0.68262 -0 -0.73078
vn 0.73761 0.65324 0.17094
vn 0.97418 3E-05 0.22577
vn -0.95655 0 0.29157
vn -0.68261 0 0.73078
vn 0.72426 0.65323 -0.22076
vn 0.95655 1E-05 -0.29157
vn -0.97418 -0 -0.22578
vn 0.77441 0.63216 -0.02573
vn 0.54765 0.62124 0.56049
vn 0.69887 0 0.71525
vn 0.99945 -0 -0.03321
vn -0.9991 -0 -0.04248
vn -0.46274 -0 -0.88649
vn -0.25205 0.83863 -0.48287
vn -0.54421 0.83863 -0.02314
vn 0.53637 -0 -0.84398
vn 0.29216 0.83863 -0.45972
vn 0.9991 0 0.0425
vn 0.54422 0.83862 0.02315
vn 0.46277 0 0.88648
vn 0.25208 0.83862 0.48288
vn -0.53632 0 0.84401
vn -0.29213 0.83863 0.45973
vn 0.50856 0.62104 -0.59639
vn 0.64886 -0 -0.76091
vn 0.19619 0.63195 -0.74977
vn 0.25314 -0 -0.96743
vn 0.31927 0 0.94766
vn 0.24751 0.63166 0.73467
vn 0.02573 0.63215 0.77442
vn -0.56048 0.62124 0.54765
vn -0.71525 0 0.69887
vn 0.0332 0 0.99945
vn 0.59638 0.62103 0.50858
vn 0.7609 0 0.64887
vn 0.74977 0.63195 0.19618
vn 0.96743 0 0.25313
vn -0.94767 0 0.31925
vn -0.73467 0.63167 0.2475
vn -0.77516 0.63124 0.02572
vn -0.54628 0.6218 -0.5612
vn -0.69752 -0 -0.71657
vn -0.99945 0 0.03317
vn -0.50717 0.62159 0.597
vn -0.64744 0 0.76212
vn -0.19754 0.63146 0.74983
vn -0.25475 0 0.96701
vn -0.32087 -0 -0.94712
vn -0.24889 0.63116 -0.73464
vn -0.0257 0.6316 -0.77487
vn 0.56093 0.62158 -0.54681
vn 0.71606 -0 -0.69804
vn -0.03315 -0 -0.99945
vn -0.59674 0.62137 -0.50774
vn -0.76162 -0 -0.64802
vn -0.7498 0.63164 -0.19702
vn -0.96717 -0 -0.25414
vn 0.94734 -0 -0.32024
vn 0.73465 0.63136 -0.24834
vn 0.56571 0.63217 0.52948
vn -0.00911 0.62124 0.78356
vn -0.01162 0 0.99993
vn 0.73012 0 0.68332
vn 0.78133 0.62102 -0.06205
vn 0.99686 -0 -0.07916
vn 0.66888 0.63196 -0.39145
vn 0.86306 -0 -0.5051
vn -0.44435 0 0.89585
vn -0.34448 0.63166 0.6945
vn -0.52942 0.63214 0.56578
vn -0.78357 0.62124 -0.0091
vn -0.99993 -0 -0.01162
vn -0.68325 0 0.73018
vn 0.06211 0.62103 0.78132
vn 0.07925 0 0.99686
vn 0.39145 0.63196 0.66887
vn 0.5051 0 0.86306
vn -0.89585 -0 -0.44435
vn -0.69451 0.63166 -0.34448
vn -0.56634 0.63125 -0.52989
vn 0.01051 0.62179 -0.78311
vn 0.01343 -0 -0.99991
vn -0.73021 -0 -0.68322
vn -0.78076 0.62159 0.06353
vn -0.99671 0 0.0811
vn -0.6699 0.63145 0.39053
vn -0.86391 0 0.50364
vn 0.44283 -0 -0.8966
vn 0.34348 0.63117 -0.69545
vn 0.53083 0.62961 -0.56729
vn 0.78226 0.62281 0.01325
vn 0.99986 0 0.01694
vn 0.68326 -0 -0.73018
vn -0.06616 0.6226 -0.77974
vn -0.08454 -0 -0.99642
vn -0.38889 0.63057 -0.67168
vn -0.50106 -0 -0.86542
vn 0.89792 0 0.44016
vn 0.69712 0.63028 0.34173
vn 0.05456 0.77609 -0.62826
vn -0.50107 0.24803 -0.8291
vn -0.91514 0.2472 0.31845
vn -0.35953 0.77528 0.5193
vn 0.76265 0.52848 -0.37292
vn 0.34856 0.52766 0.77465
vn -0.34855 -0.52766 -0.77465
vn -0.76265 -0.52849 0.37292
vn 0.50106 -0.24803 0.82911
vn 0.91514 -0.2472 -0.31845
vn 0.35953 -0.77527 -0.51932
vn -0.05456 -0.7761 0.62825
vn -0.40915 -0.90034 -0.14829
vn -0.25247 -0.51203 -0.82103
vn 0.39016 -0.48887 -0.78025
vn 0.19244 -0.9789 0.06874
vn 0.33941 0.00068 -0.94064
vn -0.71412 0.65106 -0.25721
vn -0.40497 0.26367 -0.87549
vn -0.92075 -0.20433 -0.33238
vn -0.33942 -0.00067 0.94063
vn -0.71832 -0.51295 0.46999
vn -0.8708 0.26275 0.41553
vn -0.19243 0.9789 -0.06873
vn -0.39016 0.48886 0.78025
vn 0.19772 0.49004 -0.84898
vn -0.19772 -0.49004 0.84898
vn -0.99083 0.13 0.03691
vn 0.52625 0.82704 0.19764
vn 0.64489 0.47664 0.59743
vn -0.87218 -0.22038 0.43672
vn -0.31868 -0.60941 -0.72599
vn 0.78675 -0.10151 -0.60887
vn 0.9255 -0.0121 -0.37857
vn -0.5141 -0.67354 -0.53108
vn -0.6449 -0.47662 -0.59745
vn 0.87217 0.2204 -0.43674
vn 0.63989 0.69893 -0.31944
vn -0.87718 0.0019 -0.48016
vn -0.87218 -0.22042 0.43671
vn 0.64489 0.47666 0.59742
vn 0.87718 -0.0019 0.48017
vn -0.6399 -0.69892 0.31943
vn -0.52625 -0.82704 -0.19765
vn 0.99083 -0.12998 -0.0369
vn 0.87217 0.22039 -0.43675
vn -0.64486 -0.47663 -0.59748
vn -0.63989 -0.69893 0.31943
vn 0.87717 -0.0019 0.48017
vn 0.99083 -0.13 -0.03693
vn -0.52626 -0.82703 -0.19767
vn -0.99082 0.13001 0.03694
vn 0.52626 0.82703 0.19766
vn 0.56501 0.29399 0.77093
vn 0.69992 -0.2851 0.65486
vn 0.6399 0.69892 -0.31942
vn 0.87219 0.2204 -0.43671
vn 0.99082 -0.13004 -0.03692
vn 0.27778 0.67294 0.68556
vn 0.2933 0.94377 0.15259
vn 0.87719 -0.00188 0.48014
vn 0.93178 -0.3493 0.09887
vn 0.52625 0.82704 0.19766
vn 0.85678 -0.34308 -0.38498
vn 0.63992 0.69892 -0.31941
vn 0.64485 0.47663 0.59749
vn 0.34737 0.93701 0.03666
vn 0.3445 0.76496 -0.5442
vn -0.87718 0.00188 -0.48016
vn 0.71414 0.29373 -0.6354
vn -0.56501 -0.29399 -0.77093
vn -0.93178 0.3493 -0.09887
vn -0.69991 0.28509 -0.65487
vn -0.22043 -0.83803 -0.49911
vn -0.34737 -0.93701 -0.03666
vn -0.34451 -0.76496 0.5442
vn -0.92255 0.38514 0.02377
vn -0.71414 -0.29372 0.6354
vn -0.87718 0.00191 -0.48016
vn -0.64489 -0.47665 -0.59744
vn -0.52621 -0.82706 -0.19765
vn -0.80147 0.17707 0.57121
vn -0.63992 -0.69893 0.31936
vn -0.99082 0.13001 0.03694
vn -0.87218 -0.22035 0.43674
vn 0.79278 0.41636 -0.44513
vn 0.62251 0.77891 -0.07602
vn -0.94695 0.21115 -0.24229
vn -0.77667 -0.15141 -0.61144
vn 0.82157 -0.08522 0.56371
vn 0.6308 -0.1608 0.7591
vn -0.51282 -0.57449 0.63794
vn -0.66773 -0.62399 0.40593
vn 0.61444 0.64646 0.45227
vn 0.77668 0.15142 0.61142
vn -0.79279 -0.41633 0.44515
vn -0.955 0.0787 0.28598
vn 0.955 -0.07869 -0.28598
vn 0.79277 0.41633 -0.44518
vn -0.77671 -0.15139 -0.6114
vn -0.61445 -0.64645 -0.45228
vn 0.77668 0.15141 0.61142
vn 0.94696 -0.21114 0.24227
vn -0.62251 -0.77891 0.07598
vn -0.79277 -0.41635 0.44515
vn 0.94695 -0.21115 0.2423
vn 0.955 -0.07868 -0.28599
vn -0.61444 -0.64645 -0.4523
vn -0.62249 -0.77892 0.07603
vn 0.62252 0.77891 -0.076
vn -0.94695 0.21112 -0.2423
vn 0.61445 0.64646 0.45226
vn 0.79542 -0.34777 -0.49634
vn 0.73614 0.23941 -0.63307
vn 0.77667 0.15142 0.61144
vn 0.94695 -0.21116 0.24229
vn 0.46976 0.64154 -0.60643
vn 0.39576 0.91489 -0.07968
vn 0.955 -0.07867 -0.28599
vn 0.62251 0.77891 -0.07602
vn 0.8997 -0.42598 0.09527
vn 0.61447 0.64644 0.45226
vn 0.7259 -0.40928 0.55277
vn 0.79275 0.41637 -0.44517
vn 0.42364 0.90472 0.04493
vn 0.28506 0.73867 0.61082
vn -0.95499 0.07869 0.286
vn 0.58717 0.23932 0.77328
vn -0.73614 -0.23941 0.63307
vn -0.89969 0.42601 -0.09527
vn -0.79542 0.34779 0.49635
vn -0.3885 -0.81248 0.43468
vn -0.42361 -0.90473 -0.04493
vn -0.28505 -0.73867 -0.61083
vn -0.86207 0.45987 -0.21295
vn -0.58717 -0.23931 -0.77328
vn -0.95499 0.07869 0.286
vn -0.79279 -0.41635 0.44513
vn -0.6225 -0.77892 0.07604
vn -0.64676 0.23765 -0.72472
vn -0.61447 -0.64644 -0.45227
vn -0.94694 0.21113 -0.24233
vn -0.77667 -0.15147 -0.61143
vn 0.7634 -0.30153 0.57123
vn 0.7299 0.57737 -0.36591
vn 0.36594 0.57733 0.72991
vn 0.95347 -0.30149 -0.00105
vn 0.74196 0.6646 0.08834
vn 0.62758 0.60169 -0.49407
vn 0.57125 0.30157 -0.76337
vn 0.36592 0.57733 0.72993
vn 0.00105 0.30147 0.95347
vn -0.72988 -0.57738 0.36593
vn 0.36597 -0.57737 0.72987
vn -0.36593 -0.57732 -0.72993
vn -0.36593 0.57738 -0.72988
vn -0.7299 0.57732 0.36598
vn 0.95346 0.30153 -0.00103
vn -0.95346 -0.30153 0.00104
vn -0.76339 -0.30151 -0.57125
vn 0.62763 -0.6016 -0.49412
vn 0.742 -0.66456 0.08829
vn -0.95347 0.3015 0.00104
vn -0.76341 0.30152 -0.57122
vn 0.76339 0.30149 0.57126
vt 0.75905 0.43157
vt 0.75905 0.45293
vt 0.87485 0.45293
vt 0.87485 0.43157
vt 0.75905 0.41022
vt 0.87485 0.41022
vt 0.75905 0.47428
vt 0.87485 0.47428
vt 0.87485 0.38887
vt 0.75905 0.38887
vt 0.75905 0.49563
vt 0.87485 0.49563
vt 0.87066 0.66457
vt 0.87066 0.64322
vt 0.81275 0.64322
vt 0.81275 0.66457
vt 0.92359 0.95287
vt 0.94208 0.94219
vt 0.92359 0.93151
vt 0.92358 0.58667
vt 0.90509 0.59734
vt 0.92358 0.60801
vt 0.92359 0.91016
vt 0.90509 0.92084
vt 0.87485 0.36751
vt 0.75905 0.36751
vt 0.90509 0.94219
vt 0.92359 0.82046
vt 0.90509 0.83114
vt 0.92359 0.84182
vt 0.90509 0.61868
vt 0.94208 0.85249
vt 0.92359 0.86317
vt 0.94206 0.61868
vt 0.94206 0.59734
vt 0.81275 0.60054
vt 0.87066 0.60054
vt 0.87066 0.57919
vt 0.81275 0.57919
vt 0.92358 0.62936
vt 0.94208 0.92084
vt 0.90509 0.85249
vt 0.94208 0.83114
vt 0.81275 0.62188
vt 0.87066 0.62188
vt 0.87066 0.55785
vt 0.87066 0.5365
vt 0.81275 0.5365
vt 0.81275 0.55785
vt 0.28106 0.34304
vt 0.28106 0.36856
vt 0.29007 0.36856
vt 0.29007 0.34304
vt 0.28106 0.31753
vt 0.29007 0.31753
vt 0.91978 0.45106
vt 0.91978 0.47657
vt 0.9288 0.47657
vt 0.9288 0.45106
vt 0.91978 0.50208
vt 0.9288 0.50208
vt 0.91978 0.52759
vt 0.9288 0.52759
vt 0.28106 0.29202
vt 0.29007 0.29202
vt 0.58219 0.14992
vt 0.60579 0.11809
vt 0.5837 0.10533
vt 0.57395 0.14169
vt 0.29007 0.41958
vt 0.29007 0.39407
vt 0.28106 0.39407
vt 0.28106 0.41958
vt 0.91978 0.5531
vt 0.91978 0.57861
vt 0.9288 0.57861
vt 0.9288 0.5531
vt 0.91978 0.42554
vt 0.9288 0.42554
vt 0.55818 0.10533
vt 0.53609 0.11809
vt 0.56271 0.1447
vt 0.60579 0.18778
vt 0.61854 0.16569
vt 0.57917 0.16117
vt 0.61854 0.14018
vt 0.56793 0.16418
vt 0.5837 0.20054
vt 0.52333 0.14018
vt 0.28106 0.44509
vt 0.29007 0.44509
vt 0.95398 0.65729
vt 0.95398 0.66894
vt 0.963 0.66894
vt 0.963 0.65729
vt 0.91192 0.57472
vt 0.90028 0.57472
vt 0.90028 0.58373
vt 0.91192 0.58373
vt 0.88863 0.57472
vt 0.88863 0.58373
vt 0.87699 0.57472
vt 0.87699 0.58373
vt 0.55818 0.20054
vt 0.52333 0.16569
vt 0.55969 0.15595
vt 0.95398 0.63401
vt 0.95398 0.64565
vt 0.963 0.64565
vt 0.963 0.63401
vt 0.53609 0.18778
vt 0.3087 0.01085
vt 0.3076 0.01332
vt 0.30869 0.01579
vt 0.9906 0.87364
vt 0.9906 0.87094
vt 0.98179 0.87094
vt 0.98179 0.87364
vt 0.9906 0.89753
vt 0.98179 0.89753
vt 0.98179 0.84434
vt 0.98179 0.86824
vt 0.9906 0.86824
vt 0.9906 0.84434
vt 0.33152 0.02285
vt 0.33152 0.00377
vt 0.14575 0.01436
vt 0.14305 0.01436
vt 0.14305 0.02317
vt 0.14575 0.02317
vt 0.89091 0.58667
vt 0.89091 0.62084
vt 0.90295 0.62084
vt 0.90295 0.58667
vt 0.79022 0.20107
vt 0.75604 0.20107
vt 0.81981 0.21816
vt 0.8369 0.24776
vt 0.8369 0.28193
vt 0.89091 0.96475
vt 0.89091 0.99893
vt 0.90295 0.99893
vt 0.90295 0.96475
vt 0.81981 0.31153
vt 0.79022 0.32862
vt 0.89091 0.75755
vt 0.89091 0.79173
vt 0.90295 0.79173
vt 0.90295 0.75755
vt 0.89091 0.79387
vt 0.89091 0.82805
vt 0.90295 0.82805
vt 0.90295 0.79387
vt 0.89091 0.86222
vt 0.90295 0.86222
vt 0.89091 0.93058
vt 0.90295 0.93058
vt 0.90295 0.6892
vt 0.90295 0.65502
vt 0.89091 0.65502
vt 0.89091 0.6892
vt 0.89091 0.8964
vt 0.90295 0.8964
vt 0.89091 0.72337
vt 0.90295 0.72337
vt 0.02684 0.07718
vt 0.02684 0.0721
vt 0.01507 0.0721
vt 0.01507 0.07718
vt 0.75604 0.32862
vt 0.72644 0.31153
vt 0.70935 0.28193
vt 0.70935 0.24776
vt 0.99808 0.35825
vt 0.99808 0.3427
vt 0.98604 0.3427
vt 0.98604 0.35825
vt 0.99808 0.39149
vt 0.99808 0.37594
vt 0.98604 0.37594
vt 0.98604 0.39149
vt 0.99808 0.36039
vt 0.98604 0.36039
vt 0.79953 0.10206
vt 0.81507 0.10206
vt 0.81507 0.09001
vt 0.79953 0.09001
vt 0.44085 0.00715
vt 0.4253 0.00715
vt 0.4253 0.01919
vt 0.44085 0.01919
vt 0.40975 0.00715
vt 0.40975 0.01919
vt 0.72644 0.21816
vt 0.75058 0.51283
vt 0.74869 0.51754
vt 0.75057 0.52224
vt 0.02684 0.08224
vt 0.01507 0.08224
vt 0.02684 0.12342
vt 0.01507 0.12342
vt 0.01507 0.03092
vt 0.02684 0.03092
vt 0.79003 0.53401
vt 0.79003 0.50102
vt 0.92926 0.72132
vt 0.92926 0.71625
vt 0.9175 0.71625
vt 0.9175 0.72132
vt 0.4243 0.04899
vt 0.4224 0.0537
vt 0.42428 0.0584
vt 0.92926 0.72638
vt 0.9175 0.72638
vt 0.92926 0.76757
vt 0.9175 0.76757
vt 0.9175 0.67506
vt 0.92926 0.67506
vt 0.46375 0.07017
vt 0.46375 0.03718
vt 0.96372 0.58315
vt 0.96372 0.58815
vt 0.97549 0.58815
vt 0.97549 0.58315
vt 0.71124 0.04703
vt 0.70935 0.05166
vt 0.71123 0.05629
vt 0.96372 0.57815
vt 0.97549 0.57815
vt 0.96372 0.53695
vt 0.97549 0.53695
vt 0.97549 0.62936
vt 0.96372 0.62936
vt 0.7507 0.06813
vt 0.7507 0.03514
vt 0.96064 0.37718
vt 0.96064 0.38221
vt 0.9724 0.38221
vt 0.9724 0.37718
vt 0.56871 0.04351
vt 0.56682 0.04817
vt 0.5687 0.05283
vt 0.96064 0.37215
vt 0.9724 0.37215
vt 0.96064 0.33096
vt 0.9724 0.33096
vt 0.9724 0.4234
vt 0.96064 0.4234
vt 0.60817 0.06465
vt 0.60817 0.03166
vt 0.96574 0.71733
vt 0.96574 0.71226
vt 0.95398 0.71226
vt 0.95398 0.71733
vt 0.79406 0.51283
vt 0.79217 0.51754
vt 0.79405 0.52224
vt 0.96574 0.7224
vt 0.95398 0.7224
vt 0.96574 0.76358
vt 0.95398 0.76358
vt 0.95398 0.67108
vt 0.96574 0.67108
vt 0.83352 0.53401
vt 0.83352 0.50102
vt 0.7556 0.033
vt 0.76067 0.033
vt 0.76067 0.02123
vt 0.7556 0.02123
vt 0.65568 0.04347
vt 0.65379 0.04817
vt 0.65567 0.05287
vt 0.75053 0.033
vt 0.75053 0.02123
vt 0.70935 0.033
vt 0.70935 0.02123
vt 0.80185 0.02123
vt 0.80185 0.033
vt 0.69514 0.06465
vt 0.69514 0.03166
vt 0.96789 0.90666
vt 0.96789 0.91166
vt 0.97965 0.91166
vt 0.97965 0.90666
vt 0.62258 0.11807
vt 0.62069 0.1227
vt 0.62257 0.12733
vt 0.96789 0.90166
vt 0.97965 0.90166
vt 0.96789 0.86046
vt 0.97965 0.86046
vt 0.97965 0.95287
vt 0.96789 0.95287
vt 0.66203 0.13918
vt 0.66203 0.10619
vt 0.92064 0.04229
vt 0.92553 0.04229
vt 0.92553 0.03052
vt 0.92064 0.03052
vt 0.75473 0.04715
vt 0.75284 0.05166
vt 0.75472 0.05616
vt 0.91577 0.04229
vt 0.91577 0.03052
vt 0.87453 0.04229
vt 0.87453 0.03052
vt 0.96677 0.03052
vt 0.96677 0.04229
vt 0.79418 0.06813
vt 0.79418 0.03514
vt 0.57654 0.00932
vt 0.57544 0.01179
vt 0.57653 0.01426
vt 0.14845 0.01436
vt 0.14845 0.02317
vt 0.17234 0.01436
vt 0.17234 0.02317
vt 0.11915 0.02317
vt 0.11915 0.01436
vt 0.59936 0.02132
vt 0.59936 0.00224
vt 0.97941 0.50821
vt 0.97941 0.51091
vt 0.98823 0.51091
vt 0.98823 0.50821
vt 0.17558 0.01116
vt 0.17448 0.01364
vt 0.17557 0.01611
vt 0.97941 0.50551
vt 0.98823 0.50551
vt 0.97941 0.48162
vt 0.98823 0.48162
vt 0.98823 0.5348
vt 0.97941 0.5348
vt 0.1984 0.02317
vt 0.1984 0.00408
vt 0.9907 0.31245
vt 0.9907 0.30974
vt 0.98189 0.30974
vt 0.98189 0.31245
vt 0.60259 0.00932
vt 0.6015 0.01179
vt 0.60259 0.01426
vt 0.9907 0.31515
vt 0.98189 0.31515
vt 0.9907 0.33904
vt 0.98189 0.33904
vt 0.98189 0.28585
vt 0.9907 0.28585
vt 0.62541 0.02132
vt 0.62541 0.00224
vt 0.49248 0.04599
vt 0.49519 0.04599
vt 0.49519 0.03718
vt 0.49248 0.03718
vt 0.52443 0.00932
vt 0.52333 0.01179
vt 0.52442 0.01426
vt 0.48978 0.04599
vt 0.48978 0.03718
vt 0.46589 0.04599
vt 0.46589 0.03718
vt 0.51908 0.03718
vt 0.51908 0.04599
vt 0.54725 0.02132
vt 0.54725 0.00224
vt 0.84579 0.02838
vt 0.84849 0.02838
vt 0.84849 0.01957
vt 0.84579 0.01957
vt 0.96716 0.07029
vt 0.96607 0.07276
vt 0.96716 0.07523
vt 0.84309 0.02838
vt 0.84309 0.01957
vt 0.81919 0.02838
vt 0.81919 0.01957
vt 0.87238 0.01957
vt 0.87238 0.02838
vt 0.98998 0.08229
vt 0.98998 0.0632
vt 0.23538 0.04416
vt 0.23809 0.04416
vt 0.23809 0.03535
vt 0.23538 0.03535
vt 0.68076 0.00932
vt 0.67967 0.01179
vt 0.68076 0.01426
vt 0.23268 0.04416
vt 0.23268 0.03535
vt 0.20879 0.04416
vt 0.20879 0.03535
vt 0.26198 0.03535
vt 0.26198 0.04416
vt 0.70358 0.02132
vt 0.70358 0.00224
vt 0.98179 0.8156
vt 0.98179 0.81831
vt 0.9906 0.81831
vt 0.9906 0.8156
vt 0.00402 0.01116
vt 0.00292 0.01364
vt 0.00401 0.01611
vt 0.98179 0.8129
vt 0.9906 0.8129
vt 0.98179 0.78901
vt 0.9906 0.78901
vt 0.9906 0.8422
vt 0.98179 0.8422
vt 0.02684 0.02317
vt 0.02684 0.00408
vt 0.6984 0.06081
vt 0.6984 0.06351
vt 0.70721 0.06351
vt 0.70721 0.06081
vt 0.55048 0.00932
vt 0.54939 0.01179
vt 0.55048 0.01426
vt 0.6984 0.0581
vt 0.70721 0.0581
vt 0.6984 0.03421
vt 0.70721 0.03421
vt 0.70721 0.0874
vt 0.6984 0.0874
vt 0.5733 0.02132
vt 0.5733 0.00224
vt 0.21681 0.05593
vt 0.21951 0.05593
vt 0.21951 0.04712
vt 0.21681 0.04712
vt 0.6547 0.00932
vt 0.65361 0.01179
vt 0.6547 0.01426
vt 0.2141 0.05593
vt 0.2141 0.04712
vt 0.19021 0.05593
vt 0.19021 0.04712
vt 0.2434 0.04712
vt 0.2434 0.05593
vt 0.67752 0.02132
vt 0.67752 0.00224
vt 0.01498 0.15874
vt 0.01498 0.16145
vt 0.02379 0.16145
vt 0.02379 0.15874
vt 0.62865 0.00932
vt 0.62756 0.01179
vt 0.62864 0.01426
vt 0.01498 0.15604
vt 0.02379 0.15604
vt 0.01498 0.13215
vt 0.02379 0.13215
vt 0.02379 0.18534
vt 0.01498 0.18534
vt 0.65147 0.02132
vt 0.65147 0.00224
vt 0.9906 0.92627
vt 0.9906 0.92357
vt 0.98179 0.92357
vt 0.98179 0.92627
vt 0.72364 0.70735
vt 0.72255 0.70983
vt 0.72364 0.7123
vt 0.9906 0.92897
vt 0.98179 0.92897
vt 0.9906 0.95287
vt 0.98179 0.95287
vt 0.98179 0.89968
vt 0.9906 0.89968
vt 0.74647 0.71936
vt 0.74647 0.70027
vt 0.21947 0.0193
vt 0.22597 0.0193
vt 0.22597 0.00903
vt 0.21947 0.00903
vt 0.98381 0.97793
vt 0.98381 0.99893
vt 0.99408 0.99893
vt 0.99408 0.97793
vt 0.23248 0.0193
vt 0.23898 0.0193
vt 0.23898 0.00903
vt 0.23248 0.00903
vt 0.87809 0.68261
vt 0.87809 0.68912
vt 0.88835 0.68912
vt 0.88835 0.68261
vt 0.87809 0.70863
vt 0.87809 0.71514
vt 0.88835 0.71514
vt 0.88835 0.70863
vt 0.24549 0.0193
vt 0.25199 0.0193
vt 0.25199 0.00903
vt 0.24549 0.00903
vt 0.87809 0.72165
vt 0.88835 0.72165
vt 0.87809 0.69562
vt 0.88835 0.69562
vt 0.25736 0.58742
vt 0.27891 0.5614
vt 0.23192 0.5614
vt 0.25108 0.58573
vt 0.24647 0.59033
vt 0.18493 0.5614
vt 0.14106 0.69021
vt 0.24816 0.59661
vt 0.25904 0.5937
vt 0.27891 0.60417
vt 0.25736 0.7672
vt 0.25904 0.77348
vt 0.27891 0.7944
vt 0.25108 0.76551
vt 0.25444 0.5983
vt 0.16064 0.77639
vt 0.15896 0.77011
vt 0.14106 0.7612
vt 0.14106 0.81901
vt 0.87809 0.70213
vt 0.88835 0.70213
vt 0.19417 0.81901
vt 0.16692 0.77808
vt 0.16356 0.76551
vt 0.16985 0.7672
vt 0.24648 0.77011
vt 0.17153 0.77348
vt 0.24816 0.77639
vt 0.24766 0.81901
vt 0.25843 0.80098
vt 0.25444 0.77808
vt 0.80132 0.35255
vt 0.85481 0.35255
vt 0.85481 0.34229
vt 0.80132 0.34229
vt 0.46424 0.07231
vt 0.40642 0.07231
vt 0.40642 0.08258
vt 0.46424 0.08258
vt 0.07174 0.06834
vt 0.26198 0.06834
vt 0.26198 0.05808
vt 0.07174 0.05808
vt 0.90791 0.35255
vt 0.90791 0.34229
vt 0.02898 0.06834
vt 0.02898 0.05808
vt 0.33543 0.07231
vt 0.33543 0.08258
vt 0.92152 0.05469
vt 0.96851 0.05469
vt 0.96851 0.04443
vt 0.92152 0.04443
vt 0.09193 0.81901
vt 0.13892 0.81901
vt 0.11737 0.793
vt 0.11109 0.79469
vt 0.10648 0.79009
vt 0.04494 0.81901
vt 0.00107 0.69021
vt 0.10817 0.7838
vt 0.90509 0.6315
vt 0.90509 0.76757
vt 0.91536 0.76757
vt 0.91536 0.6315
vt 0.13892 0.77625
vt 0.11905 0.78671
vt 0.13892 0.58601
vt 0.11905 0.60693
vt 0.11737 0.61322
vt 0.11109 0.6149
vt 0.11445 0.78212
vt 0.98381 0.95641
vt 0.99408 0.95641
vt 0.00107 0.61922
vt 0.01897 0.61031
vt 0.02065 0.60402
vt 0.00107 0.5614
vt 0.87453 0.05469
vt 0.87453 0.04443
vt 0.05418 0.56141
vt 0.02693 0.60233
vt 0.02357 0.6149
vt 0.02985 0.61322
vt 0.10648 0.61031
vt 0.10817 0.60402
vt 0.03153 0.60693
vt 0.11844 0.57943
vt 0.10767 0.56141
vt 0.11445 0.60233
vt 0.28106 0.27687
vt 0.28106 0.28338
vt 0.29132 0.28338
vt 0.29132 0.27687
vt 0.29132 0.27036
vt 0.28106 0.27036
vt 0.29132 0.26386
vt 0.28106 0.26386
vt 0.28106 0.28988
vt 0.29132 0.28988
vt 0.28106 0.25085
vt 0.28106 0.25735
vt 0.29132 0.25735
vt 0.29132 0.25085
vt 0.21296 0.0193
vt 0.21296 0.00903
vt 0.70182 0.6988
vt 0.66691 0.6988
vt 0.66691 0.70401
vt 0.70182 0.70401
vt 0.52973 0.98387
vt 0.52726 0.97461
vt 0.51535 0.96402
vt 0.51535 0.99893
vt 0.54206 0.99893
vt 0.53899 0.98635
vt 0.54577 0.97958
vt 0.64093 0.99893
vt 0.64093 0.84365
vt 0.54329 0.97032
vt 0.53404 0.96783
vt 0.51535 0.81247
vt 0.62392 0.8279
vt 0.6264 0.83716
vt 0.64093 0.81247
vt 0.61962 0.84394
vt 0.61141 0.81247
vt 0.61467 0.82542
vt 0.60789 0.83219
vt 0.61036 0.84145
vt 0.97975 0.11245
vt 0.97975 0.08574
vt 0.97454 0.08574
vt 0.97454 0.11245
vt 0.97975 0.24298
vt 0.97975 0.21346
vt 0.97454 0.21346
vt 0.97454 0.24298
vt 0.91425 0.22206
vt 0.91425 0.37734
vt 0.91945 0.37734
vt 0.91945 0.22206
vt 0.97975 0.33904
vt 0.97454 0.33904
vt 0.51535 0.6988
vt 0.51535 0.70401
vt 0.97975 0.21132
vt 0.97454 0.21132
vt 0.91425 0.19088
vt 0.91945 0.19088
vt 0.37034 0.45634
vt 0.35976 0.44443
vt 0.3505 0.44196
vt 0.33543 0.45634
vt 0.33543 0.42963
vt 0.34801 0.4327
vt 0.35478 0.42592
vt 0.33543 0.33076
vt 0.49071 0.33076
vt 0.36404 0.4284
vt 0.52189 0.45634
vt 0.36653 0.43765
vt 0.4972 0.34529
vt 0.50646 0.34777
vt 0.52189 0.33076
vt 0.49042 0.35207
vt 0.52189 0.36028
vt 0.50894 0.35703
vt 0.50217 0.3638
vt 0.49291 0.36133
vt 0.82815 0.1986
vt 0.82813 0.18824
vt 0.70937 0.18846
vt 0.70939 0.19893
vt 0.70935 0.16752
vt 0.70936 0.17799
vt 0.82812 0.17788
vt 0.82811 0.16752
vt 0.97727 0.49429
vt 0.96372 0.49429
vt 0.96372 0.51455
vt 0.97727 0.51455
vt 0.8728 0.6038
vt 0.8728 0.62406
vt 0.88635 0.62406
vt 0.88635 0.6038
vt 0.96372 0.5348
vt 0.97727 0.5348
vt 0.8728 0.64431
vt 0.8728 0.66457
vt 0.88635 0.66457
vt 0.88635 0.64431
vt 0.98523 0.73809
vt 0.97676 0.7332
vt 0.97676 0.75345
vt 0.98523 0.74856
vt 0.82812 0.15716
vt 0.70936 0.15705
vt 0.9943 0.76358
vt 0.9943 0.75379
vt 0.97443 0.45627
vt 0.97443 0.46606
vt 0.99197 0.45593
vt 0.98349 0.45104
vt 0.98349 0.44057
vt 0.99197 0.43567
vt 0.70937 0.14658
vt 0.82813 0.1468
vt 0.82816 0.13644
vt 0.70939 0.13612
vt 0.97443 0.42554
vt 0.97443 0.43533
vt 0.9943 0.73285
vt 0.9943 0.72307
vt 0.97727 0.47404
vt 0.96372 0.47404
vt 0.51578 0.08699
vt 0.51578 0.09657
vt 0.52099 0.09657
vt 0.52099 0.08699
vt 0.51578 0.10616
vt 0.52099 0.10616
vt 0.51578 0.11574
vt 0.52099 0.11574
vt 0.51578 0.12533
vt 0.52099 0.12533
vt 0.51578 0.13491
vt 0.52099 0.13491
vt 0.51578 0.1445
vt 0.52099 0.1445
vt 0.74769 0.01909
vt 0.75728 0.01909
vt 0.75728 0.01389
vt 0.74769 0.01389
vt 0.76686 0.01909
vt 0.76686 0.01389
vt 0.70935 0.01909
vt 0.71894 0.01909
vt 0.71894 0.01389
vt 0.70935 0.01389
vt 0.72852 0.01909
vt 0.72852 0.01389
vt 0.73811 0.01909
vt 0.73811 0.01389
vt 0.24208 0.27901
vt 0.21609 0.18748
vt 0.21609 0.55926
vt 0.24208 0.54332
vt 0.21395 0.26307
vt 0.1816 0.18748
vt 0.16273 0.18748
vt 0.00348 0.0288
vt 0.00348 0.08002
vt 0.01284 0.0907
vt 0.01284 0.0288
vt 0.89725 0.25644
vt 0.89725 0.31927
vt 0.90793 0.32862
vt 0.90793 0.25644
vt 0.40761 0.01617
vt 0.33543 0.01617
vt 0.34479 0.02684
vt 0.40761 0.02684
vt 0.27891 0.55926
vt 0.25292 0.54332
vt 0.00107 0.55926
vt 0.02707 0.46773
vt 0.02706 0.20342
vt 0.00107 0.18748
vt 0.16273 0.55926
vt 0.21395 0.55926
vt 0.33543 0.20268
vt 0.33543 0.23223
vt 0.41102 0.26458
vt 0.32517 0.08975
vt 0.02898 0.08975
vt 0.02898 0.09911
vt 0.32517 0.09911
vt 0.07325 0.55926
vt 0.0379 0.46773
vt 0.0379 0.20342
vt 0.07325 0.18748
vt 0.9839 0.4234
vt 0.9839 0.34118
vt 0.97454 0.34118
vt 0.97454 0.4234
vt 0.89582 0.35469
vt 0.52404 0.35469
vt 0.52404 0.36537
vt 0.89582 0.36537
vt 0.27891 0.18748
vt 0.25292 0.27901
vt 0.92373 0.66188
vt 0.9175 0.66548
vt 0.93039 0.67292
vt 0.93039 0.66573
vt 0.03982 0.12342
vt 0.03982 0.11274
vt 0.02898 0.11274
vt 0.02898 0.12342
vt 0.30412 0.12342
vt 0.30412 0.11274
vt 0.79918 0.35255
vt 0.79918 0.34187
vt 0.53487 0.34187
vt 0.53487 0.35255
vt 0.52404 0.34187
vt 0.52404 0.35255
vt 0.70721 0.20268
vt 0.70721 0.26458
vt 0.33543 0.59869
vt 0.33543 0.62065
vt 0.68092 0.62065
vt 0.68092 0.59869
vt 0.33543 0.57672
vt 0.68092 0.57672
vt 0.33543 0.64261
vt 0.68092 0.64261
vt 0.68092 0.55476
vt 0.33543 0.55476
vt 0.33543 0.66457
vt 0.68092 0.66457
vt 0.94313 0.96599
vt 0.92411 0.97697
vt 0.94313 0.98795
vt 0.68092 0.5328
vt 0.33543 0.5328
vt 0.91019 0.4234
vt 0.92921 0.41242
vt 0.91019 0.40144
vt 0.92411 0.99893
vt 0.90509 0.98795
vt 0.92921 0.39046
vt 0.91019 0.37948
vt 0.92411 0.95501
vt 0.90509 0.96599
vt 0.89117 0.41242
vt 0.89117 0.39046
vt 0.75691 0.39712
vt 0.52404 0.39712
vt 0.52404 0.42673
vt 0.75691 0.42673
vt 0.75691 0.36751
vt 0.52404 0.36751
vt 0.87594 0.81914
vt 0.64307 0.81914
vt 0.64307 0.84874
vt 0.87594 0.84874
vt 0.52404 0.45634
vt 0.75691 0.45634
vt 0.64307 0.87835
vt 0.87594 0.87835
vt 0.93135 0.09141
vt 0.94764 0.10082
vt 0.94764 0.08201
vt 0.64307 0.90796
vt 0.87594 0.90796
vt 0.89117 0.47657
vt 0.90465 0.47117
vt 0.90465 0.45236
vt 0.89117 0.44696
vt 0.64633 0.20054
vt 0.64633 0.17093
vt 0.62069 0.18573
vt 0.67197 0.15613
vt 0.67197 0.18573
vt 0.62069 0.15613
vt 0.64633 0.14132
vt 0.3067 0.2467
vt 0.33234 0.2319
vt 0.3067 0.21709
vt 0.94764 0.0632
vt 0.93135 0.07261
vt 0.96393 0.09141
vt 0.96393 0.07261
vt 0.91162 0.49799
vt 0.91764 0.48478
vt 0.91089 0.19547
vt 0.89741 0.19007
vt 0.88442 0.20368
vt 0.89045 0.21689
vt 0.91089 0.16587
vt 0.89741 0.17127
vt 0.89045 0.14445
vt 0.88442 0.15766
vt 0.91764 0.43876
vt 0.91162 0.42554
vt 0.93039 0.65034
vt 0.93039 0.64315
vt 0.9175 0.65059
vt 0.92373 0.65419
vt 0.99184 0.22202
vt 0.98189 0.22202
vt 0.98189 0.23691
vt 0.99184 0.23691
vt 0.83033 0.13461
vt 0.83036 0.14231
vt 0.8732 0.14206
vt 0.87316 0.13445
vt 0.99184 0.12842
vt 0.99184 0.11353
vt 0.98189 0.11353
vt 0.98189 0.12842
vt 0.87316 0.104
vt 0.8732 0.09638
vt 0.83036 0.09614
vt 0.83033 0.10384
vt 0.68685 0.07359
vt 0.67788 0.07877
vt 0.69582 0.08912
vt 0.69582 0.07877
vt 0.98189 0.09864
vt 0.99184 0.09864
vt 0.67788 0.08912
vt 0.68685 0.0943
vt 0.8303 0.11153
vt 0.87314 0.11161
vt 0.99184 0.20713
vt 0.98189 0.20713
vt 0.98528 0.57239
vt 0.99818 0.56494
vt 0.99195 0.56134
vt 0.98528 0.56519
vt 0.98189 0.1433
vt 0.99184 0.1433
vt 0.98528 0.5498
vt 0.99195 0.55365
vt 0.99818 0.55005
vt 0.98528 0.54261
vt 0.8303 0.11922
vt 0.87313 0.11922
vt 0.8303 0.12692
vt 0.87314 0.12684
vt 0.82531 0.12653
vt 0.79953 0.11164
vt 0.79953 0.12653
vt 0.81242 0.13397
vt 0.33549 0.15269
vt 0.52115 0.15382
vt 0.52119 0.14809
vt 0.33554 0.14664
vt 0.33543 0.17066
vt 0.52109 0.17081
vt 0.5211 0.16509
vt 0.33544 0.16461
vt 0.33554 0.20054
vt 0.52119 0.19909
vt 0.52113 0.18781
vt 0.33546 0.18862
vt 0.52333 0.10319
vt 0.67307 0.10319
vt 0.67307 0.08606
vt 0.52333 0.08606
vt 0.21385 0.15562
vt 0.02819 0.15546
vt 0.0282 0.16738
vt 0.21386 0.16689
vt 0.21386 0.14989
vt 0.0282 0.14941
vt 0.98179 0.78687
vt 0.99362 0.78426
vt 0.99362 0.77235
vt 0.98179 0.76974
vt 0.33544 0.18257
vt 0.5211 0.18209
vt 0.02825 0.13749
vt 0.21391 0.13862
vt 0.21395 0.13289
vt 0.02829 0.13144
vt 0.21395 0.18389
vt 0.21388 0.17262
vt 0.02822 0.17343
vt 0.02829 0.18534
vt 0.8732 0.0914
vt 0.8732 0.07948
vt 0.86137 0.07687
vt 0.86137 0.094
vt 0.29363 0.00478
vt 0.29363 0.01669
vt 0.30546 0.0193
vt 0.30546 0.00217
vt 0.78083 0.00196
vt 0.769 0.00457
vt 0.769 0.01649
vt 0.78083 0.01909
vt 0.90979 0.35469
vt 0.89796 0.3573
vt 0.89796 0.36922
vt 0.90979 0.37182
vt 0.20665 0.02703
vt 0.19482 0.02964
vt 0.19482 0.04155
vt 0.20665 0.04416
vt 0.52333 0.08392
vt 0.67307 0.08392
vt 0.67307 0.06679
vt 0.52333 0.06679
vt 0.18085 0.08761
vt 0.33059 0.08761
vt 0.33059 0.07048
vt 0.18085 0.07048
vt 0.02898 0.08761
vt 0.17871 0.08761
vt 0.17871 0.07048
vt 0.02898 0.07048
vt 0.02898 0.03955
vt 0.18807 0.03955
vt 0.18807 0.0335
vt 0.02898 0.0335
vt 0.52333 0.02951
vt 0.68243 0.02951
vt 0.68243 0.02346
vt 0.52333 0.02346
vt 0.51535 0.69666
vt 0.66508 0.69666
vt 0.66508 0.67953
vt 0.51535 0.67953
vt 0.70935 0.0874
vt 0.85909 0.0874
vt 0.85909 0.07028
vt 0.70935 0.07028
vt 0.87624 0.32862
vt 0.87624 0.31589
vt 0.86014 0.31003
vt 0.85196 0.31978
vt 0.33543 0.03504
vt 0.49452 0.03504
vt 0.49452 0.02899
vt 0.33543 0.02899
vt 0.02898 0.05593
vt 0.18807 0.05593
vt 0.18807 0.04988
vt 0.02898 0.04988
vt 0.02898 0.03136
vt 0.18807 0.03136
vt 0.18807 0.02531
vt 0.02898 0.02531
vt 0.02898 0.04774
vt 0.18807 0.04774
vt 0.18807 0.04169
vt 0.02898 0.04169
vt 0.84353 0.27197
vt 0.85455 0.27833
vt 0.86767 0.26732
vt 0.86332 0.25537
vt 0.73363 0.46076
vt 0.73798 0.47272
vt 0.74655 0.47121
vt 0.74655 0.45848
vt 0.74655 0.53401
vt 0.74655 0.52129
vt 0.73045 0.51543
vt 0.72227 0.52518
vt 0.83904 0.2843
vt 0.85158 0.28651
vt 0.70935 0.48969
vt 0.72189 0.4919
vt 0.72486 0.48373
vt 0.71384 0.47737
vt 0.72486 0.50877
vt 0.71384 0.51513
vt 0.87624 0.26582
vt 0.87624 0.25309
vt 0.85455 0.30337
vt 0.84353 0.30974
vt 0.84829 0.50155
vt 0.83852 0.50719
vt 0.85115 0.51778
vt 0.93094 0.50071
vt 0.93094 0.52655
vt 0.93851 0.52655
vt 0.93851 0.50071
vt 0.8683 0.81033
vt 0.87587 0.81033
vt 0.87587 0.78449
vt 0.8683 0.78449
vt 0.86109 0.19893
vt 0.87748 0.18947
vt 0.85629 0.17169
vt 0.87748 0.15391
vt 0.86109 0.14445
vt 0.85149 0.19893
vt 0.8351 0.18947
vt 0.88228 0.18115
vt 0.88228 0.16223
vt 0.93851 0.46176
vt 0.93094 0.46176
vt 0.93094 0.4876
vt 0.93851 0.4876
vt 0.8683 0.74554
vt 0.87587 0.74554
vt 0.87587 0.73242
vt 0.8683 0.73242
vt 0.8683 0.70659
vt 0.87587 0.70659
vt 0.87587 0.69348
vt 0.8683 0.69347
vt 0.93094 0.5655
vt 0.93094 0.57861
vt 0.93851 0.57861
vt 0.93851 0.5655
vt 0.8683 0.77138
vt 0.87587 0.77138
vt 0.8303 0.16223
vt 0.8303 0.18115
vt 0.85149 0.14445
vt 0.93851 0.53966
vt 0.93094 0.53966
vt 0.31362 0.31329
vt 0.30009 0.31843
vt 0.31476 0.33969
vt 0.32437 0.32887
vt 0.31362 0.41124
vt 0.30009 0.41638
vt 0.31476 0.43764
vt 0.32437 0.42682
vt 0.32556 0.34714
vt 0.33227 0.33432
vt 0.33227 0.3621
vt 0.32556 0.34928
vt 0.3062 0.36639
vt 0.3181 0.37463
vt 0.3062 0.26844
vt 0.31809 0.27668
vt 0.33227 0.26415
vt 0.32556 0.25133
vt 0.29696 0.30569
vt 0.31133 0.30396
vt 0.31362 0.28518
vt 0.30009 0.28005
vt 0.32556 0.44509
vt 0.33227 0.43227
vt 0.30009 0.378
vt 0.31362 0.38313
vt 0.8351 0.15391
vt 0.29696 0.40364
vt 0.31133 0.40191
vt 0.72939 0.49322
vt 0.73146 0.48754
vt 0.73535 0.50959
vt 0.73146 0.50496
vt 0.87028 0.27448
vt 0.87624 0.27343
vt 0.85908 0.28783
vt 0.86115 0.28214
vt 0.86504 0.3042
vt 0.86115 0.29956
vt 0.74655 0.47883
vt 0.74059 0.47988
vt 0.93135 0.10296
vt 0.93135 0.25269
vt 0.93897 0.26211
vt 0.93897 0.10302
vt 0.95087 0.4234
vt 0.95849 0.41399
vt 0.95849 0.26425
vt 0.95087 0.26431
vt 0.92159 0.37734
vt 0.92921 0.36792
vt 0.92921 0.21819
vt 0.92159 0.21825
vt 0.93135 0.26425
vt 0.93135 0.41399
vt 0.93897 0.4234
vt 0.93897 0.26431
vt 0.92159 0.21605
vt 0.92921 0.20663
vt 0.92921 0.0569
vt 0.92159 0.05696
vt 0.9442 0.47021
vt 0.9442 0.61994
vt 0.95182 0.62936
vt 0.95182 0.47026
vt 0.94422 0.79157
vt 0.95184 0.78216
vt 0.95184 0.63242
vt 0.94422 0.63248
vt 0.95087 0.10296
vt 0.95087 0.25269
vt 0.95849 0.26211
vt 0.95849 0.10302
vt 0.94112 0.26211
vt 0.94873 0.25269
vt 0.94873 0.10296
vt 0.94112 0.10302
vt 0.94112 0.26425
vt 0.94112 0.41399
vt 0.94873 0.4234
vt 0.94873 0.26431
vt 0.95396 0.62936
vt 0.96158 0.61994
vt 0.96158 0.47021
vt 0.95396 0.47026
vt 0.94422 0.79372
vt 0.94422 0.94345
vt 0.95184 0.95287
vt 0.95184 0.79377
vt 0.32473 0.0305
vt 0.32473 0.02499
vt 0.31593 0.0287
vt 0.31809 0.03327
vt 0.31 0.03611
vt 0.3139 0.03887
vt 0.31211 0.04667
vt 0.3076 0.04667
vt 0.30985 0.05711
vt 0.31374 0.05436
vt 0.31593 0.06464
vt 0.31809 0.06007
vt 0.32473 0.06834
vt 0.32473 0.06283
vt 0.33543 0.11459
vt 0.42346 0.11459
vt 0.42346 0.10377
vt 0.33543 0.10377
vt 0.70935 0.11178
vt 0.79738 0.11178
vt 0.79738 0.10391
vt 0.70935 0.10391
vt 0.79738 0.09674
vt 0.70935 0.09674
vt 0.70935 0.13397
vt 0.79738 0.13397
vt 0.79738 0.12678
vt 0.70935 0.12678
vt 0.79738 0.08954
vt 0.70935 0.08954
vt 0.79738 0.11978
vt 0.70935 0.11978
vt 0.33543 0.12527
vt 0.42346 0.12527
vt 0.33543 0.13495
vt 0.42346 0.13495
vt 0.33543 0.09427
vt 0.42346 0.09427
vt 0.42346 0.08472
vt 0.33543 0.08472
vt 0.33543 0.1445
vt 0.42346 0.1445
vt 0.97897 0.01505
vt 0.97289 0.02257
vt 0.97679 0.02533
vt 0.98113 0.01962
vt 0.97065 0.03302
vt 0.97515 0.03302
vt 0.97305 0.04357
vt 0.97694 0.04081
vt 0.97897 0.05099
vt 0.98113 0.04642
vt 0.98778 0.05469
vt 0.98778 0.04918
vt 0.97763 0.62936
vt 0.98314 0.62936
vt 0.98314 0.54132
vt 0.97763 0.54132
vt 0.02898 0.02317
vt 0.11701 0.02317
vt 0.11701 0.01766
vt 0.02898 0.01766
vt 0.98778 0.01134
vt 0.98778 0.01686
vt 0.82531 0.11164
vt 0.81242 0.1042
vt 0.99184 0.19225
vt 0.98189 0.19225
vt 0.83238 0.01362
vt 0.83238 0.00601
vt 0.81919 0.01362
vt 0.82579 0.01743
vt 0.86377 0.52838
vt 0.86664 0.52342
vt 0.83566 0.52342
vt 0.83566 0.51215
vt 0.86664 0.51215
vt 0.83852 0.52838
vt 0.84829 0.53401
vt 0.85401 0.53401
vt 0.85401 0.50155
vt 0.86377 0.50719
vt 0.76435 0.27768
vt 0.75762 0.26366
vt 0.77985 0.27886
vt 0.78863 0.26603
vt 0.78191 0.25201
vt 0.7664 0.25082
vt 0.82579 0.0022
vt 0.81919 0.00601
vt 0.87838 0.32862
vt 0.87838 0.31927
vt 0.47855 0.0878
vt 0.4961 0.09793
vt 0.51364 0.0878
vt 0.47855 0.06754
vt 0.51364 0.06754
vt 0.4961 0.05742
vt 0.51535 0.71936
vt 0.54953 0.71936
vt 0.54953 0.70731
vt 0.51535 0.70731
vt 0.76393 0.53702
vt 0.72975 0.53702
vt 0.79352 0.55411
vt 0.81061 0.58371
vt 0.81061 0.61788
vt 0.87699 0.5384
vt 0.87699 0.57257
vt 0.88903 0.57257
vt 0.88903 0.5384
vt 0.79352 0.64748
vt 0.76393 0.66457
vt 0.68623 0.71936
vt 0.72041 0.71936
vt 0.72041 0.70731
vt 0.68623 0.70731
vt 0.87699 0.36751
vt 0.87699 0.40169
vt 0.88903 0.40169
vt 0.88903 0.36751
vt 0.87699 0.43587
vt 0.88903 0.43587
vt 0.87699 0.50422
vt 0.88903 0.50422
vt 0.61788 0.70731
vt 0.5837 0.70731
vt 0.5837 0.71936
vt 0.61788 0.71936
vt 0.87699 0.47004
vt 0.88903 0.47004
vt 0.65206 0.71936
vt 0.65206 0.70731
vt 0.96574 0.90662
vt 0.96574 0.90155
vt 0.95398 0.90155
vt 0.95398 0.90662
vt 0.72975 0.66457
vt 0.70015 0.64748
vt 0.68306 0.61788
vt 0.68306 0.58371
vt 0.83452 0.00188
vt 0.83452 0.01743
vt 0.84657 0.01743
vt 0.84657 0.00188
vt 0.42561 0.09793
vt 0.44115 0.09793
vt 0.44115 0.08588
vt 0.42561 0.08588
vt 0.4567 0.09793
vt 0.4567 0.08588
vt 0.86426 0.00538
vt 0.84871 0.00538
vt 0.84871 0.01743
vt 0.86426 0.01743
vt 0.28523 0.00726
vt 0.26968 0.00726
vt 0.26968 0.0193
vt 0.28523 0.0193
vt 0.25414 0.00726
vt 0.25414 0.0193
vt 0.70015 0.55411
vt 0.93283 0.43736
vt 0.93094 0.44206
vt 0.93282 0.44677
vt 0.96574 0.91168
vt 0.95398 0.91168
vt 0.96574 0.95287
vt 0.95398 0.95287
vt 0.95398 0.86036
vt 0.96574 0.86036
vt 0.97229 0.45854
vt 0.97229 0.42554
vt 0.96574 0.81198
vt 0.96574 0.80691
vt 0.95398 0.80691
vt 0.95398 0.81198
vt 0.52523 0.04347
vt 0.52333 0.04817
vt 0.52522 0.05287
vt 0.96574 0.81704
vt 0.95398 0.81704
vt 0.96574 0.85822
vt 0.95398 0.85822
vt 0.95398 0.76572
vt 0.96574 0.76572
vt 0.56468 0.06465
vt 0.56468 0.03166
vt 0.96064 0.18802
vt 0.96064 0.19303
vt 0.9724 0.19303
vt 0.9724 0.18802
vt 0.87723 0.07289
vt 0.87534 0.07752
vt 0.87722 0.08215
vt 0.96064 0.18303
vt 0.9724 0.18303
vt 0.96064 0.14182
vt 0.9724 0.14182
vt 0.9724 0.23423
vt 0.96064 0.23423
vt 0.91668 0.094
vt 0.91668 0.06101
vt 0.96064 0.28259
vt 0.96064 0.28762
vt 0.9724 0.28762
vt 0.9724 0.28259
vt 0.38081 0.04904
vt 0.37892 0.0537
vt 0.3808 0.05835
vt 0.96064 0.27757
vt 0.9724 0.27757
vt 0.96064 0.23637
vt 0.9724 0.23637
vt 0.9724 0.32882
vt 0.96064 0.32882
vt 0.42026 0.07017
vt 0.42026 0.03718
vt 0.00107 0.13909
vt 0.00107 0.14416
vt 0.01284 0.14416
vt 0.01284 0.13909
vt 0.33732 0.04899
vt 0.33543 0.0537
vt 0.33731 0.0584
vt 0.00107 0.13402
vt 0.01284 0.13402
vt 0.00107 0.09284
vt 0.01284 0.09284
vt 0.01284 0.18534
vt 0.00107 0.18534
vt 0.37678 0.07017
vt 0.37678 0.03718
vt 0.25922 0.02144
vt 0.25415 0.02144
vt 0.25415 0.0332
vt 0.25922 0.0332
vt 0.6122 0.04347
vt 0.61031 0.04817
vt 0.61219 0.05287
vt 0.26428 0.02144
vt 0.26428 0.0332
vt 0.30546 0.02144
vt 0.30546 0.0332
vt 0.21296 0.0332
vt 0.21296 0.02144
vt 0.65165 0.06465
vt 0.65165 0.03166
vt 0.92073 0.02838
vt 0.92573 0.02838
vt 0.92573 0.01661
vt 0.92073 0.01661
vt 0.79821 0.04703
vt 0.79632 0.05166
vt 0.79821 0.05629
vt 0.91573 0.02838
vt 0.91573 0.01661
vt 0.87453 0.02838
vt 0.87453 0.01661
vt 0.96693 0.01661
vt 0.96693 0.02838
vt 0.83767 0.06813
vt 0.83767 0.03514
vt 0.96789 0.8121
vt 0.96789 0.81698
vt 0.97965 0.81698
vt 0.97965 0.8121
vt 0.26601 0.04736
vt 0.26412 0.05186
vt 0.266 0.05637
vt 0.96789 0.80722
vt 0.97965 0.80722
vt 0.96789 0.76598
vt 0.97965 0.76598
vt 0.97965 0.85822
vt 0.96789 0.85822
vt 0.30546 0.06834
vt 0.30546 0.03535
vt 0.73805 0.61362
vt 0.73133 0.5996
vt 0.75356 0.61481
vt 0.76234 0.60198
vt 0.75562 0.58796
vt 0.74011 0.58677
vt 0.51242 0.024
vt 0.50619 0.02759
vt 0.51908 0.03504
vt 0.51908 0.02784
vt 0.51908 0.01245
vt 0.51908 0.00526
vt 0.50619 0.01271
vt 0.51242 0.0163
vt 0.98441 0.69115
vt 0.99436 0.69115
vt 0.99436 0.67626
vt 0.98441 0.67626
vt 0.87537 0.13461
vt 0.8754 0.14231
vt 0.91824 0.14206
vt 0.9182 0.13445
vt 0.99184 0.26882
vt 0.99184 0.25393
vt 0.98189 0.25393
vt 0.98189 0.26882
vt 0.9182 0.104
vt 0.91824 0.09638
vt 0.8754 0.09614
vt 0.87537 0.10384
vt 0.98189 0.23905
vt 0.99184 0.23905
vt 0.87534 0.11153
vt 0.91818 0.11161
vt 0.98441 0.70604
vt 0.99436 0.70604
vt 0.98604 0.4234
vt 0.99893 0.41596
vt 0.9927 0.41236
vt 0.98604 0.41621
vt 0.98189 0.28371
vt 0.99184 0.28371
vt 0.98604 0.40082
vt 0.9927 0.40467
vt 0.99893 0.40107
vt 0.98604 0.39363
vt 0.87534 0.11922
vt 0.91817 0.11922
vt 0.87534 0.12692
vt 0.91818 0.12684
vt 0.70366 0.11878
vt 0.67788 0.10389
vt 0.67788 0.11878
vt 0.69077 0.12622
vt 0.70366 0.10389
vt 0.69077 0.09645
vt 0.98441 0.72092
vt 0.99436 0.72092
vt 0.87939 0.60166
vt 0.88598 0.59785
vt 0.8728 0.59024
vt 0.8728 0.59785
vt 0.88598 0.59024
vt 0.87939 0.58643
vt 0.81023 0.02196
vt 0.804 0.02555
vt 0.81689 0.033
vt 0.81689 0.0258
vt 0.81689 0.01042
vt 0.81689 0.00322
vt 0.804 0.01067
vt 0.81023 0.01426
vt 0.99184 0.17522
vt 0.98189 0.17522
vt 0.98189 0.19011
vt 0.99184 0.19011
vt 0.83907 0.24325
vt 0.83911 0.25095
vt 0.88194 0.2507
vt 0.88191 0.24309
vt 0.47641 0.08304
vt 0.47641 0.06815
vt 0.46646 0.06815
vt 0.46646 0.08304
vt 0.88191 0.21264
vt 0.88194 0.20502
vt 0.83911 0.20478
vt 0.83907 0.21248
vt 0.46646 0.05327
vt 0.47641 0.05327
vt 0.83905 0.22017
vt 0.88188 0.22025
vt 0.99184 0.16033
vt 0.98189 0.16033
vt 0.98441 0.67412
vt 0.9973 0.66668
vt 0.99107 0.66308
vt 0.98441 0.66693
vt 0.46646 0.09793
vt 0.47641 0.09793
vt 0.98441 0.65154
vt 0.99107 0.65539
vt 0.9973 0.65179
vt 0.98441 0.64435
vt 0.83904 0.22786
vt 0.88188 0.22786
vt 0.83905 0.23556
vt 0.88188 0.23548
vt 0.90987 0.2435
vt 0.88408 0.22862
vt 0.88408 0.2435
vt 0.89697 0.25095
vt 0.90987 0.22862
vt 0.89697 0.22117
vt 0.99184 0.14544
vt 0.98189 0.14544
vt 0.78957 0.00386
vt 0.78297 0.00767
vt 0.79616 0.01529
vt 0.79616 0.00767
vt 0.78297 0.01529
vt 0.78957 0.01909
vt 0.51535 0.78072
vt 0.74822 0.78072
vt 0.74822 0.75111
vt 0.51535 0.75111
vt 0.51535 0.81032
vt 0.74822 0.81033
vt 0.87594 0.9101
vt 0.64307 0.9101
vt 0.64307 0.93971
vt 0.87594 0.93971
vt 0.74822 0.7215
vt 0.51535 0.7215
vt 0.64307 0.96932
vt 0.87594 0.96932
vt 0.87238 0.05873
vt 0.87238 0.03992
vt 0.8561 0.04933
vt 0.64307 0.99893
vt 0.87594 0.99893
vt 0.30626 0.16392
vt 0.31974 0.15852
vt 0.31974 0.13972
vt 0.30626 0.13432
vt 0.28106 0.2319
vt 0.33234 0.20229
vt 0.28106 0.20229
vt 0.3067 0.18748
vt 0.83981 0.05873
vt 0.8561 0.06813
vt 0.8561 0.03052
vt 0.83981 0.03992
vt 0.32671 0.18534
vt 0.33273 0.17213
vt 0.91764 0.55116
vt 0.90416 0.54576
vt 0.89117 0.55936
vt 0.8972 0.57257
vt 0.91764 0.52155
vt 0.90416 0.52695
vt 0.8972 0.50013
vt 0.89117 0.51335
vt 0.33273 0.12611
vt 0.32671 0.1129
vt 0.10138 0.27901
vt 0.07539 0.18748
vt 0.07539 0.55926
vt 0.10138 0.54332
vt 0.33227 0.52282
vt 0.29992 0.44723
vt 0.28106 0.44723
vt 0.88856 0.33076
vt 0.83734 0.33076
vt 0.82666 0.34012
vt 0.88856 0.34012
vt 0.69298 0.12836
vt 0.69298 0.19119
vt 0.70366 0.20054
vt 0.70366 0.12836
vt 0.7394 0.68598
vt 0.66722 0.68598
vt 0.67658 0.69666
vt 0.7394 0.69666
vt 0.13822 0.55926
vt 0.11222 0.54332
vt 0.33543 0.45848
vt 0.42696 0.48448
vt 0.69127 0.48448
vt 0.70721 0.45848
vt 0.28106 0.81901
vt 0.33227 0.81901
vt 0.33543 0.26672
vt 0.33543 0.29627
vt 0.41102 0.32862
vt 0.32517 0.10125
vt 0.02898 0.10125
vt 0.02898 0.1106
vt 0.32517 0.1106
vt 0.33543 0.53066
vt 0.42696 0.49531
vt 0.69127 0.49531
vt 0.70721 0.53066
vt 0.16059 0.28198
vt 0.16059 0.19976
vt 0.15123 0.19976
vt 0.15123 0.28198
vt 0.88713 0.66671
vt 0.51535 0.66671
vt 0.51535 0.67739
vt 0.88713 0.67739
vt 0.13822 0.18748
vt 0.11222 0.27901
vt 0.16059 0.54843
vt 0.14991 0.54843
vt 0.14991 0.55926
vt 0.16059 0.55926
vt 0.16059 0.28412
vt 0.14991 0.28412
vt 0.88877 0.72379
vt 0.87809 0.72379
vt 0.87809 0.98809
vt 0.88877 0.98809
vt 0.87809 0.99893
vt 0.88877 0.99893
vt 0.70721 0.26672
vt 0.70721 0.32862
vt 0.67411 0.20054
vt 0.67411 0.19119
vt 0.48494 0.01246
vt 0.47655 0.01246
vt 0.47655 0.01919
vt 0.48494 0.01919
vt 0.99201 0.6016
vt 0.99201 0.57453
vt 0.98528 0.57453
vt 0.98528 0.6016
vt 0.46816 0.01246
vt 0.45977 0.01246
vt 0.45977 0.01919
vt 0.46816 0.01919
vt 0.99037 0.48447
vt 0.99037 0.49286
vt 0.9971 0.49286
vt 0.9971 0.48447
vt 0.99037 0.51803
vt 0.99037 0.52641
vt 0.9971 0.52641
vt 0.9971 0.51803
vt 0.45138 0.01246
vt 0.44299 0.01246
vt 0.44299 0.01919
vt 0.45138 0.01919
vt 0.99037 0.5348
vt 0.9971 0.5348
vt 0.99037 0.50125
vt 0.9971 0.50125
vt 0.48541 0.70026
vt 0.51321 0.66671
vt 0.45261 0.66671
vt 0.47731 0.69808
vt 0.47137 0.70401
vt 0.39201 0.66671
vt 0.33543 0.83282
vt 0.47354 0.71212
vt 0.48758 0.70836
vt 0.51321 0.72186
vt 0.48541 0.93211
vt 0.48758 0.94022
vt 0.51321 0.96719
vt 0.47731 0.92994
vt 0.48164 0.71429
vt 0.36068 0.94397
vt 0.35851 0.93587
vt 0.33543 0.92437
vt 0.33543 0.99893
vt 0.99037 0.50964
vt 0.9971 0.50964
vt 0.40392 0.99893
vt 0.36878 0.94614
vt 0.36445 0.92994
vt 0.37255 0.93211
vt 0.47137 0.93587
vt 0.37472 0.94022
vt 0.47354 0.94397
vt 0.4729 0.99893
vt 0.48679 0.97568
vt 0.48164 0.94614
vt 0.94206 0.76897
vt 0.94206 0.69998
vt 0.93533 0.69998
vt 0.93533 0.76897
vt 0.14776 0.38164
vt 0.14776 0.30708
vt 0.14104 0.30708
vt 0.14104 0.38164
vt 0.76937 0.33076
vt 0.52404 0.33076
vt 0.52404 0.33749
vt 0.76937 0.33749
vt 0.94206 0.6315
vt 0.93533 0.6315
vt 0.82452 0.33076
vt 0.82452 0.33749
vt 0.14776 0.21553
vt 0.14104 0.21553
vt 0.96789 0.70298
vt 0.96789 0.76358
vt 0.97462 0.76358
vt 0.97462 0.70298
vt 0.00107 0.93833
vt 0.00107 0.99893
vt 0.03462 0.97113
vt 0.03244 0.96303
vt 0.03837 0.95709
vt 0.00107 0.87773
vt 0.16718 0.82115
vt 0.04648 0.95926
vt 0.14104 0.38378
vt 0.14104 0.55926
vt 0.14776 0.55926
vt 0.14776 0.38378
vt 0.05622 0.99893
vt 0.04272 0.9733
vt 0.30155 0.99893
vt 0.27458 0.9733
vt 0.26647 0.97113
vt 0.2643 0.96303
vt 0.04865 0.96737
vt 0.99201 0.62936
vt 0.98528 0.62936
vt 0.25873 0.82115
vt 0.27023 0.84423
vt 0.27833 0.8464
vt 0.33329 0.82115
vt 0.96789 0.64238
vt 0.97462 0.64238
vt 0.33329 0.88964
vt 0.28051 0.8545
vt 0.2643 0.85017
vt 0.26647 0.85827
vt 0.27023 0.9571
vt 0.27833 0.95926
vt 0.27458 0.86044
vt 0.31004 0.97251
vt 0.33329 0.95862
vt 0.28051 0.96737
vt 0.98992 0.03791
vt 0.98992 0.0463
vt 0.99665 0.0463
vt 0.99665 0.03791
vt 0.99665 0.02952
vt 0.98992 0.02952
vt 0.99665 0.02113
vt 0.98992 0.02113
vt 0.98992 0.05469
vt 0.99665 0.05469
vt 0.98992 0.00435
vt 0.98992 0.01274
vt 0.99665 0.01274
vt 0.99665 0.00435
vt 0.49333 0.01246
vt 0.49333 0.01919
vt 0.9624 0.96109
vt 0.9624 0.95558
vt 0.9536 0.95928
vt 0.95575 0.96385
vt 0.94767 0.9667
vt 0.95157 0.96946
vt 0.94977 0.97725
vt 0.94527 0.97725
vt 0.94751 0.9877
vt 0.95141 0.98495
vt 0.9536 0.99522
vt 0.95575 0.99066
vt 0.9624 0.99893
vt 0.9624 0.99342
vt 0.21609 0.15543
vt 0.30412 0.15543
vt 0.30412 0.14461
vt 0.21609 0.14461
vt 0.42561 0.1223
vt 0.51364 0.1223
vt 0.51364 0.11444
vt 0.42561 0.11444
vt 0.51364 0.10727
vt 0.42561 0.10727
vt 0.42561 0.1445
vt 0.51364 0.1445
vt 0.51364 0.1373
vt 0.42561 0.1373
vt 0.51364 0.10007
vt 0.42561 0.10007
vt 0.51364 0.1303
vt 0.42561 0.1303
vt 0.21609 0.16612
vt 0.30412 0.16612
vt 0.21609 0.17579
vt 0.30412 0.17579
vt 0.21609 0.13511
vt 0.30412 0.13511
vt 0.30412 0.12556
vt 0.21609 0.12556
vt 0.21609 0.18534
vt 0.30412 0.18534
vt 0.97287 0.95929
vt 0.96678 0.96681
vt 0.97068 0.96956
vt 0.97502 0.96385
vt 0.96454 0.97725
vt 0.96904 0.97725
vt 0.96694 0.98781
vt 0.97084 0.98505
vt 0.97287 0.99522
vt 0.97502 0.99066
vt 0.98167 0.99893
vt 0.98167 0.99342
vt 0.97676 0.72092
vt 0.98227 0.72092
vt 0.98227 0.63289
vt 0.97676 0.63289
vt 0.40975 0.02684
vt 0.49778 0.02684
vt 0.49778 0.02133
vt 0.40975 0.02133
vt 0.98167 0.95558
vt 0.98167 0.96109
vt 0.86616 0.74626
vt 0.86616 0.72491
vt 0.75037 0.72491
vt 0.75037 0.74626
vt 0.86616 0.76762
vt 0.75037 0.76762
vt 0.86616 0.70356
vt 0.75037 0.70356
vt 0.75037 0.78897
vt 0.86616 0.78897
vt 0.86616 0.6822
vt 0.75037 0.6822
vt 0.92359 0.90802
vt 0.94208 0.89734
vt 0.92359 0.88666
vt 0.92359 0.86531
vt 0.90509 0.87599
vt 0.75037 0.81033
vt 0.86616 0.81033
vt 0.90509 0.89734
vt 0.92359 0.77561
vt 0.90509 0.78629
vt 0.92359 0.79697
vt 0.94208 0.80764
vt 0.92359 0.81832
vt 0.94208 0.87599
vt 0.90509 0.80764
vt 0.94208 0.78629
vt 1.70182 0.6988
vt 1.66691 0.6988
vt 1.66691 0.70401
vt 1.70182 0.70401
vt 1.52973 0.98387
vt 1.52726 0.97461
vt 1.51535 0.96402
vt 1.51535 0.99893
vt 1.54206 0.99893
vt 1.53899 0.98635
vt 1.54577 0.97958
vt 1.64093 0.99893
vt 1.64093 0.84365
vt 1.54329 0.97032
vt 1.53404 0.96783
vt 1.51535 0.81247
vt 1.62392 0.8279
vt 1.6264 0.83716
vt 1.64093 0.81247
vt 1.61962 0.84394
vt 1.61141 0.81247
vt 1.61467 0.82542
vt 1.60788 0.83219
vt 1.61036 0.84145
vt 1.97975 0.11245
vt 1.97975 0.08574
vt 1.97454 0.08574
vt 1.97454 0.11245
vt 1.97975 0.24298
vt 1.97975 0.21346
vt 1.97454 0.21346
vt 1.97454 0.24298
vt 1.91425 0.22206
vt 1.91425 0.37734
vt 1.91945 0.37734
vt 1.91945 0.22206
vt 1.97975 0.33904
vt 1.97454 0.33904
vt 1.51535 0.6988
vt 1.51535 0.70401
vt 1.97975 0.21132
vt 1.97454 0.21132
vt 1.91425 0.19088
vt 1.91945 0.19088
vt 1.37034 0.45634
vt 1.35975 0.44443
vt 1.3505 0.44196
vt 1.33543 0.45634
vt 1.33543 0.42963
vt 1.34801 0.4327
vt 1.35478 0.42592
vt 1.33543 0.33076
vt 1.49071 0.33076
vt 1.36404 0.4284
vt 1.5219 0.45634
vt 1.36653 0.43765
vt 1.4972 0.34529
vt 1.50646 0.34777
vt 1.5219 0.33076
vt 1.49042 0.35207
vt 1.5219 0.36028
vt 1.50894 0.35703
vt 1.50217 0.3638
vt 1.49291 0.36133
vt 1.51578 0.08699
vt 1.51578 0.09657
vt 1.52098 0.09657
vt 1.52098 0.08699
vt 1.51578 0.10616
vt 1.52098 0.10616
vt 1.51578 0.11574
vt 1.52098 0.11574
vt 1.51578 0.12533
vt 1.52098 0.12533
vt 1.51578 0.13491
vt 1.52098 0.13491
vt 1.51578 0.1445
vt 1.52098 0.1445
vt 1.74769 0.01909
vt 1.75728 0.01909
vt 1.75728 0.01389
vt 1.74769 0.01389
vt 1.76686 0.01909
vt 1.76686 0.01389
vt 1.70935 0.01909
vt 1.71894 0.01909
vt 1.71894 0.01389
vt 1.70935 0.01389
vt 1.72852 0.01909
vt 1.72852 0.01389
vt 1.73811 0.01909
vt 1.73811 0.01389
vt 1.33549 0.15269
vt 1.52115 0.15382
vt 1.52119 0.14809
vt 1.33554 0.14664
vt 1.33543 0.17066
vt 1.52109 0.17081
vt 1.5211 0.16509
vt 1.33544 0.16461
vt 1.33554 0.20054
vt 1.52119 0.19909
vt 1.52112 0.18781
vt 1.33546 0.18862
vt 1.52333 0.10319
vt 1.67307 0.10319
vt 1.67307 0.08606
vt 1.52333 0.08606
vt 1.21385 0.15562
vt 1.02819 0.15546
vt 1.0282 0.16738
vt 1.21386 0.16689
vt 1.21386 0.14989
vt 1.0282 0.14941
vt 1.98179 0.78687
vt 1.99362 0.78426
vt 1.99362 0.77235
vt 1.98179 0.76974
vt 1.33544 0.18257
vt 1.5211 0.18209
vt 1.02825 0.13749
vt 1.21391 0.13862
vt 1.21395 0.13289
vt 1.02829 0.13144
vt 1.21395 0.18389
vt 1.21388 0.17262
vt 1.02822 0.17343
vt 1.02829 0.18534
vt 1.8732 0.0914
vt 1.8732 0.07948
vt 1.86137 0.07687
vt 1.86137 0.094
vt 1.29363 0.00478
vt 1.29363 0.01669
vt 1.30546 0.0193
vt 1.30546 0.00217
vt 1.78083 0.00196
vt 1.769 0.00457
vt 1.769 0.01649
vt 1.78083 0.01909
vt 1.90979 0.35469
vt 1.89796 0.3573
vt 1.89796 0.36922
vt 1.90979 0.37182
vt 1.20665 0.02703
vt 1.19482 0.02964
vt 1.19482 0.04155
vt 1.20665 0.04416
vt 1.52333 0.08392
vt 1.67307 0.08392
vt 1.67307 0.06679
vt 1.52333 0.06679
vt 1.18085 0.08761
vt 1.33059 0.08761
vt 1.33059 0.07048
vt 1.18085 0.07048
vt 1.02898 0.08761
vt 1.17871 0.08761
vt 1.17871 0.07048
vt 1.02898 0.07048
vt 1.02898 0.03955
vt 1.18807 0.03955
vt 1.18807 0.0335
vt 1.02898 0.0335
vt 1.52333 0.02951
vt 1.68243 0.02951
vt 1.68243 0.02346
vt 1.52333 0.02346
vt 1.51535 0.69666
vt 1.66508 0.69666
vt 1.66508 0.67953
vt 1.51535 0.67953
vt 1.70935 0.0874
vt 1.85909 0.0874
vt 1.85909 0.07028
vt 1.70935 0.07028
vt 1.87624 0.32862
vt 1.87624 0.31589
vt 1.86014 0.31003
vt 1.85196 0.31978
vt 1.33543 0.03504
vt 1.49452 0.03504
vt 1.49452 0.02899
vt 1.33543 0.02899
vt 1.02898 0.05593
vt 1.18807 0.05593
vt 1.18807 0.04988
vt 1.02898 0.04988
vt 1.02898 0.03136
vt 1.18807 0.03136
vt 1.18807 0.02531
vt 1.02898 0.02531
vt 1.02898 0.04774
vt 1.18807 0.04774
vt 1.18807 0.04169
vt 1.02898 0.04169
vt 1.84353 0.27197
vt 1.85455 0.27833
vt 1.86767 0.26732
vt 1.86332 0.25537
vt 1.73363 0.46076
vt 1.73798 0.47272
vt 1.74655 0.47121
vt 1.74655 0.45848
vt 1.74655 0.53401
vt 1.74655 0.52129
vt 1.73045 0.51543
vt 1.72227 0.52518
vt 1.83904 0.2843
vt 1.85158 0.28651
vt 1.70935 0.48969
vt 1.72189 0.4919
vt 1.72486 0.48373
vt 1.71384 0.47737
vt 1.72486 0.50877
vt 1.71384 0.51513
vt 1.87624 0.26582
vt 1.87624 0.25309
vt 1.85455 0.30337
vt 1.84353 0.30974
vt 1.84829 0.50155
vt 1.83852 0.50719
vt 1.85115 0.51778
vt 1.93094 0.50071
vt 1.93094 0.52655
vt 1.93851 0.52655
vt 1.93851 0.50071
vt 1.8683 0.81033
vt 1.87587 0.81033
vt 1.87587 0.78449
vt 1.8683 0.78449
vt 1.86109 0.19893
vt 1.87748 0.18947
vt 1.85629 0.17169
vt 1.87748 0.15391
vt 1.86109 0.14445
vt 1.85149 0.19893
vt 1.8351 0.18947
vt 1.88228 0.18115
vt 1.88228 0.16223
vt 1.93851 0.46176
vt 1.93094 0.46176
vt 1.93094 0.4876
vt 1.93851 0.4876
vt 1.8683 0.74554
vt 1.87587 0.74554
vt 1.87587 0.73242
vt 1.8683 0.73242
vt 1.8683 0.70659
vt 1.87587 0.70659
vt 1.87587 0.69348
vt 1.8683 0.69347
vt 1.93094 0.5655
vt 1.93094 0.57861
vt 1.93851 0.57861
vt 1.93851 0.5655
vt 1.8683 0.77138
vt 1.87587 0.77138
vt 1.8303 0.16223
vt 1.8303 0.18115
vt 1.85149 0.14445
vt 1.93851 0.53966
vt 1.93094 0.53966
vt 1.31362 0.31329
vt 1.30009 0.31843
vt 1.31476 0.33969
vt 1.32437 0.32887
vt 1.31362 0.41124
vt 1.30009 0.41638
vt 1.31476 0.43764
vt 1.32437 0.42682
vt 1.32556 0.34714
vt 1.33227 0.33432
vt 1.33227 0.3621
vt 1.32556 0.34928
vt 1.3062 0.36639
vt 1.3181 0.37463
vt 1.3062 0.26844
vt 1.3181 0.27668
vt 1.33227 0.26415
vt 1.32556 0.25133
vt 1.29696 0.30569
vt 1.31133 0.30396
vt 1.31362 0.28518
vt 1.30009 0.28005
vt 1.32556 0.44509
vt 1.33227 0.43227
vt 1.30009 0.378
vt 1.31362 0.38313
vt 1.8351 0.15391
vt 1.29696 0.40364
vt 1.31133 0.40191
vt 1.72939 0.49322
vt 1.73146 0.48754
vt 1.73535 0.50959
vt 1.73146 0.50496
vt 1.87028 0.27448
vt 1.87624 0.27343
vt 1.85908 0.28783
vt 1.86115 0.28214
vt 1.86504 0.3042
vt 1.86115 0.29956
vt 1.74655 0.47883
vt 1.74059 0.47988
vt 1.93135 0.10296
vt 1.93135 0.25269
vt 1.93897 0.26211
vt 1.93897 0.10302
vt 1.95087 0.4234
vt 1.95849 0.41399
vt 1.95849 0.26425
vt 1.95087 0.26431
vt 1.92159 0.37734
vt 1.92921 0.36792
vt 1.92921 0.21819
vt 1.92159 0.21825
vt 1.93135 0.26425
vt 1.93135 0.41399
vt 1.93897 0.4234
vt 1.93897 0.26431
vt 1.92159 0.21605
vt 1.92921 0.20663
vt 1.92921 0.0569
vt 1.92159 0.05696
vt 1.9442 0.47021
vt 1.9442 0.61994
vt 1.95182 0.62936
vt 1.95182 0.47026
vt 1.94422 0.79157
vt 1.95184 0.78216
vt 1.95184 0.63242
vt 1.94422 0.63248
vt 1.95087 0.10296
vt 1.95088 0.25269
vt 1.95849 0.26211
vt 1.95849 0.10302
vt 1.94111 0.26211
vt 1.94873 0.25269
vt 1.94873 0.10296
vt 1.94111 0.10302
vt 1.94111 0.26425
vt 1.94111 0.41399
vt 1.94873 0.4234
vt 1.94873 0.26431
vt 1.95396 0.62936
vt 1.96158 0.61994
vt 1.96158 0.47021
vt 1.95396 0.47026
vt 1.94422 0.79372
vt 1.94422 0.94345
vt 1.95184 0.95287
vt 1.95184 0.79377
vt 1.86377 0.52838
vt 1.86664 0.52342
vt 1.83566 0.52342
vt 1.83566 0.51215
vt 1.86664 0.51215
vt 1.83852 0.52838
vt 1.84829 0.53401
vt 1.85401 0.53401
vt 1.85401 0.50155
vt 1.86377 0.50719
vt 1.9624 0.96109
vt 1.9624 0.95558
vt 1.9536 0.95928
vt 1.95575 0.96385
vt 1.94767 0.9667
vt 1.95157 0.96946
vt 1.94977 0.97725
vt 1.94527 0.97725
vt 1.94751 0.9877
vt 1.95141 0.98495
vt 1.9536 0.99522
vt 1.95575 0.99066
vt 1.9624 0.99893
vt 1.9624 0.99342
vt 1.21609 0.15543
vt 1.30412 0.15543
vt 1.30412 0.14461
vt 1.21609 0.14461
vt 1.42561 0.1223
vt 1.51364 0.1223
vt 1.51364 0.11444
vt 1.42561 0.11444
vt 1.51364 0.10727
vt 1.42561 0.10727
vt 1.42561 0.1445
vt 1.51364 0.1445
vt 1.51364 0.1373
vt 1.42561 0.1373
vt 1.51364 0.10007
vt 1.42561 0.10007
vt 1.51364 0.1303
vt 1.42561 0.1303
vt 1.21609 0.16612
vt 1.30412 0.16612
vt 1.21609 0.17579
vt 1.30412 0.17579
vt 1.21609 0.13511
vt 1.30412 0.13511
vt 1.30412 0.12556
vt 1.21609 0.12556
vt 1.21609 0.18534
vt 1.30412 0.18534
vt 1.97287 0.95929
vt 1.96678 0.96681
vt 1.97068 0.96956
vt 1.97502 0.96385
vt 1.96454 0.97725
vt 1.96904 0.97725
vt 1.96694 0.98781
vt 1.97084 0.98505
vt 1.97287 0.99522
vt 1.97502 0.99066
vt 1.98167 0.99893
vt 1.98167 0.99342
vt 1.97676 0.72092
vt 1.98227 0.72092
vt 1.98227 0.63289
vt 1.97676 0.63289
vt 1.40975 0.02684
vt 1.49778 0.02684
vt 1.49778 0.02133
vt 1.40975 0.02133
vt 1.98167 0.95558
vt 1.98167 0.96109
vt 1.68092 0.62065
vt 1.33543 0.62065
vt 1.33543 0.59869
vt 1.68092 0.59869
vt 1.33543 0.57672
vt 1.68092 0.57672
vt 1.33543 0.64261
vt 1.68092 0.64261
vt 1.33543 0.55476
vt 1.68092 0.55476
vt 1.33543 0.66457
vt 1.68092 0.66457
vt 1.94313 0.96599
vt 1.94313 0.98795
vt 1.92411 0.97697
vt 1.33543 0.5328
vt 1.68092 0.5328
vt 1.91019 0.4234
vt 1.91019 0.40144
vt 1.92921 0.41242
vt 1.92411 0.99893
vt 1.90509 0.98795
vt 1.92921 0.39046
vt 1.91019 0.37948
vt 1.92411 0.95501
vt 1.90509 0.96599
vt 1.89118 0.41242
vt 1.89118 0.39046
vt 1.28106 0.34304
vt 1.28106 0.36856
vt 1.29007 0.36856
vt 1.29007 0.34304
vt 1.28106 0.31753
vt 1.29007 0.31753
vt 1.91978 0.45106
vt 1.91978 0.47657
vt 1.9288 0.47657
vt 1.9288 0.45106
vt 1.91978 0.50208
vt 1.9288 0.50208
vt 1.91978 0.52759
vt 1.9288 0.52759
vt 1.28106 0.29202
vt 1.29007 0.29202
vt 1.58219 0.14992
vt 1.60579 0.11809
vt 1.5837 0.10533
vt 1.57395 0.14169
vt 1.29007 0.41958
vt 1.29007 0.39407
vt 1.28106 0.39407
vt 1.28105 0.41958
vt 1.91978 0.5531
vt 1.91978 0.57861
vt 1.9288 0.57861
vt 1.9288 0.5531
vt 1.91978 0.42554
vt 1.9288 0.42554
vt 1.55818 0.10533
vt 1.53609 0.11809
vt 1.56271 0.1447
vt 1.60579 0.18778
vt 1.61855 0.16569
vt 1.57917 0.16117
vt 1.61855 0.14018
vt 1.56793 0.16418
vt 1.5837 0.20054
vt 1.52333 0.14018
vt 1.28105 0.44509
vt 1.29007 0.44509
vt 1.95398 0.65729
vt 1.95398 0.66894
vt 1.963 0.66894
vt 1.963 0.65729
vt 1.91192 0.57472
vt 1.90028 0.57472
vt 1.90028 0.58373
vt 1.91192 0.58373
vt 1.88863 0.57472
vt 1.88863 0.58373
vt 1.87699 0.57472
vt 1.87699 0.58373
vt 1.55818 0.20054
vt 1.52333 0.16569
vt 1.55969 0.15595
vt 1.95398 0.63401
vt 1.95398 0.64565
vt 1.963 0.64565
vt 1.963 0.63401
vt 1.53609 0.18778
vt 1.3087 0.01085
vt 1.30761 0.01332
vt 1.30869 0.01579
vt 1.9906 0.87364
vt 1.9906 0.87094
vt 1.98179 0.87094
vt 1.98179 0.87364
vt 1.9906 0.89753
vt 1.98179 0.89753
vt 1.98179 0.84434
vt 1.98179 0.86824
vt 1.9906 0.86824
vt 1.9906 0.84434
vt 1.33152 0.02285
vt 1.33152 0.00377
vt 1.14575 0.01436
vt 1.14305 0.01436
vt 1.14305 0.02317
vt 1.14575 0.02317
vt 1.57654 0.00932
vt 1.57545 0.01179
vt 1.57653 0.01426
vt 1.14845 0.01436
vt 1.14845 0.02317
vt 1.17234 0.01436
vt 1.17234 0.02317
vt 1.11915 0.02317
vt 1.11915 0.01436
vt 1.59936 0.02132
vt 1.59936 0.00224
vt 1.97942 0.50821
vt 1.97942 0.51091
vt 1.98823 0.51091
vt 1.98823 0.50821
vt 1.17558 0.01116
vt 1.17448 0.01364
vt 1.17557 0.01611
vt 1.97942 0.50551
vt 1.98823 0.50551
vt 1.97942 0.48162
vt 1.98823 0.48162
vt 1.98823 0.5348
vt 1.97942 0.5348
vt 1.1984 0.02317
vt 1.1984 0.00408
vt 1.9907 0.31245
vt 1.9907 0.30974
vt 1.98189 0.30974
vt 1.98189 0.31245
vt 1.60259 0.00932
vt 1.6015 0.01179
vt 1.60259 0.01426
vt 1.9907 0.31515
vt 1.98189 0.31515
vt 1.9907 0.33904
vt 1.98189 0.33904
vt 1.98189 0.28585
vt 1.9907 0.28585
vt 1.62541 0.02132
vt 1.62541 0.00224
vt 1.49248 0.04599
vt 1.49519 0.04599
vt 1.49519 0.03718
vt 1.49248 0.03718
vt 1.52443 0.00932
vt 1.52333 0.01179
vt 1.52442 0.01426
vt 1.48978 0.04599
vt 1.48978 0.03718
vt 1.46589 0.04599
vt 1.46589 0.03718
vt 1.51908 0.03718
vt 1.51908 0.04599
vt 1.54725 0.02132
vt 1.54725 0.00224
vt 1.84579 0.02838
vt 1.84849 0.02838
vt 1.84849 0.01957
vt 1.84579 0.01957
vt 1.96716 0.07029
vt 1.96607 0.07276
vt 1.96716 0.07523
vt 1.84309 0.02838
vt 1.84309 0.01957
vt 1.81919 0.02838
vt 1.81919 0.01957
vt 1.87238 0.01957
vt 1.87238 0.02838
vt 1.98998 0.08229
vt 1.98998 0.0632
vt 1.23538 0.04416
vt 1.23808 0.04416
vt 1.23808 0.03535
vt 1.23538 0.03535
vt 1.68076 0.00932
vt 1.67967 0.01179
vt 1.68075 0.01426
vt 1.23268 0.04416
vt 1.23268 0.03535
vt 1.20879 0.04416
vt 1.20879 0.03535
vt 1.26198 0.03535
vt 1.26198 0.04416
vt 1.70358 0.02132
vt 1.70358 0.00224
vt 1.98179 0.8156
vt 1.98179 0.81831
vt 1.9906 0.81831
vt 1.9906 0.8156
vt 1.00402 0.01116
vt 1.00292 0.01364
vt 1.00401 0.01611
vt 1.98179 0.8129
vt 1.9906 0.8129
vt 1.98179 0.78901
vt 1.9906 0.78901
vt 1.9906 0.8422
vt 1.98179 0.8422
vt 1.02684 0.02317
vt 1.02684 0.00408
vt 1.6984 0.06081
vt 1.6984 0.06351
vt 1.70721 0.06351
vt 1.70721 0.06081
vt 1.55048 0.00932
vt 1.54939 0.01179
vt 1.55048 0.01426
vt 1.6984 0.0581
vt 1.70721 0.0581
vt 1.6984 0.03421
vt 1.70721 0.03421
vt 1.70721 0.0874
vt 1.6984 0.0874
vt 1.5733 0.02132
vt 1.5733 0.00224
vt 1.21681 0.05593
vt 1.21951 0.05593
vt 1.21951 0.04712
vt 1.21681 0.04712
vt 1.6547 0.00932
vt 1.65361 0.01179
vt 1.6547 0.01426
vt 1.21411 0.05593
vt 1.21411 0.04712
vt 1.19021 0.05593
vt 1.19021 0.04712
vt 1.2434 0.04712
vt 1.2434 0.05593
vt 1.67752 0.02132
vt 1.67752 0.00224
vt 1.01498 0.15874
vt 1.01498 0.16145
vt 1.02379 0.16145
vt 1.02379 0.15874
vt 1.62865 0.00932
vt 1.62756 0.01179
vt 1.62864 0.01426
vt 1.01498 0.15604
vt 1.02379 0.15604
vt 1.01498 0.13215
vt 1.02379 0.13215
vt 1.02379 0.18534
vt 1.01498 0.18534
vt 1.65147 0.02132
vt 1.65147 0.00224
vt 1.9906 0.92627
vt 1.9906 0.92357
vt 1.98179 0.92357
vt 1.98179 0.92627
vt 1.72365 0.70735
vt 1.72255 0.70983
vt 1.72364 0.7123
vt 1.9906 0.92897
vt 1.98179 0.92897
vt 1.9906 0.95287
vt 1.98179 0.95287
vt 1.98179 0.89968
vt 1.9906 0.89968
vt 1.74647 0.71936
vt 1.74647 0.70027
vt 1.81022 0.02196
vt 1.804 0.02555
vt 1.81689 0.033
vt 1.81689 0.0258
vt 1.81689 0.01042
vt 1.81689 0.00322
vt 1.804 0.01067
vt 1.81022 0.01426
vt 1.99184 0.17522
vt 1.98189 0.17522
vt 1.98189 0.19011
vt 1.99184 0.19011
vt 1.83907 0.24325
vt 1.83911 0.25095
vt 1.88194 0.2507
vt 1.88191 0.24309
vt 1.47641 0.08304
vt 1.47641 0.06815
vt 1.46646 0.06815
vt 1.46646 0.08304
vt 1.88191 0.21264
vt 1.88194 0.20502
vt 1.83911 0.20478
vt 1.83907 0.21248
vt 1.46646 0.05327
vt 1.47641 0.05327
vt 1.83905 0.22017
vt 1.88188 0.22025
vt 1.99184 0.16033
vt 1.98189 0.16033
vt 1.98441 0.67412
vt 1.9973 0.66668
vt 1.99107 0.66308
vt 1.98441 0.66693
vt 1.46646 0.09793
vt 1.47641 0.09793
vt 1.98441 0.65154
vt 1.99107 0.65539
vt 1.9973 0.65179
vt 1.98441 0.64435
vt 1.83904 0.22786
vt 1.88188 0.22786
vt 1.83905 0.23556
vt 1.88188 0.23548
vt 1.90987 0.2435
vt 1.88408 0.22862
vt 1.88408 0.2435
vt 1.89698 0.25095
vt 1.90987 0.22862
vt 1.89698 0.22117
vt 1.99184 0.14544
vt 1.98189 0.14544
vt 1.78957 0.00386
vt 1.78297 0.00767
vt 1.79616 0.01529
vt 1.79616 0.00767
vt 1.78297 0.01529
vt 1.78957 0.01909
vt 1.51242 0.024
vt 1.50619 0.02759
vt 1.51908 0.03504
vt 1.51908 0.02784
vt 1.51908 0.01245
vt 1.51908 0.00526
vt 1.50619 0.01271
vt 1.51242 0.0163
vt 1.98441 0.69115
vt 1.99436 0.69115
vt 1.99436 0.67626
vt 1.98441 0.67626
vt 1.87537 0.13461
vt 1.8754 0.14231
vt 1.91824 0.14206
vt 1.9182 0.13445
vt 1.99184 0.26882
vt 1.99184 0.25393
vt 1.98189 0.25393
vt 1.98189 0.26882
vt 1.9182 0.104
vt 1.91824 0.09638
vt 1.8754 0.09614
vt 1.87537 0.10384
vt 1.98189 0.23905
vt 1.99184 0.23905
vt 1.87534 0.11153
vt 1.91818 0.11161
vt 1.98441 0.70604
vt 1.99436 0.70604
vt 1.98604 0.4234
vt 1.99893 0.41596
vt 1.9927 0.41236
vt 1.98604 0.41621
vt 1.98189 0.28371
vt 1.99184 0.28371
vt 1.98604 0.40082
vt 1.9927 0.40467
vt 1.99893 0.40107
vt 1.98604 0.39363
vt 1.87534 0.11922
vt 1.91817 0.11922
vt 1.87534 0.12692
vt 1.91818 0.12684
vt 1.70366 0.11878
vt 1.67788 0.10389
vt 1.67788 0.11878
vt 1.69077 0.12622
vt 1.70366 0.10389
vt 1.69077 0.09645
vt 1.98441 0.72092
vt 1.99436 0.72092
vt 1.87939 0.60166
vt 1.88598 0.59785
vt 1.8728 0.59024
vt 1.8728 0.59785
vt 1.88598 0.59024
vt 1.87939 0.58643
vt 1.82816 0.1986
vt 1.82813 0.18824
vt 1.70937 0.18846
vt 1.7094 0.19893
vt 1.70935 0.16752
vt 1.70936 0.17799
vt 1.82812 0.17788
vt 1.82811 0.16752
vt 1.97727 0.49429
vt 1.96372 0.49429
vt 1.96372 0.51455
vt 1.97727 0.51455
vt 1.8728 0.6038
vt 1.8728 0.62406
vt 1.88635 0.62406
vt 1.88635 0.6038
vt 1.96372 0.5348
vt 1.97727 0.5348
vt 1.8728 0.64431
vt 1.8728 0.66457
vt 1.88635 0.66457
vt 1.88635 0.64431
vt 1.98523 0.73809
vt 1.97676 0.7332
vt 1.97676 0.75345
vt 1.98523 0.74856
vt 1.82812 0.15716
vt 1.70936 0.15705
vt 1.9943 0.76358
vt 1.9943 0.75379
vt 1.97443 0.45627
vt 1.97443 0.46606
vt 1.99197 0.45593
vt 1.9835 0.45104
vt 1.9835 0.44057
vt 1.99197 0.43567
vt 1.70937 0.14658
vt 1.82813 0.1468
vt 1.82816 0.13644
vt 1.7094 0.13612
vt 1.97443 0.42554
vt 1.97443 0.43533
vt 1.9943 0.73285
vt 1.9943 0.72307
vt 1.97727 0.47404
vt 1.96372 0.47404
vt 1.68685 0.07359
vt 1.67788 0.07877
vt 1.69582 0.08912
vt 1.69582 0.07877
vt 1.67788 0.08912
vt 1.68685 0.0943
vt 1.47855 0.0878
vt 1.4961 0.09793
vt 1.51364 0.0878
vt 1.47855 0.06754
vt 1.51364 0.06754
vt 1.4961 0.05742
vt 1.86616 0.74626
vt 1.86616 0.72491
vt 1.75037 0.72491
vt 1.75037 0.74626
vt 1.86616 0.76762
vt 1.75037 0.76762
vt 1.86616 0.70356
vt 1.75037 0.70356
vt 1.75037 0.78897
vt 1.86616 0.78897
vt 1.86616 0.6822
vt 1.75037 0.6822
vt 1.92359 0.90802
vt 1.94208 0.89734
vt 1.92359 0.88666
vt 1.92359 0.86531
vt 1.90509 0.87599
vt 1.75037 0.81033
vt 1.86616 0.81033
vt 1.90509 0.89734
vt 1.92359 0.77561
vt 1.90509 0.78629
vt 1.92359 0.79697
vt 1.94208 0.80764
vt 1.92359 0.81832
vt 1.94208 0.87599
vt 1.90509 0.80764
vt 1.94208 0.78629
vt 1.89091 0.58667
vt 1.89091 0.62084
vt 1.90295 0.62084
vt 1.90295 0.58667
vt 1.79022 0.20107
vt 1.75604 0.20107
vt 1.81981 0.21816
vt 1.8369 0.24776
vt 1.8369 0.28193
vt 1.89091 0.96475
vt 1.89091 0.99893
vt 1.90295 0.99893
vt 1.90295 0.96475
vt 1.81981 0.31153
vt 1.79021 0.32862
vt 1.89091 0.75755
vt 1.89091 0.79173
vt 1.90295 0.79173
vt 1.90295 0.75755
vt 1.89091 0.79387
vt 1.89091 0.82805
vt 1.90295 0.82805
vt 1.90295 0.79387
vt 1.89091 0.86222
vt 1.90295 0.86222
vt 1.89091 0.93058
vt 1.90295 0.93058
vt 1.90295 0.6892
vt 1.90295 0.65502
vt 1.89091 0.65502
vt 1.89091 0.6892
vt 1.89091 0.8964
vt 1.90295 0.8964
vt 1.89091 0.72337
vt 1.90295 0.72337
vt 1.02684 0.07718
vt 1.02684 0.0721
vt 1.01507 0.0721
vt 1.01507 0.07718
vt 1.75604 0.32862
vt 1.72644 0.31153
vt 1.70935 0.28193
vt 1.70935 0.24776
vt 1.99808 0.35825
vt 1.99808 0.3427
vt 1.98604 0.3427
vt 1.98604 0.35825
vt 1.99808 0.39149
vt 1.99808 0.37594
vt 1.98604 0.37594
vt 1.98604 0.39149
vt 1.99808 0.36039
vt 1.98604 0.36039
vt 1.79953 0.10206
vt 1.81507 0.10206
vt 1.81507 0.09001
vt 1.79953 0.09001
vt 1.44085 0.00715
vt 1.4253 0.00715
vt 1.4253 0.01919
vt 1.44085 0.01919
vt 1.40975 0.00715
vt 1.40975 0.01919
vt 1.72644 0.21816
vt 1.75058 0.51283
vt 1.74869 0.51754
vt 1.75057 0.52224
vt 1.02684 0.08224
vt 1.01507 0.08224
vt 1.02684 0.12342
vt 1.01507 0.12342
vt 1.01507 0.03092
vt 1.02684 0.03092
vt 1.79003 0.53401
vt 1.79003 0.50102
vt 1.92926 0.72132
vt 1.92926 0.71625
vt 1.9175 0.71625
vt 1.9175 0.72132
vt 1.42429 0.04899
vt 1.4224 0.0537
vt 1.42428 0.0584
vt 1.92926 0.72638
vt 1.9175 0.72638
vt 1.92926 0.76757
vt 1.9175 0.76757
vt 1.9175 0.67506
vt 1.92926 0.67506
vt 1.46375 0.07017
vt 1.46375 0.03718
vt 1.96372 0.58315
vt 1.96372 0.58815
vt 1.97549 0.58815
vt 1.97549 0.58315
vt 1.71124 0.04703
vt 1.70935 0.05166
vt 1.71123 0.05629
vt 1.96372 0.57815
vt 1.97549 0.57815
vt 1.96372 0.53695
vt 1.97549 0.53695
vt 1.97549 0.62936
vt 1.96372 0.62936
vt 1.7507 0.06813
vt 1.7507 0.03514
vt 1.96064 0.37718
vt 1.96064 0.38221
vt 1.9724 0.38221
vt 1.9724 0.37718
vt 1.56871 0.04351
vt 1.56682 0.04817
vt 1.5687 0.05283
vt 1.96064 0.37215
vt 1.9724 0.37215
vt 1.96064 0.33096
vt 1.9724 0.33096
vt 1.9724 0.4234
vt 1.96064 0.4234
vt 1.60817 0.06465
vt 1.60817 0.03166
vt 1.96574 0.71733
vt 1.96574 0.71226
vt 1.95398 0.71226
vt 1.95398 0.71733
vt 1.79406 0.51283
vt 1.79217 0.51754
vt 1.79405 0.52224
vt 1.96574 0.7224
vt 1.95398 0.7224
vt 1.96574 0.76358
vt 1.95398 0.76358
vt 1.95398 0.67108
vt 1.96574 0.67108
vt 1.83352 0.53401
vt 1.83352 0.50102
vt 1.7556 0.033
vt 1.76067 0.033
vt 1.76067 0.02123
vt 1.7556 0.02123
vt 1.65568 0.04347
vt 1.65379 0.04817
vt 1.65567 0.05287
vt 1.75053 0.033
vt 1.75053 0.02123
vt 1.70935 0.033
vt 1.70935 0.02123
vt 1.80185 0.02123
vt 1.80185 0.033
vt 1.69514 0.06465
vt 1.69514 0.03166
vt 1.96789 0.90666
vt 1.96789 0.91166
vt 1.97965 0.91166
vt 1.97965 0.90666
vt 1.62258 0.11807
vt 1.62069 0.1227
vt 1.62257 0.12733
vt 1.96789 0.90166
vt 1.97965 0.90166
vt 1.96789 0.86046
vt 1.97965 0.86046
vt 1.97965 0.95287
vt 1.96789 0.95287
vt 1.66203 0.13918
vt 1.66203 0.10619
vt 1.92064 0.04229
vt 1.92553 0.04229
vt 1.92553 0.03052
vt 1.92064 0.03052
vt 1.75473 0.04715
vt 1.75284 0.05166
vt 1.75472 0.05616
vt 1.91577 0.04229
vt 1.91577 0.03052
vt 1.87453 0.04229
vt 1.87453 0.03052
vt 1.96677 0.03052
vt 1.96677 0.04229
vt 1.79418 0.06813
vt 1.79418 0.03514
vt 1.76435 0.27768
vt 1.75762 0.26366
vt 1.77985 0.27886
vt 1.78863 0.26603
vt 1.78191 0.25201
vt 1.76641 0.25082
vt 1.75905 0.43157
vt 1.75905 0.45293
vt 1.87485 0.45293
vt 1.87485 0.43157
vt 1.75905 0.41022
vt 1.87485 0.41022
vt 1.75905 0.47428
vt 1.87485 0.47428
vt 1.87485 0.38887
vt 1.75905 0.38887
vt 1.75905 0.49563
vt 1.87485 0.49563
vt 1.87066 0.66457
vt 1.87066 0.64322
vt 1.81275 0.64322
vt 1.81275 0.66457
vt 1.92359 0.95287
vt 1.94208 0.94219
vt 1.92359 0.93151
vt 1.92358 0.58667
vt 1.90509 0.59734
vt 1.92358 0.60801
vt 1.92359 0.91016
vt 1.90509 0.92084
vt 1.87485 0.36751
vt 1.75905 0.36751
vt 1.90509 0.94219
vt 1.92359 0.82046
vt 1.90509 0.83114
vt 1.92359 0.84182
vt 1.90509 0.61868
vt 1.94208 0.85249
vt 1.92359 0.86317
vt 1.94206 0.61868
vt 1.94206 0.59734
vt 1.81275 0.60054
vt 1.87066 0.60054
vt 1.87066 0.57919
vt 1.81275 0.57919
vt 1.92358 0.62936
vt 1.94208 0.92084
vt 1.90509 0.85249
vt 1.94208 0.83114
vt 1.81275 0.62188
vt 1.87066 0.62188
vt 1.87066 0.55785
vt 1.87066 0.5365
vt 1.81275 0.5365
vt 1.81275 0.55785
vt 1.22597 0.00903
vt 1.22597 0.0193
vt 1.21947 0.0193
vt 1.21947 0.00903
vt 1.99408 0.99893
vt 1.98381 0.99893
vt 1.98381 0.97793
vt 1.99408 0.97793
vt 1.23898 0.00903
vt 1.23898 0.0193
vt 1.23248 0.0193
vt 1.23248 0.00903
vt 1.88835 0.68912
vt 1.87809 0.68912
vt 1.87809 0.68261
vt 1.88835 0.68261
vt 1.88835 0.71514
vt 1.87809 0.71514
vt 1.87809 0.70863
vt 1.88835 0.70863
vt 1.25199 0.00903
vt 1.25199 0.0193
vt 1.24549 0.0193
vt 1.24549 0.00903
vt 1.88835 0.72165
vt 1.87809 0.72165
vt 1.88835 0.69562
vt 1.87809 0.69562
vt 1.23192 0.5614
vt 1.27891 0.5614
vt 1.25736 0.58742
vt 1.25108 0.58573
vt 1.24648 0.59033
vt 1.18493 0.5614
vt 1.14106 0.69021
vt 1.24816 0.59661
vt 1.27891 0.60417
vt 1.25904 0.5937
vt 1.27891 0.7944
vt 1.25904 0.77348
vt 1.25736 0.7672
vt 1.25108 0.76551
vt 1.25444 0.5983
vt 1.14106 0.7612
vt 1.15896 0.77011
vt 1.16064 0.77639
vt 1.14106 0.81901
vt 1.88835 0.70213
vt 1.87809 0.70213
vt 1.19417 0.81901
vt 1.16692 0.77808
vt 1.16356 0.76551
vt 1.16985 0.7672
vt 1.24648 0.77011
vt 1.24816 0.77639
vt 1.17153 0.77348
vt 1.25843 0.80098
vt 1.24766 0.81901
vt 1.25444 0.77808
vt 1.85481 0.34229
vt 1.85481 0.35255
vt 1.80132 0.35255
vt 1.80132 0.34229
vt 1.40642 0.08258
vt 1.40642 0.07231
vt 1.46424 0.07231
vt 1.46424 0.08258
vt 1.26198 0.05808
vt 1.26198 0.06834
vt 1.07174 0.06834
vt 1.07174 0.05808
vt 1.90792 0.34229
vt 1.90792 0.35255
vt 1.02898 0.06834
vt 1.02898 0.05808
vt 1.33543 0.08258
vt 1.33543 0.07231
vt 1.96851 0.04443
vt 1.96851 0.05469
vt 1.92152 0.05469
vt 1.92152 0.04443
vt 1.11737 0.793
vt 1.13892 0.81901
vt 1.09193 0.81901
vt 1.11109 0.79469
vt 1.10648 0.79009
vt 1.04494 0.81901
vt 1.00107 0.69021
vt 1.10817 0.7838
vt 1.91536 0.76757
vt 1.90509 0.76757
vt 1.90509 0.6315
vt 1.91536 0.6315
vt 1.11905 0.78671
vt 1.13892 0.77625
vt 1.11737 0.61322
vt 1.11905 0.60693
vt 1.13892 0.58601
vt 1.11109 0.6149
vt 1.11445 0.78212
vt 1.98381 0.95641
vt 1.99408 0.95641
vt 1.02065 0.60402
vt 1.01897 0.61031
vt 1.00107 0.61922
vt 1.00107 0.5614
vt 1.87453 0.05469
vt 1.87453 0.04443
vt 1.05418 0.56141
vt 1.02693 0.60233
vt 1.02357 0.6149
vt 1.02985 0.61322
vt 1.10648 0.61031
vt 1.03153 0.60693
vt 1.10816 0.60402
vt 1.10767 0.56141
vt 1.11844 0.57943
vt 1.11445 0.60233
vt 1.29132 0.28338
vt 1.28105 0.28338
vt 1.28105 0.27687
vt 1.29132 0.27687
vt 1.28105 0.27036
vt 1.29132 0.27036
vt 1.28105 0.26386
vt 1.29132 0.26386
vt 1.29132 0.28988
vt 1.28105 0.28988
vt 1.29132 0.25735
vt 1.28105 0.25735
vt 1.28105 0.25085
vt 1.29132 0.25085
vt 1.21296 0.0193
vt 1.21296 0.00903
vt 1.48494 0.01246
vt 1.47655 0.01246
vt 1.47655 0.01919
vt 1.48494 0.01919
vt 1.99201 0.6016
vt 1.99201 0.57453
vt 1.98528 0.57453
vt 1.98528 0.6016
vt 1.46816 0.01246
vt 1.45977 0.01246
vt 1.45977 0.01919
vt 1.46816 0.01919
vt 1.99037 0.48447
vt 1.99037 0.49286
vt 1.9971 0.49286
vt 1.9971 0.48447
vt 1.99037 0.51803
vt 1.99037 0.52641
vt 1.9971 0.52641
vt 1.9971 0.51803
vt 1.45138 0.01246
vt 1.44299 0.01246
vt 1.44299 0.01919
vt 1.45138 0.01919
vt 1.99037 0.5348
vt 1.9971 0.5348
vt 1.99037 0.50125
vt 1.9971 0.50125
vt 1.48541 0.70026
vt 1.51321 0.66671
vt 1.45261 0.66671
vt 1.47731 0.69808
vt 1.47137 0.70401
vt 1.39201 0.66671
vt 1.33543 0.83282
vt 1.47354 0.71212
vt 1.48758 0.70836
vt 1.51321 0.72186
vt 1.48541 0.93211
vt 1.48758 0.94022
vt 1.51321 0.96719
vt 1.47731 0.92994
vt 1.48165 0.71429
vt 1.36068 0.94397
vt 1.35851 0.93587
vt 1.33543 0.92437
vt 1.33543 0.99893
vt 1.99037 0.50964
vt 1.9971 0.50964
vt 1.40392 0.99893
vt 1.36878 0.94614
vt 1.36445 0.92994
vt 1.37255 0.93211
vt 1.47138 0.93587
vt 1.37472 0.94022
vt 1.47354 0.94397
vt 1.4729 0.99893
vt 1.48679 0.97568
vt 1.48165 0.94614
vt 1.94206 0.76897
vt 1.94206 0.69998
vt 1.93533 0.69998
vt 1.93533 0.76897
vt 1.14777 0.38164
vt 1.14777 0.30708
vt 1.14104 0.30708
vt 1.14104 0.38164
vt 1.76937 0.33076
vt 1.52404 0.33076
vt 1.52404 0.33749
vt 1.76937 0.33749
vt 1.94206 0.6315
vt 1.93533 0.6315
vt 1.82452 0.33076
vt 1.82452 0.33749
vt 1.14777 0.21553
vt 1.14104 0.21553
vt 1.96789 0.70298
vt 1.96789 0.76358
vt 1.97462 0.76358
vt 1.97462 0.70298
vt 1.00107 0.93833
vt 1.00107 0.99893
vt 1.03462 0.97113
vt 1.03244 0.96303
vt 1.03837 0.95709
vt 1.00107 0.87773
vt 1.16718 0.82115
vt 1.04648 0.95926
vt 1.14104 0.38378
vt 1.14104 0.55926
vt 1.14777 0.55926
vt 1.14777 0.38378
vt 1.05622 0.99893
vt 1.04272 0.9733
vt 1.30155 0.99893
vt 1.27458 0.9733
vt 1.26647 0.97113
vt 1.2643 0.96303
vt 1.04865 0.96737
vt 1.99201 0.62936
vt 1.98528 0.62936
vt 1.25873 0.82115
vt 1.27023 0.84423
vt 1.27833 0.8464
vt 1.33329 0.82115
vt 1.96789 0.64238
vt 1.97462 0.64238
vt 1.33329 0.88964
vt 1.28051 0.8545
vt 1.2643 0.85017
vt 1.26647 0.85827
vt 1.27023 0.9571
vt 1.27833 0.95926
vt 1.27458 0.86044
vt 1.31004 0.97251
vt 1.33329 0.95862
vt 1.28051 0.96737
vt 1.98992 0.03791
vt 1.98992 0.0463
vt 1.99665 0.0463
vt 1.99665 0.03791
vt 1.99665 0.02952
vt 1.98992 0.02952
vt 1.99665 0.02113
vt 1.98992 0.02113
vt 1.98992 0.05469
vt 1.99665 0.05469
vt 1.98992 0.00435
vt 1.98992 0.01274
vt 1.99665 0.01274
vt 1.99665 0.00435
vt 1.49333 0.01246
vt 1.49333 0.01919
vt 1.24208 0.27901
vt 1.21609 0.18748
vt 1.21609 0.55926
vt 1.24208 0.54332
vt 1.21395 0.26307
vt 1.1816 0.18748
vt 1.16273 0.18748
vt 1.00348 0.0288
vt 1.00348 0.08002
vt 1.01284 0.0907
vt 1.01284 0.0288
vt 1.89725 0.25644
vt 1.89725 0.31927
vt 1.90793 0.32862
vt 1.90793 0.25644
vt 1.40761 0.01617
vt 1.33543 0.01617
vt 1.34479 0.02684
vt 1.40761 0.02684
vt 1.27891 0.55926
vt 1.25292 0.54332
vt 1.00107 0.55926
vt 1.02707 0.46773
vt 1.02707 0.20342
vt 1.00107 0.18748
vt 1.16273 0.55926
vt 1.21395 0.55926
vt 1.33543 0.20268
vt 1.33543 0.23223
vt 1.41102 0.26458
vt 1.32517 0.08975
vt 1.02898 0.08975
vt 1.02898 0.09911
vt 1.32517 0.09911
vt 1.07325 0.55926
vt 1.0379 0.46773
vt 1.0379 0.20342
vt 1.07325 0.18748
vt 1.9839 0.4234
vt 1.9839 0.34118
vt 1.97454 0.34118
vt 1.97454 0.4234
vt 1.89582 0.35469
vt 1.52404 0.35469
vt 1.52404 0.36537
vt 1.89582 0.36537
vt 1.27891 0.18748
vt 1.25292 0.27901
vt 1.03981 0.12342
vt 1.03982 0.11274
vt 1.02898 0.11274
vt 1.02898 0.12342
vt 1.30412 0.12342
vt 1.30412 0.11274
vt 1.79918 0.35255
vt 1.79918 0.34187
vt 1.53487 0.34187
vt 1.53487 0.35255
vt 1.52404 0.34187
vt 1.52404 0.35255
vt 1.70721 0.20268
vt 1.70721 0.26458
vt 1.87838 0.32862
vt 1.87838 0.31927
usemtl mat0
f 1/1/1 2/2/2 3/3/3
f 3/3/3 4/4/4 1/1/1
f 5/5/5 1/1/1 4/4/4
f 4/4/4 6/6/6 5/5/5
f 3/3/3 2/2/2 7/7/7
f 7/7/7 8/8/8 3/3/3
f 9/9/9 10/10/10 5/5/5
f 5/5/5 6/6/6 9/9/9
f 8/8/8 7/7/7 11/11/11
f 11/11/11 12/12/12 8/8/8
f 13/13/13 14/14/14 15/15/15
f 15/15/15 16/16/16 13/13/13
f 17/17/11 18/18/7 19/19/17
f 20/20/18 21/21/19 22/22/20
f 23/23/1 24/24/5 19/19/17
f 25/25/12 26/26/11 10/10/10
f 10/10/10 9/9/9 25/25/12
f 27/27/10 17/17/11 19/19/17
f 28/28/4 29/29/3 30/30/21
f 24/24/5 27/27/10 19/19/17
f 21/21/19 31/31/14 22/22/20
f 32/32/9 30/30/21 33/33/12
f 34/34/22 35/35/23 22/22/20
f 36/36/24 37/37/18 38/38/23
f 38/38/23 39/39/25 36/36/24
f 40/40/13 34/34/22 22/22/20
f 31/31/14 40/40/13 22/22/20
f 41/41/2 23/23/1 19/19/17
f 42/42/8 30/30/21 29/29/3
f 35/35/23 20/20/18 22/22/20
f 33/33/12 30/30/21 42/42/8
f 43/43/6 30/30/21 32/32/9
f 43/43/6 28/28/4 30/30/21
f 18/18/7 41/41/2 19/19/17
f 44/44/26 45/45/19 37/37/18
f 37/37/18 36/36/24 44/44/26
f 46/46/22 47/47/13 48/48/16
f 48/48/16 49/49/27 46/46/22
f 14/14/14 45/45/19 44/44/26
f 44/44/26 15/15/15 14/14/14
f 38/38/23 46/46/22 49/49/27
f 49/49/27 39/39/25 38/38/23
f 50/50/28 51/51/29 52/52/30
f 52/52/30 53/53/31 50/50/28
f 54/54/32 50/50/28 53/53/31
f 53/53/31 55/55/33 54/54/32
f 56/56/34 57/57/35 58/58/36
f 58/58/36 59/59/37 56/56/34
f 57/57/35 60/60/38 61/61/39
f 61/61/39 58/58/36 57/57/35
f 60/60/38 62/62/40 63/63/41
f 63/63/41 61/61/39 60/60/38
f 64/64/42 54/54/32 55/55/33
f 55/55/33 65/65/43 64/64/42
f 66/66/44 67/67/45 68/68/46
f 68/68/46 69/69/47 66/66/44
f 70/70/48 71/71/49 72/72/50
f 72/72/50 73/73/46 70/70/48
f 71/71/49 52/52/30 51/51/29
f 51/51/29 72/72/50 71/71/49
f 74/74/51 75/75/42 76/76/43
f 76/76/43 77/77/52 74/74/51
f 62/62/40 74/74/51 77/77/52
f 77/77/52 63/63/41 62/62/40
f 78/78/45 56/56/34 59/59/37
f 59/59/37 79/79/53 78/78/45
f 69/69/47 80/80/50 81/81/29
f 81/81/29 82/82/54 69/69/47
f 83/83/38 84/84/35 85/85/55
f 85/85/55 84/84/35 86/86/34
f 86/86/34 66/66/44 85/85/55
f 87/87/56 88/88/40 83/83/38
f 83/83/38 85/85/55 87/87/56
f 86/86/34 67/67/45 66/66/44
f 68/68/46 80/80/50 69/69/47
f 81/81/29 89/89/28 82/82/54
f 73/73/46 90/90/45 91/91/53
f 91/91/53 70/70/48 73/73/46
f 92/92/57 93/93/58 94/94/59
f 94/94/59 95/95/56 92/92/57
f 96/96/58 97/97/60 98/98/54
f 98/98/54 99/99/59 96/96/58
f 97/97/60 100/100/61 101/101/47
f 101/101/47 98/98/54 97/97/60
f 100/100/61 102/102/62 103/103/44
f 103/103/44 101/101/47 100/100/61
f 104/104/51 88/88/40 87/87/56
f 82/82/54 89/89/28 105/105/32
f 105/105/32 106/106/59 82/82/54
f 107/107/62 108/108/63 109/109/55
f 109/109/55 110/110/44 107/107/62
f 108/108/63 92/92/57 95/95/56
f 95/95/56 109/109/55 108/108/63
f 105/105/32 111/111/42 106/106/59
f 112/112/64 113/113/65 114/114/66
f 115/115/66 116/116/65 117/117/67
f 117/117/67 118/118/68 115/115/66
f 119/119/69 115/115/66 118/118/68
f 118/118/68 120/120/70 119/119/69
f 121/121/71 122/122/72 123/123/64
f 123/123/64 124/124/73 121/121/71
f 114/114/66 125/125/69 126/126/73
f 126/126/73 112/112/64 114/114/66
f 127/127/74 128/128/75 129/129/76
f 129/129/76 130/130/77 127/127/74
f 131/131/78 132/132/79 133/133/80
f 133/133/80 134/134/81 131/131/78
f 135/135/79 136/136/78 137/137/82
f 138/138/83 137/137/82 139/139/84
f 140/140/85 141/141/78 142/142/81
f 142/142/81 143/143/86 140/140/85
f 144/144/87 139/139/84 145/145/88
f 146/146/87 147/147/88 148/148/89
f 148/148/89 149/149/90 146/146/87
f 150/150/88 151/151/91 152/152/92
f 152/152/92 153/153/89 150/150/88
f 151/151/91 154/154/93 155/155/94
f 155/155/94 152/152/92 151/151/91
f 156/156/95 140/140/85 143/143/86
f 143/143/86 157/157/96 156/156/95
f 158/158/97 159/159/98 160/160/82
f 160/160/82 161/161/83 158/158/97
f 159/159/98 133/133/80 132/132/79
f 132/132/79 160/160/82 159/159/98
f 162/162/99 156/156/95 157/157/96
f 157/157/96 163/163/100 162/162/99
f 154/154/93 162/162/99 163/163/100
f 163/163/100 155/155/94 154/154/93
f 164/164/84 146/146/87 149/149/90
f 149/149/90 165/165/101 164/164/84
f 166/166/102 167/167/103 168/168/104
f 168/168/104 169/169/105 166/166/102
f 161/161/83 164/164/84 165/165/101
f 165/165/101 158/158/97 161/161/83
f 170/170/91 145/145/88 171/171/93
f 172/172/99 171/171/93 173/173/95
f 174/174/106 175/175/107 176/176/108
f 176/176/108 177/177/109 174/174/106
f 178/178/107 179/179/110 180/180/111
f 180/180/111 181/181/108 178/178/107
f 179/179/110 182/182/112 183/183/113
f 183/183/113 180/180/111 179/179/110
f 184/184/112 185/185/114 186/186/115
f 186/186/115 187/187/113 184/184/112
f 188/188/114 189/189/116 190/190/117
f 190/190/117 191/191/115 188/188/114
f 189/189/116 192/192/106 193/193/109
f 193/193/109 190/190/117 189/189/116
f 194/194/85 173/173/95 136/136/78
f 195/195/103 196/196/102 197/197/118
f 198/198/118 166/166/102 169/169/105
f 169/169/105 199/199/119 198/198/118
f 200/200/120 198/198/118 199/199/119
f 199/199/119 201/201/121 200/200/120
f 202/202/122 168/168/104 167/167/103
f 167/167/103 203/203/123 202/202/122
f 197/197/118 204/204/120 205/205/123
f 205/205/123 195/195/103 197/197/118
f 206/206/124 207/207/125 208/208/126
f 208/208/126 209/209/127 206/206/124
f 210/210/125 211/211/124 212/212/128
f 213/213/128 206/206/124 209/209/127
f 209/209/127 214/214/129 213/213/128
f 215/215/130 213/213/128 214/214/129
f 214/214/129 216/216/131 215/215/130
f 217/217/132 208/208/126 207/207/125
f 207/207/125 218/218/133 217/217/132
f 212/212/128 219/219/130 220/220/133
f 220/220/133 210/210/125 212/212/128
f 221/221/134 222/222/135 223/223/136
f 223/223/136 224/224/137 221/221/134
f 225/225/135 226/226/134 227/227/138
f 228/228/138 221/221/134 224/224/137
f 224/224/137 229/229/139 228/228/138
f 230/230/140 228/228/138 229/229/139
f 229/229/139 231/231/141 230/230/140
f 232/232/142 223/223/136 222/222/135
f 222/222/135 233/233/143 232/232/142
f 227/227/138 234/234/140 235/235/143
f 235/235/143 225/225/135 227/227/138
f 236/236/144 237/237/145 238/238/146
f 238/238/146 239/239/147 236/236/144
f 240/240/145 241/241/144 242/242/148
f 243/243/148 236/236/144 239/239/147
f 239/239/147 244/244/149 243/243/148
f 245/245/150 243/243/148 244/244/149
f 244/244/149 246/246/151 245/245/150
f 247/247/152 238/238/146 237/237/145
f 237/237/145 248/248/153 247/247/152
f 242/242/148 249/249/150 250/250/153
f 250/250/153 240/240/145 242/242/148
f 251/251/154 252/252/155 253/253/156
f 253/253/156 254/254/157 251/251/154
f 255/255/155 256/256/154 257/257/158
f 258/258/158 251/251/154 254/254/157
f 254/254/157 259/259/159 258/258/158
f 260/260/160 258/258/158 259/259/159
f 259/259/159 261/261/161 260/260/160
f 262/262/162 253/253/156 252/252/155
f 252/252/155 263/263/163 262/262/162
f 257/257/158 264/264/160 265/265/163
f 265/265/163 255/255/155 257/257/158
f 266/266/164 267/267/165 268/268/166
f 268/268/166 269/269/167 266/266/164
f 270/270/165 271/271/164 272/272/168
f 273/273/168 266/266/164 269/269/167
f 269/269/167 274/274/169 273/273/168
f 275/275/170 273/273/168 274/274/169
f 274/274/169 276/276/171 275/275/170
f 277/277/172 268/268/166 267/267/165
f 267/267/165 278/278/173 277/277/172
f 272/272/168 279/279/170 280/280/173
f 280/280/173 270/270/165 272/272/168
f 281/281/174 282/282/175 283/283/176
f 283/283/176 284/284/177 281/281/174
f 285/285/175 286/286/174 287/287/178
f 288/288/178 281/281/174 284/284/177
f 284/284/177 289/289/179 288/288/178
f 290/290/180 288/288/178 289/289/179
f 289/289/179 291/291/181 290/290/180
f 292/292/182 283/283/176 282/282/175
f 282/282/175 293/293/183 292/292/182
f 287/287/178 294/294/180 295/295/183
f 295/295/183 285/285/175 287/287/178
f 296/296/184 297/297/185 298/298/186
f 298/298/186 299/299/187 296/296/184
f 300/300/185 301/301/184 302/302/188
f 303/303/188 296/296/184 299/299/187
f 299/299/187 304/304/189 303/303/188
f 305/305/190 303/303/188 304/304/189
f 304/304/189 306/306/191 305/305/190
f 307/307/192 298/298/186 297/297/185
f 297/297/185 308/308/193 307/307/192
f 302/302/188 309/309/190 310/310/193
f 310/310/193 300/300/185 302/302/188
f 311/311/75 312/312/74 313/313/194
f 314/314/194 127/127/74 130/130/77
f 130/130/77 315/315/195 314/314/194
f 316/316/196 314/314/194 315/315/195
f 315/315/195 317/317/197 316/316/196
f 318/318/198 129/129/76 128/128/75
f 128/128/75 319/319/199 318/318/198
f 313/313/194 320/320/196 321/321/199
f 321/321/199 311/311/75 313/313/194
f 322/322/200 323/323/201 324/324/202
f 324/324/202 325/325/203 322/322/200
f 326/326/201 327/327/200 328/328/204
f 329/329/204 322/322/200 325/325/203
f 325/325/203 330/330/205 329/329/204
f 331/331/206 329/329/204 330/330/205
f 330/330/205 332/332/207 331/331/206
f 333/333/208 324/324/202 323/323/201
f 323/323/201 334/334/209 333/333/208
f 328/328/204 335/335/206 336/336/209
f 336/336/209 326/326/201 328/328/204
f 337/337/210 338/338/211 339/339/212
f 339/339/212 340/340/213 337/337/210
f 341/341/211 342/342/210 343/343/214
f 344/344/214 337/337/210 340/340/213
f 340/340/213 345/345/215 344/344/214
f 346/346/216 344/344/214 345/345/215
f 345/345/215 347/347/217 346/346/216
f 348/348/218 339/339/212 338/338/211
f 338/338/211 349/349/219 348/348/218
f 343/343/214 350/350/216 351/351/219
f 351/351/219 341/341/211 343/343/214
f 352/352/220 353/353/221 354/354/222
f 354/354/222 355/355/223 352/352/220
f 356/356/221 357/357/220 358/358/224
f 359/359/224 352/352/220 355/355/223
f 355/355/223 360/360/225 359/359/224
f 361/361/226 359/359/224 360/360/225
f 360/360/225 362/362/227 361/361/226
f 363/363/228 354/354/222 353/353/221
f 353/353/221 364/364/229 363/363/228
f 358/358/224 365/365/226 366/366/229
f 366/366/229 356/356/221 358/358/224
f 367/367/230 368/368/231 369/369/232
f 369/369/232 370/370/233 367/367/230
f 371/371/231 372/372/230 373/373/234
f 374/374/234 367/367/230 370/370/233
f 370/370/233 375/375/235 374/374/234
f 376/376/236 374/374/234 375/375/235
f 375/375/235 377/377/237 376/376/236
f 378/378/238 369/369/232 368/368/231
f 368/368/231 379/379/239 378/378/238
f 373/373/234 380/380/236 381/381/239
f 381/381/239 371/371/231 373/373/234
f 382/382/240 383/383/241 384/384/242
f 384/384/242 385/385/243 382/382/240
f 386/386/241 387/387/240 388/388/244
f 389/389/244 382/382/240 385/385/243
f 385/385/243 390/390/245 389/389/244
f 391/391/246 389/389/244 390/390/245
f 390/390/245 392/392/247 391/391/246
f 393/393/248 384/384/242 383/383/241
f 383/383/241 394/394/249 393/393/248
f 388/388/244 395/395/246 396/396/249
f 396/396/249 386/386/241 388/388/244
f 106/106/59 111/111/42 104/104/51
f 104/104/51 87/87/56 106/106/59
f 397/397/250 398/398/251 399/399/252
f 399/399/252 400/400/253 397/397/250
f 401/401/251 402/402/250 403/403/254
f 404/404/254 397/397/250 400/400/253
f 400/400/253 405/405/255 404/404/254
f 406/406/256 404/404/254 405/405/255
f 405/405/255 407/407/257 406/406/256
f 408/408/258 399/399/252 398/398/251
f 398/398/251 409/409/259 408/408/258
f 403/403/254 410/410/256 411/411/259
f 411/411/259 401/401/251 403/403/254
f 412/412/260 413/413/261 414/414/262
f 414/414/262 415/415/263 412/412/260
f 416/416/261 417/417/260 418/418/264
f 419/419/264 412/412/260 415/415/263
f 415/415/263 420/420/265 419/419/264
f 421/421/266 419/419/264 420/420/265
f 420/420/265 422/422/267 421/421/266
f 423/423/268 414/414/262 413/413/261
f 413/413/261 424/424/269 423/423/268
f 418/418/264 425/425/266 426/426/269
f 426/426/269 416/416/261 418/418/264
f 427/427/270 428/428/271 429/429/272
f 429/429/272 430/430/273 427/427/270
f 431/431/271 432/432/270 433/433/274
f 434/434/274 427/427/270 430/430/273
f 430/430/273 435/435/275 434/434/274
f 436/436/276 434/434/274 435/435/275
f 435/435/275 437/437/277 436/436/276
f 438/438/278 429/429/272 428/428/271
f 428/428/271 439/439/279 438/438/278
f 433/433/274 440/440/276 441/441/279
f 441/441/279 431/431/271 433/433/274
f 442/442/280 443/443/281 444/444/282
f 444/444/282 445/445/283 442/442/280
f 446/446/281 447/447/280 448/448/284
f 449/449/284 442/442/280 445/445/283
f 445/445/283 450/450/285 449/449/284
f 451/451/286 449/449/284 450/450/285
f 450/450/285 452/452/287 451/451/286
f 453/453/288 444/444/282 443/443/281
f 443/443/281 454/454/289 453/453/288
f 448/448/284 455/455/286 456/456/289
f 456/456/289 446/446/281 448/448/284
f 457/457/290 458/458/291 459/459/292
f 459/459/292 460/460/293 457/457/290
f 461/461/291 462/462/290 463/463/294
f 464/464/294 457/457/290 460/460/293
f 460/460/293 465/465/295 464/464/294
f 466/466/296 464/464/294 465/465/295
f 465/465/295 467/467/297 466/466/296
f 468/468/298 459/459/292 458/458/291
f 458/458/291 469/469/299 468/468/298
f 463/463/294 470/470/296 471/471/299
f 471/471/299 461/461/291 463/463/294
f 472/472/300 473/473/301 474/474/302
f 474/474/302 475/475/303 472/472/300
f 476/476/304 477/477/305 478/478/306
f 478/478/306 479/479/307 476/476/304
f 480/480/308 481/481/309 482/482/310
f 482/482/310 483/483/311 480/480/308
f 484/484/312 485/485/313 486/486/314
f 486/486/314 487/487/315 484/484/312
f 488/488/316 489/489/317 490/490/318
f 490/490/318 491/491/319 488/488/316
f 492/492/320 493/493/321 494/494/322
f 494/494/322 495/495/323 492/492/320
f 489/489/317 496/496/312 497/497/315
f 497/497/315 490/490/318 489/489/317
f 485/485/313 498/498/324 499/499/325
f 499/499/325 486/486/314 485/485/313
f 500/500/326 501/501/327 502/502/328
f 502/502/328 503/503/329 500/500/326
f 504/504/330 503/503/329 502/502/328
f 502/502/328 505/505/331 504/504/330
f 504/504/330 505/505/331 506/506/332
f 506/506/332 507/507/333 504/504/330
f 481/481/309 492/492/320 495/495/323
f 495/495/323 482/482/310 481/481/309
f 500/500/326 508/508/334 509/509/335
f 509/509/335 501/501/327 500/500/326
f 510/510/336 511/511/324 512/512/337
f 512/512/337 509/509/335 510/510/336
f 513/513/316 510/510/336 509/509/335
f 509/509/335 508/508/334 513/513/316
f 508/508/334 514/514/338 513/513/316
f 513/513/316 514/514/338 507/507/333
f 507/507/333 506/506/332 513/513/316
f 473/473/301 480/480/308 483/483/311
f 483/483/311 474/474/302 473/473/301
f 515/515/321 516/516/320 517/517/339
f 517/517/339 518/518/340 515/515/321
f 498/498/324 519/519/336 520/520/341
f 520/520/341 499/499/325 498/498/324
f 515/515/321 518/518/340 521/521/342
f 521/521/342 522/522/300 515/515/321
f 523/523/309 506/506/332 517/517/339
f 517/517/339 516/516/320 523/523/309
f 523/523/309 524/524/308 513/513/316
f 513/513/316 506/506/332 523/523/309
f 513/513/316 524/524/308 525/525/317
f 526/526/301 527/527/312 525/525/317
f 525/525/317 524/524/308 526/526/301
f 527/527/312 526/526/301 522/522/300
f 522/522/300 521/521/342 527/527/312
f 528/528/305 529/529/304 527/527/312
f 527/527/312 521/521/342 528/528/305
f 530/530/313 529/529/304 512/512/337
f 512/512/337 511/511/324 530/530/313
f 530/530/313 527/527/312 529/529/304
f 531/531/305 532/532/342 533/533/343
f 533/533/343 534/534/306 531/531/305
f 519/519/336 488/488/316 491/491/319
f 491/491/319 520/520/341 519/519/336
f 535/535/340 536/536/339 537/537/344
f 537/537/344 538/538/345 535/535/340
f 539/539/335 540/540/337 541/541/346
f 541/541/346 542/542/347 539/539/335
f 532/532/342 543/543/340 544/544/345
f 544/544/345 533/533/343 532/532/342
f 545/545/327 539/539/335 542/542/347
f 542/542/347 546/546/348 545/545/327
f 536/536/339 547/547/332 548/548/349
f 548/548/349 537/537/344 536/536/339
f 549/549/328 550/550/327 551/551/348
f 551/551/348 552/552/350 549/549/328
f 553/553/350 554/554/348 555/555/351
f 555/555/351 556/556/352 553/553/350
f 553/553/350 556/556/352 557/557/353
f 557/557/353 558/558/354 553/553/350
f 559/559/349 558/558/354 557/557/353
f 557/557/353 560/560/355 559/559/349
f 561/561/332 562/562/331 563/563/354
f 563/563/354 564/564/349 561/561/332
f 565/565/347 566/566/356 555/555/351
f 555/555/351 554/554/348 565/565/347
f 567/567/346 568/568/325 569/569/341
f 569/569/341 565/565/347 567/567/346
f 565/565/347 569/569/341 570/570/319
f 570/570/319 566/566/356 565/565/347
f 566/566/356 570/570/319 571/571/357
f 560/560/355 571/571/357 570/570/319
f 570/570/319 559/559/349 560/560/355
f 572/572/337 476/476/304 479/479/307
f 479/479/307 573/573/346 572/572/337
f 574/574/344 575/575/323 576/576/322
f 576/576/322 577/577/345 574/574/344
f 578/578/331 549/549/328 552/552/350
f 552/552/350 579/579/354 578/578/331
f 580/580/343 577/577/345 576/576/322
f 576/576/322 581/581/303 580/580/343
f 574/574/344 559/559/349 582/582/310
f 582/582/310 575/575/323 574/574/344
f 570/570/319 583/583/311 582/582/310
f 582/582/310 559/559/349 570/570/319
f 570/570/319 584/584/318 583/583/311
f 584/584/318 585/585/315 586/586/302
f 586/586/302 583/583/311 584/584/318
f 581/581/303 586/586/302 585/585/315
f 585/585/315 580/580/343 581/581/303
f 585/585/315 587/587/307 588/588/306
f 588/588/306 580/580/343 585/585/315
f 567/567/346 587/587/307 589/589/314
f 589/589/314 568/568/325 567/567/346
f 589/589/314 587/587/307 585/585/315
f 590/590/329 591/591/330 592/592/353
f 592/592/353 593/593/352 590/590/329
f 593/593/352 594/594/351 595/595/326
f 595/595/326 590/590/329 593/593/352
f 594/594/351 596/596/356 597/597/334
f 597/597/334 595/595/326 594/594/351
f 591/591/330 598/598/333 599/599/355
f 599/599/355 592/592/353 591/591/330
f 600/600/333 601/601/338 602/602/357
f 602/602/357 603/603/355 600/600/333
f 597/597/334 596/596/356 602/602/357
f 602/602/357 601/601/338 597/597/334
f 604/604/321 472/472/300 475/475/303
f 475/475/303 605/605/322 604/604/321
f 606/606/358 607/607/359 608/608/360
f 608/608/360 609/609/361 606/606/358
f 610/610/362 611/611/363 612/612/359
f 612/612/359 613/613/358 610/610/362
f 610/610/362 613/613/358 614/614/364
f 614/614/364 615/615/365 610/610/362
f 616/616/366 615/615/365 614/614/364
f 614/614/364 617/617/367 616/616/366
f 616/616/366 617/617/367 618/618/368
f 618/618/368 619/619/369 616/616/366
f 620/620/370 621/621/371 612/612/359
f 612/612/359 611/611/363 620/620/370
f 622/622/372 623/623/373 618/618/368
f 618/618/368 624/624/374 622/622/372
f 623/623/373 625/625/375 619/619/369
f 619/619/369 618/618/368 623/623/373
f 622/622/372 624/624/374 626/626/376
f 626/626/376 627/627/377 622/622/372
f 628/628/378 627/627/377 626/626/376
f 626/626/376 621/621/371 628/628/378
f 621/621/371 620/620/370 628/628/378
f 628/628/378 620/620/370 629/629/379
f 629/629/379 620/620/370 619/619/369
f 619/619/369 625/625/375 629/629/379
f 630/630/364 631/631/358 632/632/361
f 632/632/361 633/633/380 630/630/364
f 634/634/376 635/635/374 636/636/381
f 636/636/381 637/637/382 634/634/376
f 638/638/368 639/639/367 640/640/383
f 640/640/383 641/641/384 638/638/368
f 642/642/371 634/634/376 637/637/382
f 637/637/382 643/643/385 642/642/371
f 607/607/359 644/644/371 645/645/385
f 645/645/385 608/608/360 607/607/359
f 646/646/367 630/630/364 633/633/380
f 633/633/380 647/647/383 646/646/367
f 648/648/374 638/638/368 641/641/384
f 641/641/384 649/649/381 648/648/374
f 650/650/360 651/651/386 652/652/387
f 652/652/387 653/653/361 650/650/360
f 654/654/380 653/653/361 652/652/387
f 652/652/387 655/655/388 654/654/380
f 654/654/380 655/655/388 656/656/389
f 656/656/389 657/657/383 654/654/380
f 658/658/384 657/657/383 656/656/389
f 656/656/389 659/659/390 658/658/384
f 650/650/360 660/660/385 661/661/391
f 661/661/391 651/651/386 650/650/360
f 658/658/384 662/662/392 663/663/393
f 663/663/393 664/664/381 658/658/384
f 659/659/390 665/665/394 662/662/392
f 662/662/392 658/658/384 659/659/390
f 666/666/382 664/664/381 663/663/393
f 663/663/393 667/667/395 666/666/382
f 666/666/382 667/667/395 668/668/396
f 668/668/396 660/660/385 666/666/382
f 660/660/385 668/668/396 661/661/391
f 668/668/396 669/669/397 661/661/391
f 659/659/390 661/661/391 669/669/397
f 669/669/397 665/665/394 659/659/390
f 670/670/398 671/671/399 672/672/400
f 672/672/400 673/673/401 670/670/398
f 674/674/402 675/675/403 676/676/404
f 676/676/404 677/677/405 674/674/402
f 678/678/406 679/679/407 680/680/408
f 680/680/408 681/681/409 678/678/406
f 672/672/400 671/671/399 676/676/404
f 676/676/404 675/675/403 672/672/400
f 682/682/410 683/683/411 684/684/412
f 684/684/412 685/685/413 682/682/410
f 681/681/409 680/680/408 686/686/410
f 686/686/410 687/687/413 681/681/409
f 688/688/414 689/689/415 690/690/416
f 690/690/416 691/691/417 688/688/414
f 692/692/403 693/693/408 694/694/407
f 694/694/407 695/695/400 692/692/403
f 674/674/402 677/677/405 696/696/418
f 696/696/418 697/697/419 674/674/402
f 695/695/400 694/694/407 698/698/415
f 698/698/415 699/699/401 695/695/400
f 684/684/412 683/683/411 688/688/414
f 688/688/414 691/691/417 684/684/412
f 700/700/401 701/701/415 702/702/414
f 702/702/414 703/703/420 700/700/401
f 704/704/419 703/703/420 702/702/414
f 702/702/414 705/705/411 704/704/419
f 706/706/420 697/697/419 696/696/418
f 696/696/418 707/707/421 706/706/420
f 706/706/420 707/707/421 708/708/398
f 708/708/398 709/709/401 706/706/420
f 704/704/419 705/705/411 710/710/410
f 710/710/410 711/711/402 704/704/419
f 712/712/402 713/713/410 693/693/408
f 693/693/408 692/692/403 712/712/402
f 714/714/416 715/715/415 679/679/407
f 679/679/407 678/678/406 714/714/416
f 716/716/366 717/717/369 718/718/390
f 718/718/390 719/719/389 716/716/366
f 717/717/369 720/720/370 721/721/391
f 721/721/391 718/718/390 717/717/369
f 720/720/370 722/722/363 723/723/386
f 723/723/386 721/721/391 720/720/370
f 722/722/363 724/724/362 725/725/387
f 725/725/387 723/723/386 722/722/363
f 724/724/362 726/726/365 727/727/388
f 727/727/388 725/725/387 724/724/362
f 726/726/365 728/728/366 729/729/389
f 729/729/389 727/727/388 726/726/365
f 730/730/375 731/731/373 732/732/392
f 732/732/392 733/733/394 730/730/375
f 731/731/373 734/734/372 735/735/393
f 735/735/393 732/732/392 731/731/373
f 736/736/372 737/737/377 738/738/395
f 738/738/395 739/739/393 736/736/372
f 737/737/377 740/740/378 741/741/396
f 741/741/396 738/738/395 737/737/377
f 740/740/378 742/742/379 743/743/397
f 743/743/397 741/741/396 740/740/378
f 742/742/379 730/730/375 733/733/394
f 733/733/394 743/743/397 742/742/379
f 744/744/422 745/745/423 746/746/424
f 746/746/424 747/747/425 744/744/422
f 748/748/426 749/749/427 750/750/428
f 751/751/429 752/752/430 753/753/431
f 753/753/431 754/754/432 751/751/429
f 755/755/423 756/756/428 757/757/433
f 757/757/433 758/758/434 755/755/423
f 759/759/435 760/760/431 761/761/430
f 761/761/430 762/762/424 759/759/435
f 747/747/425 746/746/424 763/763/430
f 763/763/430 764/764/436 747/747/425
f 765/765/434 766/766/437 767/767/438
f 767/767/438 768/768/435 765/765/434
f 748/748/426 750/750/428 769/769/430
f 769/769/430 770/770/429 748/748/426
f 771/771/433 772/772/439 773/773/440
f 774/774/432 775/775/440 776/776/426
f 776/776/426 777/777/429 774/774/432
f 766/766/437 765/765/434 778/778/433
f 778/778/433 779/779/441 766/766/437
f 767/767/438 780/780/442 781/781/431
f 781/781/431 768/768/435 767/767/438
f 782/782/440 783/783/439 784/784/427
f 784/784/427 785/785/426 782/782/440
f 780/780/442 779/779/441 778/778/433
f 778/778/433 781/781/431 780/780/442
f 786/786/434 787/787/435 788/788/424
f 788/788/424 789/789/423 786/786/434
f 763/763/430 790/790/428 791/791/443
f 791/791/443 764/764/436 763/763/430
f 791/791/443 790/790/428 745/745/423
f 745/745/423 744/744/422 791/791/443
f 792/792/444 793/793/445 794/794/446
f 794/794/446 795/795/447 792/792/444
f 796/796/441 797/797/443 798/798/422
f 798/798/422 799/799/437 796/796/441
f 800/800/442 801/801/436 797/797/443
f 797/797/443 796/796/441 800/800/442
f 802/802/437 803/803/422 804/804/425
f 804/804/425 805/805/438 802/802/437
f 805/805/438 804/804/425 806/806/436
f 806/806/436 807/807/442 805/805/438
f 808/808/431 771/771/433 773/773/440
f 773/773/440 809/809/432 808/808/431
f 810/810/448 811/811/449 812/812/450
f 812/812/450 813/813/451 810/810/448
f 814/814/452 810/810/448 813/813/451
f 813/813/451 815/815/453 814/814/452
f 812/812/450 811/811/449 816/816/454
f 816/816/454 817/817/455 812/812/450
f 818/818/456 819/819/457 814/814/452
f 814/814/452 815/815/453 818/818/456
f 817/817/455 816/816/454 820/820/458
f 820/820/458 821/821/459 817/817/455
f 822/822/453 823/823/460 824/824/456
f 825/825/459 826/826/458 819/819/457
f 819/819/457 818/818/456 825/825/459
f 827/827/458 828/828/454 829/829/461
f 830/830/459 823/823/460 831/831/455
f 824/824/456 823/823/460 830/830/459
f 832/832/449 833/833/448 829/829/461
f 834/834/451 823/823/460 822/822/453
f 835/835/450 831/831/455 823/823/460
f 828/828/454 832/832/449 829/829/461
f 835/835/450 823/823/460 834/834/451
f 836/836/457 827/827/458 829/829/461
f 837/837/452 836/836/457 829/829/461
f 833/833/448 837/837/452 829/829/461
f 838/838/462 839/839/463 840/840/464
f 840/840/464 841/841/465 838/838/462
f 842/842/466 843/843/467 839/839/463
f 839/839/463 838/838/462 842/842/466
f 844/844/468 845/845/469 846/846/470
f 846/846/470 847/847/471 844/844/468
f 841/841/465 840/840/464 848/848/469
f 848/848/469 849/849/468 841/841/465
f 847/847/471 846/846/470 850/850/472
f 850/850/472 851/851/473 847/847/471
f 852/852/474 853/853/475 854/854/476
f 851/851/473 850/850/472 855/855/467
f 855/855/467 856/856/466 851/851/473
f 857/857/473 858/858/474 859/859/477
f 859/859/477 860/860/471 857/857/473
f 861/861/472 862/862/478 863/863/467
f 864/864/469 862/862/478 865/865/470
f 866/866/463 862/862/478 867/867/464
f 866/866/463 863/863/467 862/862/478
f 867/867/464 862/862/478 864/864/469
f 868/868/479 869/869/480 870/870/481
f 871/871/482 872/872/477 854/854/476
f 873/873/483 874/874/484 854/854/476
f 853/853/475 873/873/483 854/854/476
f 874/874/484 871/871/482 854/854/476
f 875/875/466 876/876/475 858/858/474
f 858/858/474 857/857/473 875/875/466
f 877/877/462 878/878/483 879/879/475
f 879/879/475 880/880/466 877/877/462
f 881/881/465 882/882/484 878/878/483
f 878/878/483 877/877/462 881/881/465
f 883/883/468 884/884/482 882/882/484
f 882/882/484 881/881/465 883/883/468
f 860/860/471 859/859/477 885/885/482
f 885/885/482 886/886/468 860/860/471
f 852/852/474 854/854/476 872/872/477
f 887/887/485 888/888/486 889/889/487
f 889/889/487 890/890/488 887/887/485
f 891/891/489 892/892/487 893/893/486
f 893/893/486 894/894/490 891/891/489
f 895/895/444 896/896/447 897/897/491
f 897/897/491 898/898/492 895/895/444
f 899/899/493 900/900/494 901/901/495
f 901/901/495 902/902/496 899/899/493
f 116/116/65 123/123/64 122/122/72
f 122/122/72 117/117/67 116/116/65
f 903/903/497 904/904/491 905/905/447
f 905/905/447 906/906/498 903/903/497
f 907/907/421 908/908/418 909/909/399
f 909/909/399 910/910/398 907/907/421
f 911/911/499 901/901/495 900/900/494
f 900/900/494 912/912/446 911/911/499
f 913/913/405 914/914/404 909/909/399
f 909/909/399 908/908/418 913/913/405
f 915/915/500 916/916/501 903/903/497
f 903/903/497 906/906/498 915/915/500
f 891/891/489 917/917/502 918/918/445
f 918/918/445 892/892/487 891/891/489
f 890/890/488 889/889/487 793/793/445
f 793/793/445 792/792/444 890/890/488
f 919/919/446 920/920/494 921/921/498
f 921/921/498 922/922/447 919/919/446
f 902/902/496 923/923/490 924/924/486
f 924/924/486 899/899/493 902/902/496
f 925/925/485 926/926/500 927/927/493
f 927/927/493 928/928/486 925/925/485
f 929/929/485 930/930/503 916/916/501
f 916/916/501 915/915/500 929/929/485
f 931/931/488 932/932/504 930/930/503
f 930/930/503 929/929/485 931/931/488
f 933/933/489 934/934/495 935/935/499
f 935/935/499 936/936/502 933/933/489
f 937/937/505 938/938/506 939/939/507
f 939/939/507 940/940/508 937/937/505
f 941/941/509 942/942/510 943/943/511
f 943/943/511 944/944/512 941/941/509
f 945/945/513 946/946/514 947/947/515
f 947/947/515 948/948/516 945/945/513
f 949/949/517 950/950/518 951/951/519
f 951/951/519 952/952/520 949/949/517
f 944/944/512 943/943/511 938/938/506
f 938/938/506 937/937/505 944/944/512
f 953/953/521 954/954/522 955/955/523
f 955/955/523 956/956/524 953/953/521
f 954/954/522 953/953/521 957/957/525
f 957/957/525 958/958/526 954/954/522
f 959/959/527 960/960/528 961/961/509
f 961/961/509 962/962/529 959/959/527
f 941/941/509 963/963/528 964/964/530
f 964/964/530 942/942/510 941/941/509
f 965/965/531 966/966/532 967/967/514
f 967/967/514 968/968/513 965/965/531
f 948/948/516 947/947/515 964/964/530
f 964/964/530 963/963/528 948/948/516
f 969/969/507 970/970/533 971/971/534
f 971/971/534 972/972/508 969/969/507
f 971/971/534 970/970/533 956/956/524
f 956/956/524 955/955/523 971/971/534
f 973/973/512 974/974/505 975/975/535
f 975/975/535 976/976/536 973/973/512
f 977/977/513 978/978/516 979/979/537
f 979/979/537 980/980/538 977/977/513
f 981/981/539 982/982/508 983/983/534
f 983/983/534 984/984/540 981/981/539
f 985/985/541 986/986/526 987/987/531
f 987/987/531 988/988/542 985/985/541
f 989/989/518 990/990/523 991/991/522
f 991/991/522 992/992/519 989/989/518
f 993/993/543 994/994/538 995/995/537
f 995/995/537 996/996/544 993/993/543
f 997/997/545 998/998/536 999/999/535
f 999/999/535 1000/1000/546 997/997/545
f 1001/1001/547 1002/1002/527 1003/1003/529
f 1003/1003/529 1004/1004/548 1001/1001/547
f 1005/1005/549 1006/1006/534 1007/1007/523
f 1007/1007/523 1008/1008/550 1005/1005/549
f 1009/1009/551 1010/1010/509 1011/1011/512
f 1011/1011/512 1012/1012/552 1009/1009/551
f 1013/1013/553 1014/1014/541 1015/1015/542
f 1015/1015/542 1016/1016/554 1013/1013/553
f 1017/1017/555 1018/1018/539 1019/1019/540
f 1019/1019/540 1020/1020/556 1017/1017/555
f 1021/1021/557 1022/1022/555 1023/1023/556
f 1023/1023/556 1024/1024/558 1021/1021/557
f 1025/1025/559 1026/1026/531 1027/1027/513
f 1027/1027/513 1028/1028/560 1025/1025/559
f 1029/1029/561 1030/1030/505 1031/1031/508
f 1031/1031/508 1032/1032/562 1029/1029/561
f 1033/1033/563 1034/1034/522 1035/1035/526
f 1035/1035/526 1036/1036/564 1033/1033/563
f 1037/1037/565 1038/1038/516 1039/1039/528
f 1039/1039/528 1040/1040/566 1037/1037/565
f 1041/1041/567 1042/1042/553 1043/1043/554
f 1043/1043/554 1044/1044/568 1041/1041/567
f 1045/1045/569 1046/1046/546 1047/1047/555
f 1047/1047/555 1048/1048/557 1045/1045/569
f 1049/1049/570 1050/1050/543 1051/1051/544
f 1051/1051/544 1052/1052/571 1049/1049/570
f 1053/1053/572 1054/1054/520 1042/1042/553
f 1042/1042/553 1041/1041/567 1053/1053/572
f 1055/1055/573 1056/1056/548 1057/1057/545
f 1057/1057/545 1058/1058/574 1055/1055/573
f 1052/1052/571 1051/1051/544 1059/1059/547
f 1059/1059/547 1060/1060/575 1052/1052/571
f 1044/1044/568 1043/1043/554 1061/1061/543
f 1061/1061/543 1062/1062/570 1044/1044/568
f 1063/1063/517 1054/1054/520 1053/1053/572
f 1053/1053/572 1064/1064/576 1063/1063/517
f 1060/1060/575 1059/1059/547 1056/1056/548
f 1056/1056/548 1055/1055/573 1060/1060/575
f 1024/1024/558 1023/1023/556 1063/1063/517
f 1063/1063/517 1064/1064/576 1024/1024/558
f 1058/1058/574 1057/1057/545 1046/1046/546
f 1046/1046/546 1045/1045/569 1058/1058/574
f 1065/1065/510 1066/1066/530 1067/1067/577
f 1068/1068/576 1069/1069/572 1070/1070/578
f 1070/1070/578 1071/1071/579 1068/1068/576
f 1072/1072/580 1073/1073/570 1074/1074/571
f 1074/1074/571 1075/1075/581 1072/1072/580
f 1076/1076/582 1077/1077/583 1078/1078/584
f 1079/1079/585 1080/1080/586 1078/1078/584
f 1081/1081/587 1078/1078/584 1082/1082/588
f 1083/1083/589 1084/1084/590 1078/1078/584
f 1085/1085/591 1086/1086/557 1087/1087/558
f 1087/1087/558 1088/1088/592 1085/1085/591
f 1089/1089/593 1090/1090/573 1091/1091/574
f 1091/1091/574 1092/1092/594 1089/1089/593
f 1093/1093/595 1094/1094/569 1095/1095/557
f 1095/1095/557 1096/1096/591 1093/1093/595
f 1088/1088/592 1087/1087/558 1068/1068/576
f 1068/1068/576 1071/1071/579 1088/1088/592
f 1097/1097/568 1098/1098/570 1099/1099/580
f 1099/1099/580 1100/1100/596 1097/1097/568
f 1092/1092/594 1091/1091/574 1094/1094/569
f 1094/1094/569 1093/1093/595 1092/1092/594
f 1101/1101/597 1102/1102/575 1090/1090/573
f 1090/1090/573 1089/1089/593 1101/1101/597
f 1075/1075/581 1074/1074/571 1102/1102/575
f 1102/1102/575 1101/1101/597 1075/1075/581
f 1103/1103/598 1104/1104/599 1078/1078/584
f 1080/1080/586 1105/1105/600 1078/1078/584
f 1081/1081/587 1076/1076/582 1078/1078/584
f 1106/1106/601 1107/1107/567 1097/1097/568
f 1097/1097/568 1100/1100/596 1106/1106/601
f 1070/1070/578 1069/1069/572 1107/1107/567
f 1107/1107/567 1106/1106/601 1070/1070/578
f 1082/1082/588 1078/1078/584 1104/1104/599
f 1084/1084/590 1079/1079/585 1078/1078/584
f 1077/1077/583 1083/1083/589 1078/1078/584
f 1108/1108/598 1109/1109/601 1110/1110/596
f 1110/1110/596 1111/1111/599 1108/1108/598
f 1112/1112/589 1113/1113/594 1114/1114/595
f 1114/1114/595 1115/1115/590 1112/1112/589
f 1111/1111/599 1110/1110/596 1116/1116/580
f 1116/1116/580 1117/1117/588 1111/1111/599
f 1118/1118/588 1119/1119/580 1120/1120/581
f 1120/1120/581 1121/1121/587 1118/1118/588
f 1122/1122/592 1123/1123/586 1124/1124/585
f 1124/1124/585 1125/1125/591 1122/1122/592
f 1126/1126/578 1127/1127/602 1128/1128/600
f 1128/1128/600 1129/1129/579 1126/1126/578
f 1127/1127/602 1126/1126/578 1109/1109/601
f 1109/1109/601 1108/1108/598 1127/1127/602
f 1115/1115/590 1114/1114/595 1130/1130/591
f 1130/1130/591 1131/1131/585 1115/1115/590
f 1121/1121/587 1120/1120/581 1132/1132/597
f 1132/1132/597 1133/1133/582 1121/1121/587
f 1105/1105/600 1134/1134/602 1078/1078/584
f 1135/1135/593 1136/1136/583 1133/1133/582
f 1133/1133/582 1132/1132/597 1135/1135/593
f 1136/1136/583 1135/1135/593 1113/1113/594
f 1113/1113/594 1112/1112/589 1136/1136/583
f 1123/1123/586 1122/1122/592 1129/1129/579
f 1129/1129/579 1128/1128/600 1123/1123/586
f 1134/1134/602 1103/1103/598 1078/1078/584
f 1137/1137/551 1138/1138/552 1057/1057/545
f 1057/1057/545 1056/1056/548 1137/1137/551
f 1139/1139/565 1140/1140/566 1059/1059/547
f 1059/1059/547 1051/1051/544 1139/1139/565
f 1141/1141/559 1142/1142/560 1061/1061/543
f 1061/1061/543 1043/1043/554 1141/1141/559
f 1143/1143/563 1144/1144/564 1042/1042/553
f 1042/1042/553 1054/1054/520 1143/1143/563
f 1145/1145/549 1146/1146/550 1063/1063/517
f 1063/1063/517 1023/1023/556 1145/1145/549
f 1147/1147/562 1047/1047/555 1046/1046/546
f 1046/1046/546 1148/1148/561 1147/1147/562
f 1149/1149/546 1150/1150/535 1151/1151/505
f 1151/1151/505 1152/1152/561 1149/1149/546
f 1153/1153/508 1154/1154/539 1155/1155/555
f 1155/1155/555 1156/1156/562 1153/1153/508
f 1157/1157/512 1158/1158/536 1159/1159/545
f 1159/1159/545 1160/1160/552 1157/1157/512
f 1161/1161/548 1162/1162/529 1163/1163/509
f 1163/1163/509 1164/1164/551 1161/1161/548
f 1165/1165/528 1166/1166/527 1167/1167/547
f 1167/1167/547 1168/1168/566 1165/1165/528
f 1169/1169/544 1170/1170/537 1171/1171/516
f 1171/1171/516 1172/1172/565 1169/1169/544
f 1173/1173/513 1174/1174/538 1175/1175/543
f 1175/1175/543 1176/1176/560 1173/1173/513
f 1177/1177/554 1178/1178/542 1179/1179/531
f 1179/1179/531 1180/1180/559 1177/1177/554
f 1181/1181/526 1182/1182/541 1183/1183/553
f 1183/1183/553 1184/1184/564 1181/1181/526
f 1185/1185/520 1186/1186/519 1187/1187/522
f 1187/1187/522 1188/1188/563 1185/1185/520
f 1189/1189/523 1190/1190/518 1191/1191/517
f 1191/1191/517 1192/1192/550 1189/1189/523
f 1193/1193/556 1194/1194/540 1195/1195/534
f 1195/1195/534 1196/1196/549 1193/1193/556
f 1197/1197/603 1198/1198/604 1199/1199/605
f 1199/1199/605 1200/1200/606 1197/1197/603
f 1200/1200/606 1199/1199/605 1201/1201/607
f 1201/1201/607 1202/1202/608 1200/1200/606
f 1203/1203/609 1204/1204/610 1205/1205/611
f 1205/1205/611 1206/1206/612 1203/1203/609
f 1202/1202/608 1201/1201/607 1204/1204/610
f 1204/1204/610 1203/1203/609 1202/1202/608
f 1206/1206/612 1205/1205/611 1207/1207/613
f 1207/1207/613 1208/1208/614 1206/1206/612
f 1208/1208/614 1207/1207/613 1209/1209/615
f 1209/1209/615 1210/1210/616 1208/1208/614
f 1211/1211/617 1212/1212/610 1213/1213/607
f 1213/1213/607 1214/1214/618 1211/1211/617
f 1215/1215/619 1216/1216/609 1217/1217/612
f 1217/1217/612 1218/1218/620 1215/1215/619
f 1218/1218/620 1217/1217/612 1219/1219/614
f 1219/1219/614 1220/1220/621 1218/1218/620
f 1221/1221/622 1222/1222/603 1223/1223/606
f 1223/1223/606 1224/1224/623 1221/1221/622
f 1220/1220/621 1219/1219/614 1225/1225/616
f 1225/1225/616 1226/1226/624 1220/1220/621
f 1224/1224/623 1223/1223/606 1227/1227/608
f 1227/1227/608 1228/1228/625 1224/1224/623
f 1229/1229/626 1230/1230/611 1212/1212/610
f 1212/1212/610 1211/1211/617 1229/1229/626
f 1228/1228/625 1227/1227/608 1216/1216/609
f 1216/1216/609 1215/1215/619 1228/1228/625
f 1231/1231/627 1232/1232/613 1230/1230/611
f 1230/1230/611 1229/1229/626 1231/1231/627
f 1233/1233/628 1234/1234/605 1235/1235/604
f 1235/1235/604 1236/1236/629 1233/1233/628
f 1237/1237/630 1238/1238/615 1232/1232/613
f 1232/1232/613 1231/1231/627 1237/1237/630
f 1214/1214/618 1213/1213/607 1234/1234/605
f 1234/1234/605 1233/1233/628 1214/1214/618
f 1239/1239/627 1240/1240/626 1241/1241/620
f 1241/1241/620 1242/1242/621 1239/1239/627
f 1240/1240/626 1243/1243/617 1244/1244/619
f 1244/1244/619 1241/1241/620 1240/1240/626
f 1243/1243/617 1245/1245/618 1246/1246/625
f 1246/1246/625 1244/1244/619 1243/1243/617
f 1245/1245/618 1247/1247/628 1248/1248/623
f 1248/1248/623 1246/1246/625 1245/1245/618
f 1247/1247/628 1249/1249/629 1250/1250/622
f 1250/1250/622 1248/1248/623 1247/1247/628
f 1251/1251/604 1252/1252/603 1253/1253/622
f 1253/1253/622 1254/1254/629 1251/1251/604
f 1255/1255/624 1256/1256/616 1257/1257/615
f 1257/1257/615 1258/1258/630 1255/1255/624
f 1259/1259/630 1239/1239/627 1242/1242/621
f 1242/1242/621 1260/1260/624 1259/1259/630
f 895/895/444 898/898/492 932/932/504
f 932/932/504 931/931/488 895/895/444
f 920/920/494 927/927/493 926/926/500
f 926/926/500 921/921/498 920/920/494
f 933/933/489 1261/1261/490 1262/1262/496
f 1262/1262/496 934/934/495 933/933/489
f 917/917/502 1263/1263/499 1264/1264/446
f 1264/1264/446 918/918/445 917/917/502
f 1265/1265/491 1266/1266/497 1267/1267/504
f 1267/1267/504 1268/1268/492 1265/1265/491
f 1269/1269/524 1270/1270/533 1067/1067/577
f 1271/1271/514 1067/1067/577 1272/1272/515
f 1270/1270/533 1273/1273/507 1067/1067/577
f 1066/1066/530 1272/1272/515 1067/1067/577
f 1274/1274/532 1275/1275/525 1067/1067/577
f 1276/1276/521 1269/1269/524 1067/1067/577
f 1277/1277/511 1067/1067/577 1278/1278/506
f 1275/1275/525 1276/1276/521 1067/1067/577
f 1277/1277/511 1065/1065/510 1067/1067/577
f 1273/1273/507 1278/1278/506 1067/1067/577
f 1271/1271/514 1274/1274/532 1067/1067/577
f 958/958/526 957/957/525 966/966/532
f 966/966/532 965/965/531 958/958/526
f 1279/1279/117 1280/1280/109 173/173/95
f 173/173/95 171/171/93 1279/1279/117
f 1281/1281/115 1279/1279/117 171/171/93
f 171/171/93 145/145/88 1281/1281/115
f 1282/1282/113 1281/1281/115 145/145/88
f 145/145/88 139/139/84 1282/1282/113
f 137/137/82 1283/1283/111 1282/1282/113
f 1282/1282/113 139/139/84 137/137/82
f 136/136/78 1284/1284/108 1283/1283/111
f 1283/1283/111 137/137/82 136/136/78
f 173/173/95 1280/1280/109 1284/1284/108
f 1284/1284/108 136/136/78 173/173/95
f 1266/1266/497 1285/1285/501 1286/1286/503
f 1286/1286/503 1267/1267/504 1266/1266/497
f 1287/1287/439 757/757/433 756/756/428
f 756/756/428 1288/1288/427 1287/1287/439
f 1289/1289/409 1290/1290/413 1291/1291/412
f 1291/1291/412 1292/1292/406 1289/1289/409
f 1291/1291/412 1293/1293/417 1294/1294/416
f 1294/1294/416 1292/1292/406 1291/1291/412
f 1295/1295/631 1296/1296/632 1297/1297/633
f 1297/1297/633 1298/1298/634 1295/1295/631
f 1299/1299/632 1300/1300/631 1301/1301/635
f 1302/1302/636 1301/1301/635 1303/1303/637
f 1304/1304/638 1305/1305/631 1306/1306/634
f 1306/1306/634 1307/1307/639 1304/1304/638
f 1308/1308/640 1303/1303/637 1309/1309/641
f 1310/1310/640 1311/1311/641 1312/1312/642
f 1312/1312/642 1313/1313/643 1310/1310/640
f 1314/1314/641 1315/1315/644 1316/1316/645
f 1316/1316/645 1317/1317/642 1314/1314/641
f 1315/1315/644 1318/1318/646 1319/1319/647
f 1319/1319/647 1316/1316/645 1315/1315/644
f 1320/1320/648 1304/1304/638 1307/1307/639
f 1307/1307/639 1321/1321/649 1320/1320/648
f 1322/1322/650 1323/1323/651 1324/1324/635
f 1324/1324/635 1325/1325/636 1322/1322/650
f 1323/1323/651 1297/1297/633 1296/1296/632
f 1296/1296/632 1324/1324/635 1323/1323/651
f 1326/1326/652 1320/1320/648 1321/1321/649
f 1321/1321/649 1327/1327/653 1326/1326/652
f 1318/1318/646 1326/1326/652 1327/1327/653
f 1327/1327/653 1319/1319/647 1318/1318/646
f 1328/1328/637 1310/1310/640 1313/1313/643
f 1313/1313/643 1329/1329/654 1328/1328/637
f 1330/1330/655 1331/1331/656 1332/1332/657
f 1332/1332/657 1333/1333/658 1330/1330/655
f 1325/1325/636 1328/1328/637 1329/1329/654
f 1329/1329/654 1322/1322/650 1325/1325/636
f 1334/1334/644 1309/1309/641 1335/1335/646
f 1336/1336/652 1335/1335/646 1337/1337/648
f 1338/1338/659 1339/1339/660 1340/1340/661
f 1340/1340/661 1341/1341/662 1338/1338/659
f 1342/1342/660 1343/1343/663 1344/1344/664
f 1344/1344/664 1345/1345/661 1342/1342/660
f 1343/1343/663 1346/1346/665 1347/1347/666
f 1347/1347/666 1344/1344/664 1343/1343/663
f 1348/1348/665 1349/1349/667 1350/1350/668
f 1350/1350/668 1351/1351/666 1348/1348/665
f 1352/1352/667 1353/1353/669 1354/1354/670
f 1354/1354/670 1355/1355/668 1352/1352/667
f 1353/1353/669 1356/1356/659 1357/1357/662
f 1357/1357/662 1354/1354/670 1353/1353/669
f 1358/1358/638 1337/1337/648 1300/1300/631
f 1359/1359/656 1360/1360/655 1361/1361/671
f 1362/1362/671 1330/1330/655 1333/1333/658
f 1333/1333/658 1363/1363/672 1362/1362/671
f 1364/1364/673 1362/1362/671 1363/1363/672
f 1363/1363/672 1365/1365/674 1364/1364/673
f 1366/1366/675 1332/1332/657 1331/1331/656
f 1331/1331/656 1367/1367/676 1366/1366/675
f 1361/1361/671 1368/1368/673 1369/1369/676
f 1369/1369/676 1359/1359/656 1361/1361/671
f 1370/1370/677 1371/1371/678 1372/1372/679
f 1372/1372/679 1373/1373/680 1370/1370/677
f 1374/1374/678 1375/1375/677 1376/1376/681
f 1377/1377/681 1370/1370/677 1373/1373/680
f 1373/1373/680 1378/1378/682 1377/1377/681
f 1379/1379/683 1377/1377/681 1378/1378/682
f 1378/1378/682 1380/1380/684 1379/1379/683
f 1381/1381/685 1372/1372/679 1371/1371/678
f 1371/1371/678 1382/1382/686 1381/1381/685
f 1376/1376/681 1383/1383/683 1384/1384/686
f 1384/1384/686 1374/1374/678 1376/1376/681
f 1385/1385/687 1386/1386/688 1387/1387/689
f 1387/1387/689 1388/1388/690 1385/1385/687
f 1389/1389/688 1390/1390/687 1391/1391/691
f 1392/1392/691 1385/1385/687 1388/1388/690
f 1388/1388/690 1393/1393/692 1392/1392/691
f 1394/1394/693 1392/1392/691 1393/1393/692
f 1393/1393/692 1395/1395/694 1394/1394/693
f 1396/1396/695 1387/1387/689 1386/1386/688
f 1386/1386/688 1397/1397/696 1396/1396/695
f 1391/1391/691 1398/1398/693 1399/1399/696
f 1399/1399/696 1389/1389/688 1391/1391/691
f 1400/1400/697 1401/1401/698 1402/1402/699
f 1402/1402/699 1403/1403/700 1400/1400/697
f 1404/1404/698 1405/1405/697 1406/1406/701
f 1407/1407/701 1400/1400/697 1403/1403/700
f 1403/1403/700 1408/1408/702 1407/1407/701
f 1409/1409/703 1407/1407/701 1408/1408/702
f 1408/1408/702 1410/1410/704 1409/1409/703
f 1411/1411/705 1402/1402/699 1401/1401/698
f 1401/1401/698 1412/1412/706 1411/1411/705
f 1406/1406/701 1413/1413/703 1414/1414/706
f 1414/1414/706 1404/1404/698 1406/1406/701
f 1415/1415/707 1416/1416/708 1417/1417/709
f 1417/1417/709 1418/1418/710 1415/1415/707
f 1419/1419/708 1420/1420/707 1421/1421/711
f 1422/1422/711 1415/1415/707 1418/1418/710
f 1418/1418/710 1423/1423/712 1422/1422/711
f 1424/1424/713 1422/1422/711 1423/1423/712
f 1423/1423/712 1425/1425/714 1424/1424/713
f 1426/1426/715 1417/1417/709 1416/1416/708
f 1416/1416/708 1427/1427/716 1426/1426/715
f 1421/1421/711 1428/1428/713 1429/1429/716
f 1429/1429/716 1419/1419/708 1421/1421/711
f 1430/1430/717 1431/1431/718 1432/1432/719
f 1432/1432/719 1433/1433/720 1430/1430/717
f 1434/1434/718 1435/1435/717 1436/1436/721
f 1437/1437/721 1430/1430/717 1433/1433/720
f 1433/1433/720 1438/1438/722 1437/1437/721
f 1439/1439/723 1437/1437/721 1438/1438/722
f 1438/1438/722 1440/1440/724 1439/1439/723
f 1441/1441/725 1432/1432/719 1431/1431/718
f 1431/1431/718 1442/1442/726 1441/1441/725
f 1436/1436/721 1443/1443/723 1444/1444/726
f 1444/1444/726 1434/1434/718 1436/1436/721
f 1445/1445/727 1446/1446/728 1447/1447/729
f 1447/1447/729 1448/1448/730 1445/1445/727
f 1449/1449/728 1450/1450/727 1451/1451/731
f 1452/1452/731 1445/1445/727 1448/1448/730
f 1448/1448/730 1453/1453/732 1452/1452/731
f 1454/1454/733 1452/1452/731 1453/1453/732
f 1453/1453/732 1455/1455/734 1454/1454/733
f 1456/1456/735 1447/1447/729 1446/1446/728
f 1446/1446/728 1457/1457/736 1456/1456/735
f 1451/1451/731 1458/1458/733 1459/1459/736
f 1459/1459/736 1449/1449/728 1451/1451/731
f 1460/1460/737 1461/1461/738 1462/1462/739
f 1462/1462/739 1463/1463/740 1460/1460/737
f 1464/1464/738 1465/1465/737 1466/1466/741
f 1467/1467/741 1460/1460/737 1463/1463/740
f 1463/1463/740 1468/1468/742 1467/1467/741
f 1469/1469/743 1467/1467/741 1468/1468/742
f 1468/1468/742 1470/1470/744 1469/1469/743
f 1471/1471/745 1462/1462/739 1461/1461/738
f 1461/1461/738 1472/1472/746 1471/1471/745
f 1466/1466/741 1473/1473/743 1474/1474/746
f 1474/1474/746 1464/1464/738 1466/1466/741
f 1475/1475/670 1476/1476/662 1337/1337/648
f 1337/1337/648 1335/1335/646 1475/1475/670
f 1477/1477/668 1475/1475/670 1335/1335/646
f 1335/1335/646 1309/1309/641 1477/1477/668
f 1478/1478/666 1477/1477/668 1309/1309/641
f 1309/1309/641 1303/1303/637 1478/1478/666
f 1301/1301/635 1479/1479/664 1478/1478/666
f 1478/1478/666 1303/1303/637 1301/1301/635
f 1300/1300/631 1480/1480/661 1479/1479/664
f 1479/1479/664 1301/1301/635 1300/1300/631
f 1337/1337/648 1476/1476/662 1480/1480/661
f 1480/1480/661 1300/1300/631 1337/1337/648
f 1481/1481/747 1482/1482/748 1483/1483/749
f 1483/1483/749 1484/1484/750 1481/1481/747
f 1485/1485/751 1486/1486/752 1487/1487/753
f 1487/1487/753 1488/1488/754 1485/1485/751
f 1489/1489/755 1490/1490/753 1491/1491/752
f 1491/1491/752 1492/1492/756 1489/1489/755
f 1493/1493/747 1494/1494/750 1495/1495/757
f 1495/1495/757 1496/1496/758 1493/1493/747
f 1497/1497/759 1498/1498/760 1499/1499/761
f 1499/1499/761 1500/1500/762 1497/1497/759
f 1501/1501/763 1502/1502/757 1503/1503/750
f 1503/1503/750 1504/1504/764 1501/1501/763
f 1505/1505/765 1499/1499/761 1498/1498/760
f 1498/1498/760 1506/1506/749 1505/1505/765
f 1507/1507/766 1508/1508/767 1501/1501/763
f 1501/1501/763 1504/1504/764 1507/1507/766
f 1489/1489/755 1509/1509/768 1510/1510/748
f 1510/1510/748 1490/1490/753 1489/1489/755
f 1488/1488/754 1487/1487/753 1482/1482/748
f 1482/1482/748 1481/1481/747 1488/1488/754
f 1511/1511/749 1512/1512/760 1513/1513/764
f 1513/1513/764 1514/1514/750 1511/1511/749
f 1500/1500/762 1515/1515/756 1516/1516/752
f 1516/1516/752 1497/1497/759 1500/1500/762
f 1517/1517/751 1518/1518/766 1519/1519/759
f 1519/1519/759 1520/1520/752 1517/1517/751
f 1521/1521/751 1522/1522/769 1508/1508/767
f 1508/1508/767 1507/1507/766 1521/1521/751
f 1523/1523/754 1524/1524/770 1522/1522/769
f 1522/1522/769 1521/1521/751 1523/1523/754
f 1525/1525/755 1526/1526/761 1527/1527/765
f 1527/1527/765 1528/1528/768 1525/1525/755
f 1493/1493/747 1496/1496/758 1524/1524/770
f 1524/1524/770 1523/1523/754 1493/1493/747
f 1512/1512/760 1519/1519/759 1518/1518/766
f 1518/1518/766 1513/1513/764 1512/1512/760
f 1525/1525/755 1529/1529/756 1530/1530/762
f 1530/1530/762 1526/1526/761 1525/1525/755
f 1509/1509/768 1531/1531/765 1532/1532/749
f 1532/1532/749 1510/1510/748 1509/1509/768
f 1533/1533/757 1534/1534/763 1535/1535/770
f 1535/1535/770 1536/1536/758 1533/1533/757
f 1534/1534/763 1537/1537/767 1538/1538/769
f 1538/1538/769 1535/1535/770 1534/1534/763
f 1539/1539/771 1540/1540/772 1541/1541/773
f 1541/1541/773 1542/1542/774 1539/1539/771
f 1543/1543/775 1544/1544/776 1545/1545/777
f 1545/1545/777 1546/1546/778 1543/1543/775
f 1547/1547/779 1548/1548/777 1549/1549/776
f 1549/1549/776 1550/1550/780 1547/1547/779
f 1551/1551/771 1552/1552/774 1553/1553/781
f 1553/1553/781 1554/1554/782 1551/1551/771
f 1555/1555/783 1556/1556/784 1557/1557/785
f 1557/1557/785 1558/1558/786 1555/1555/783
f 1559/1559/787 1560/1560/781 1561/1561/774
f 1561/1561/774 1562/1562/788 1559/1559/787
f 1563/1563/789 1557/1557/785 1556/1556/784
f 1556/1556/784 1564/1564/773 1563/1563/789
f 1565/1565/790 1566/1566/791 1559/1559/787
f 1559/1559/787 1562/1562/788 1565/1565/790
f 1547/1547/779 1567/1567/792 1568/1568/772
f 1568/1568/772 1548/1548/777 1547/1547/779
f 1546/1546/778 1545/1545/777 1540/1540/772
f 1540/1540/772 1539/1539/771 1546/1546/778
f 1569/1569/773 1570/1570/784 1571/1571/788
f 1571/1571/788 1572/1572/774 1569/1569/773
f 1558/1558/786 1573/1573/780 1574/1574/776
f 1574/1574/776 1555/1555/783 1558/1558/786
f 1575/1575/775 1576/1576/790 1577/1577/783
f 1577/1577/783 1578/1578/776 1575/1575/775
f 1579/1579/775 1580/1580/793 1566/1566/791
f 1566/1566/791 1565/1565/790 1579/1579/775
f 1581/1581/778 1582/1582/794 1580/1580/793
f 1580/1580/793 1579/1579/775 1581/1581/778
f 1583/1583/779 1584/1584/785 1585/1585/789
f 1585/1585/789 1586/1586/792 1583/1583/779
f 1551/1551/771 1554/1554/782 1582/1582/794
f 1582/1582/794 1581/1581/778 1551/1551/771
f 1570/1570/784 1577/1577/783 1576/1576/790
f 1576/1576/790 1571/1571/788 1570/1570/784
f 1583/1583/779 1587/1587/780 1588/1588/786
f 1588/1588/786 1584/1584/785 1583/1583/779
f 1567/1567/792 1589/1589/789 1590/1590/773
f 1590/1590/773 1568/1568/772 1567/1567/792
f 1591/1591/781 1592/1592/787 1593/1593/794
f 1593/1593/794 1594/1594/782 1591/1591/781
f 1592/1592/787 1595/1595/791 1596/1596/793
f 1596/1596/793 1593/1593/794 1592/1592/787
f 1597/1597/795 1598/1598/796 1599/1599/797
f 1599/1599/797 1600/1600/798 1597/1597/795
f 1601/1601/799 1602/1602/800 1598/1598/796
f 1598/1598/796 1597/1597/795 1601/1601/799
f 1603/1603/801 1604/1604/802 1605/1605/480
f 1605/1605/480 1606/1606/803 1603/1603/801
f 1600/1600/798 1599/1599/797 1607/1607/802
f 1607/1607/802 1608/1608/801 1600/1600/798
f 1606/1606/803 1605/1605/480 1609/1609/479
f 1609/1609/479 1610/1610/804 1606/1606/803
f 1611/1611/805 1612/1612/806 1613/1613/807
f 1610/1610/804 1609/1609/479 1614/1614/800
f 1614/1614/800 1615/1615/799 1610/1610/804
f 1616/1616/804 1617/1617/805 1618/1618/808
f 1618/1618/808 1619/1619/803 1616/1616/804
f 868/868/479 870/870/481 1620/1620/800
f 1621/1621/802 870/870/481 869/869/480
f 1622/1622/796 870/870/481 1623/1623/797
f 1622/1622/796 1620/1620/800 870/870/481
f 1623/1623/797 870/870/481 1621/1621/802
f 1624/1624/809 1625/1625/808 1613/1613/807
f 1626/1626/810 1627/1627/811 1613/1613/807
f 1612/1612/806 1626/1626/810 1613/1613/807
f 1627/1627/811 1624/1624/809 1613/1613/807
f 1628/1628/799 1629/1629/806 1617/1617/805
f 1617/1617/805 1616/1616/804 1628/1628/799
f 1630/1630/795 1631/1631/810 1632/1632/806
f 1632/1632/806 1633/1633/799 1630/1630/795
f 1634/1634/798 1635/1635/811 1631/1631/810
f 1631/1631/810 1630/1630/795 1634/1634/798
f 1636/1636/801 1637/1637/809 1635/1635/811
f 1635/1635/811 1634/1634/798 1636/1636/801
f 1619/1619/803 1618/1618/808 1638/1638/809
f 1638/1638/809 1639/1639/801 1619/1619/803
f 1611/1611/805 1613/1613/807 1625/1625/808
f 1640/1640/812 1641/1641/813 1642/1642/814
f 1642/1642/814 1643/1643/815 1640/1640/812
f 1644/1644/816 1645/1645/817 1646/1646/818
f 1647/1647/819 1648/1648/820 1649/1649/821
f 1649/1649/821 1650/1650/822 1647/1647/819
f 1651/1651/813 1652/1652/818 1653/1653/823
f 1653/1653/823 1654/1654/824 1651/1651/813
f 1655/1655/825 1656/1656/821 1657/1657/820
f 1657/1657/820 1658/1658/814 1655/1655/825
f 1643/1643/815 1642/1642/814 1659/1659/820
f 1659/1659/820 1660/1660/826 1643/1643/815
f 1661/1661/824 1662/1662/827 1663/1663/828
f 1663/1663/828 1664/1664/825 1661/1661/824
f 1644/1644/816 1646/1646/818 1665/1665/820
f 1665/1665/820 1666/1666/819 1644/1644/816
f 1667/1667/823 1668/1668/829 1669/1669/830
f 1670/1670/822 1671/1671/830 1672/1672/816
f 1672/1672/816 1673/1673/819 1670/1670/822
f 1662/1662/827 1661/1661/824 1674/1674/823
f 1674/1674/823 1675/1675/831 1662/1662/827
f 1663/1663/828 1676/1676/832 1677/1677/821
f 1677/1677/821 1664/1664/825 1663/1663/828
f 1678/1678/830 1679/1679/829 1680/1680/817
f 1680/1680/817 1681/1681/816 1678/1678/830
f 1676/1676/832 1675/1675/831 1674/1674/823
f 1674/1674/823 1677/1677/821 1676/1676/832
f 1682/1682/824 1683/1683/825 1684/1684/814
f 1684/1684/814 1685/1685/813 1682/1682/824
f 1659/1659/820 1686/1686/818 1687/1687/833
f 1687/1687/833 1660/1660/826 1659/1659/820
f 1687/1687/833 1686/1686/818 1641/1641/813
f 1641/1641/813 1640/1640/812 1687/1687/833
f 1688/1688/831 1689/1689/833 1690/1690/812
f 1690/1690/812 1691/1691/827 1688/1688/831
f 1692/1692/832 1693/1693/826 1689/1689/833
f 1689/1689/833 1688/1688/831 1692/1692/832
f 1694/1694/827 1695/1695/812 1696/1696/815
f 1696/1696/815 1697/1697/828 1694/1694/827
f 1697/1697/828 1696/1696/815 1698/1698/826
f 1698/1698/826 1699/1699/832 1697/1697/828
f 1700/1700/821 1667/1667/823 1669/1669/830
f 1669/1669/830 1701/1701/822 1700/1700/821
f 1702/1702/829 1653/1653/823 1652/1652/818
f 1652/1652/818 1703/1703/817 1702/1702/829
f 1704/1704/834 1705/1705/835 1706/1706/836
f 1706/1706/836 1707/1707/837 1704/1704/834
f 1708/1708/838 1709/1709/839 1710/1710/840
f 1710/1710/840 1711/1711/841 1708/1708/838
f 1712/1712/842 1713/1713/843 1714/1714/844
f 1714/1714/844 1715/1715/845 1712/1712/842
f 1716/1716/846 1717/1717/847 1718/1718/848
f 1718/1718/848 1719/1719/849 1716/1716/846
f 1720/1720/850 1721/1721/851 1722/1722/852
f 1722/1722/852 1723/1723/853 1720/1720/850
f 1724/1724/854 1725/1725/855 1726/1726/856
f 1726/1726/856 1727/1727/857 1724/1724/854
f 1721/1721/851 1728/1728/846 1729/1729/849
f 1729/1729/849 1722/1722/852 1721/1721/851
f 1717/1717/847 1730/1730/858 1731/1731/859
f 1731/1731/859 1718/1718/848 1717/1717/847
f 1732/1732/860 1733/1733/861 1734/1734/862
f 1734/1734/862 1735/1735/863 1732/1732/860
f 1736/1736/864 1735/1735/863 1734/1734/862
f 1734/1734/862 1737/1737/865 1736/1736/864
f 1736/1736/864 1737/1737/865 1738/1738/866
f 1738/1738/866 1739/1739/867 1736/1736/864
f 1713/1713/843 1724/1724/854 1727/1727/857
f 1727/1727/857 1714/1714/844 1713/1713/843
f 1732/1732/860 1740/1740/868 1741/1741/869
f 1741/1741/869 1733/1733/861 1732/1732/860
f 1742/1742/870 1743/1743/858 1744/1744/871
f 1744/1744/871 1741/1741/869 1742/1742/870
f 1745/1745/850 1742/1742/870 1741/1741/869
f 1741/1741/869 1740/1740/868 1745/1745/850
f 1740/1740/868 1746/1746/847 1745/1745/850
f 1745/1745/850 1746/1746/847 1739/1739/867
f 1739/1739/867 1738/1738/866 1745/1745/850
f 1705/1705/835 1712/1712/842 1715/1715/845
f 1715/1715/845 1706/1706/836 1705/1705/835
f 1747/1747/855 1748/1748/854 1749/1749/872
f 1749/1749/872 1750/1750/873 1747/1747/855
f 1730/1730/858 1751/1751/870 1752/1752/874
f 1752/1752/874 1731/1731/859 1730/1730/858
f 1747/1747/855 1750/1750/873 1753/1753/875
f 1753/1753/875 1754/1754/834 1747/1747/855
f 1755/1755/843 1738/1738/866 1749/1749/872
f 1749/1749/872 1748/1748/854 1755/1755/843
f 1755/1755/843 1756/1756/842 1745/1745/850
f 1745/1745/850 1738/1738/866 1755/1755/843
f 1745/1745/850 1756/1756/842 1757/1757/851
f 1758/1758/835 1759/1759/846 1757/1757/851
f 1757/1757/851 1756/1756/842 1758/1758/835
f 1759/1759/846 1758/1758/835 1754/1754/834
f 1754/1754/834 1753/1753/875 1759/1759/846
f 1760/1760/839 1761/1761/838 1759/1759/846
f 1759/1759/846 1753/1753/875 1760/1760/839
f 1762/1762/847 1761/1761/838 1744/1744/871
f 1744/1744/871 1743/1743/858 1762/1762/847
f 1762/1762/847 1759/1759/846 1761/1761/838
f 1763/1763/839 1764/1764/875 1765/1765/876
f 1765/1765/876 1766/1766/840 1763/1763/839
f 1751/1751/870 1720/1720/850 1723/1723/853
f 1723/1723/853 1752/1752/874 1751/1751/870
f 1767/1767/873 1768/1768/872 1769/1769/877
f 1769/1769/877 1770/1770/878 1767/1767/873
f 1771/1771/869 1772/1772/871 1773/1773/879
f 1773/1773/879 1774/1774/880 1771/1771/869
f 1764/1764/875 1775/1775/873 1776/1776/878
f 1776/1776/878 1765/1765/876 1764/1764/875
f 1777/1777/861 1771/1771/869 1774/1774/880
f 1774/1774/880 1778/1778/881 1777/1777/861
f 1768/1768/872 1779/1779/866 1780/1780/882
f 1780/1780/882 1769/1769/877 1768/1768/872
f 1781/1781/862 1782/1782/861 1783/1783/881
f 1783/1783/881 1784/1784/883 1781/1781/862
f 1785/1785/883 1786/1786/881 1787/1787/884
f 1787/1787/884 1788/1788/885 1785/1785/883
f 1785/1785/883 1788/1788/885 1789/1789/886
f 1789/1789/886 1790/1790/887 1785/1785/883
f 1791/1791/882 1790/1790/887 1789/1789/886
f 1789/1789/886 1792/1792/888 1791/1791/882
f 1793/1793/866 1794/1794/865 1795/1795/887
f 1795/1795/887 1796/1796/882 1793/1793/866
f 1797/1797/880 1798/1798/889 1787/1787/884
f 1787/1787/884 1786/1786/881 1797/1797/880
f 1799/1799/879 1800/1800/859 1801/1801/874
f 1801/1801/874 1797/1797/880 1799/1799/879
f 1797/1797/880 1801/1801/874 1802/1802/853
f 1802/1802/853 1798/1798/889 1797/1797/880
f 1798/1798/889 1802/1802/853 1803/1803/890
f 1792/1792/888 1803/1803/890 1802/1802/853
f 1802/1802/853 1791/1791/882 1792/1792/888
f 1804/1804/871 1708/1708/838 1711/1711/841
f 1711/1711/841 1805/1805/879 1804/1804/871
f 1806/1806/877 1807/1807/857 1808/1808/856
f 1808/1808/856 1809/1809/878 1806/1806/877
f 1810/1810/865 1781/1781/862 1784/1784/883
f 1784/1784/883 1811/1811/887 1810/1810/865
f 1812/1812/876 1809/1809/878 1808/1808/856
f 1808/1808/856 1813/1813/837 1812/1812/876
f 1806/1806/877 1791/1791/882 1814/1814/844
f 1814/1814/844 1807/1807/857 1806/1806/877
f 1802/1802/853 1815/1815/845 1814/1814/844
f 1814/1814/844 1791/1791/882 1802/1802/853
f 1802/1802/853 1816/1816/852 1815/1815/845
f 1816/1816/852 1817/1817/849 1818/1818/836
f 1818/1818/836 1815/1815/845 1816/1816/852
f 1813/1813/837 1818/1818/836 1817/1817/849
f 1817/1817/849 1812/1812/876 1813/1813/837
f 1817/1817/849 1819/1819/841 1820/1820/840
f 1820/1820/840 1812/1812/876 1817/1817/849
f 1799/1799/879 1819/1819/841 1821/1821/848
f 1821/1821/848 1800/1800/859 1799/1799/879
f 1821/1821/848 1819/1819/841 1817/1817/849
f 1822/1822/863 1823/1823/864 1824/1824/886
f 1824/1824/886 1825/1825/885 1822/1822/863
f 1825/1825/885 1826/1826/884 1827/1827/860
f 1827/1827/860 1822/1822/863 1825/1825/885
f 1826/1826/884 1828/1828/889 1829/1829/868
f 1829/1829/868 1827/1827/860 1826/1826/884
f 1823/1823/864 1830/1830/867 1831/1831/888
f 1831/1831/888 1824/1824/886 1823/1823/864
f 1832/1832/867 1833/1833/847 1834/1834/890
f 1834/1834/890 1835/1835/888 1832/1832/867
f 1829/1829/868 1828/1828/889 1834/1834/890
f 1834/1834/890 1833/1833/847 1829/1829/868
f 1836/1836/855 1704/1704/834 1707/1707/837
f 1707/1707/837 1837/1837/856 1836/1836/855
f 1838/1838/891 1839/1839/892 1840/1840/893
f 1840/1840/893 1841/1841/894 1838/1838/891
f 1841/1841/894 1840/1840/893 1842/1842/895
f 1842/1842/895 1843/1843/896 1841/1841/894
f 1844/1844/897 1845/1845/898 1846/1846/899
f 1846/1846/899 1847/1847/900 1844/1844/897
f 1843/1843/896 1842/1842/895 1845/1845/898
f 1845/1845/898 1844/1844/897 1843/1843/896
f 1847/1847/900 1846/1846/899 1848/1848/901
f 1848/1848/901 1849/1849/902 1847/1847/900
f 1849/1849/902 1848/1848/901 1850/1850/903
f 1850/1850/903 1851/1851/904 1849/1849/902
f 1852/1852/905 1853/1853/898 1854/1854/895
f 1854/1854/895 1855/1855/906 1852/1852/905
f 1856/1856/907 1857/1857/897 1858/1858/900
f 1858/1858/900 1859/1859/908 1856/1856/907
f 1859/1859/908 1858/1858/900 1860/1860/902
f 1860/1860/902 1861/1861/909 1859/1859/908
f 1862/1862/910 1863/1863/891 1864/1864/894
f 1864/1864/894 1865/1865/911 1862/1862/910
f 1861/1861/909 1860/1860/902 1866/1866/904
f 1866/1866/904 1867/1867/912 1861/1861/909
f 1865/1865/911 1864/1864/894 1868/1868/896
f 1868/1868/896 1869/1869/913 1865/1865/911
f 1870/1870/914 1871/1871/899 1853/1853/898
f 1853/1853/898 1852/1852/905 1870/1870/914
f 1869/1869/913 1868/1868/896 1857/1857/897
f 1857/1857/897 1856/1856/907 1869/1869/913
f 1872/1872/915 1873/1873/901 1871/1871/899
f 1871/1871/899 1870/1870/914 1872/1872/915
f 1874/1874/916 1875/1875/893 1876/1876/892
f 1876/1876/892 1877/1877/917 1874/1874/916
f 1878/1878/918 1879/1879/903 1873/1873/901
f 1873/1873/901 1872/1872/915 1878/1878/918
f 1855/1855/906 1854/1854/895 1875/1875/893
f 1875/1875/893 1874/1874/916 1855/1855/906
f 1880/1880/915 1881/1881/914 1882/1882/908
f 1882/1882/908 1883/1883/909 1880/1880/915
f 1881/1881/914 1884/1884/905 1885/1885/907
f 1885/1885/907 1882/1882/908 1881/1881/914
f 1884/1884/905 1886/1886/906 1887/1887/913
f 1887/1887/913 1885/1885/907 1884/1884/905
f 1886/1886/906 1888/1888/916 1889/1889/911
f 1889/1889/911 1887/1887/913 1886/1886/906
f 1888/1888/916 1890/1890/917 1891/1891/910
f 1891/1891/910 1889/1889/911 1888/1888/916
f 1892/1892/892 1893/1893/891 1894/1894/910
f 1894/1894/910 1895/1895/917 1892/1892/892
f 1896/1896/912 1897/1897/904 1898/1898/903
f 1898/1898/903 1899/1899/918 1896/1896/912
f 1900/1900/918 1880/1880/915 1883/1883/909
f 1883/1883/909 1901/1901/912 1900/1900/918
f 1902/1902/919 1903/1903/920 1904/1904/921
f 1904/1904/921 1905/1905/922 1902/1902/919
f 1906/1906/923 1902/1902/919 1905/1905/922
f 1905/1905/922 1907/1907/924 1906/1906/923
f 1904/1904/921 1903/1903/920 1908/1908/925
f 1908/1908/925 1909/1909/926 1904/1904/921
f 1910/1910/927 1911/1911/928 1906/1906/923
f 1906/1906/923 1907/1907/924 1910/1910/927
f 1909/1909/926 1908/1908/925 1912/1912/929
f 1912/1912/929 1913/1913/930 1909/1909/926
f 1914/1914/929 1915/1915/925 1916/1916/931
f 1917/1917/919 1918/1918/923 1916/1916/931
f 1919/1919/930 1920/1920/929 1911/1911/928
f 1911/1911/928 1910/1910/927 1919/1919/930
f 1921/1921/928 1914/1914/929 1916/1916/931
f 1922/1922/922 1923/1923/921 1924/1924/932
f 1918/1918/923 1921/1921/928 1916/1916/931
f 1925/1925/927 1924/1924/932 1926/1926/930
f 1927/1927/920 1917/1917/919 1916/1916/931
f 1928/1928/926 1924/1924/932 1923/1923/921
f 1926/1926/930 1924/1924/932 1928/1928/926
f 1929/1929/924 1924/1924/932 1925/1925/927
f 1929/1929/924 1922/1922/922 1924/1924/932
f 1915/1915/925 1927/1927/920 1916/1916/931
f 861/861/472 865/865/470 862/862/478
f 1930/1930/933 1931/1931/934 1932/1932/935
f 1932/1932/935 1933/1933/936 1930/1930/933
f 1934/1934/937 1935/1935/938 1936/1936/934
f 1936/1936/934 1937/1937/933 1934/1934/937
f 1934/1934/937 1937/1937/933 1938/1938/939
f 1938/1938/939 1939/1939/940 1934/1934/937
f 1940/1940/941 1939/1939/940 1938/1938/939
f 1938/1938/939 1941/1941/942 1940/1940/941
f 1940/1940/941 1941/1941/942 1942/1942/943
f 1942/1942/943 1943/1943/944 1940/1940/941
f 1944/1944/945 1945/1945/946 1936/1936/934
f 1936/1936/934 1935/1935/938 1944/1944/945
f 1946/1946/947 1947/1947/948 1942/1942/943
f 1942/1942/943 1948/1948/949 1946/1946/947
f 1947/1947/948 1949/1949/950 1943/1943/944
f 1943/1943/944 1942/1942/943 1947/1947/948
f 1946/1946/947 1948/1948/949 1950/1950/951
f 1950/1950/951 1951/1951/952 1946/1946/947
f 1952/1952/953 1951/1951/952 1950/1950/951
f 1950/1950/951 1945/1945/946 1952/1952/953
f 1945/1945/946 1944/1944/945 1952/1952/953
f 1952/1952/953 1944/1944/945 1953/1953/954
f 1953/1953/954 1944/1944/945 1943/1943/944
f 1943/1943/944 1949/1949/950 1953/1953/954
f 1954/1954/939 1955/1955/933 1956/1956/936
f 1956/1956/936 1957/1957/955 1954/1954/939
f 1958/1958/951 1959/1959/949 1960/1960/956
f 1960/1960/956 1961/1961/957 1958/1958/951
f 1962/1962/943 1963/1963/942 1964/1964/958
f 1964/1964/958 1965/1965/959 1962/1962/943
f 1966/1966/946 1958/1958/951 1961/1961/957
f 1961/1961/957 1967/1967/960 1966/1966/946
f 1931/1931/934 1968/1968/946 1969/1969/960
f 1969/1969/960 1932/1932/935 1931/1931/934
f 1970/1970/942 1954/1954/939 1957/1957/955
f 1957/1957/955 1971/1971/958 1970/1970/942
f 1972/1972/949 1962/1962/943 1965/1965/959
f 1965/1965/959 1973/1973/956 1972/1972/949
f 1974/1974/935 1975/1975/961 1976/1976/962
f 1976/1976/962 1977/1977/936 1974/1974/935
f 1978/1978/955 1977/1977/936 1976/1976/962
f 1976/1976/962 1979/1979/963 1978/1978/955
f 1978/1978/955 1979/1979/963 1980/1980/964
f 1980/1980/964 1981/1981/958 1978/1978/955
f 1982/1982/959 1981/1981/958 1980/1980/964
f 1980/1980/964 1983/1983/965 1982/1982/959
f 1974/1974/935 1984/1984/960 1985/1985/966
f 1985/1985/966 1975/1975/961 1974/1974/935
f 1982/1982/959 1986/1986/967 1987/1987/968
f 1987/1987/968 1988/1988/956 1982/1982/959
f 1983/1983/965 1989/1989/969 1986/1986/967
f 1986/1986/967 1982/1982/959 1983/1983/965
f 1990/1990/957 1988/1988/956 1987/1987/968
f 1987/1987/968 1991/1991/970 1990/1990/957
f 1990/1990/957 1991/1991/970 1992/1992/971
f 1992/1992/971 1984/1984/960 1990/1990/957
f 1984/1984/960 1992/1992/971 1985/1985/966
f 1992/1992/971 1993/1993/972 1985/1985/966
f 1983/1983/965 1985/1985/966 1993/1993/972
f 1993/1993/972 1989/1989/969 1983/1983/965
f 1994/1994/941 1995/1995/944 1996/1996/965
f 1996/1996/965 1997/1997/964 1994/1994/941
f 1995/1995/944 1998/1998/945 1999/1999/966
f 1999/1999/966 1996/1996/965 1995/1995/944
f 1998/1998/945 2000/2000/938 2001/2001/961
f 2001/2001/961 1999/1999/966 1998/1998/945
f 2000/2000/938 2002/2002/937 2003/2003/962
f 2003/2003/962 2001/2001/961 2000/2000/938
f 2002/2002/937 2004/2004/940 2005/2005/963
f 2005/2005/963 2003/2003/962 2002/2002/937
f 2004/2004/940 2006/2006/941 2007/2007/964
f 2007/2007/964 2005/2005/963 2004/2004/940
f 2008/2008/950 2009/2009/948 2010/2010/967
f 2010/2010/967 2011/2011/969 2008/2008/950
f 2009/2009/948 2012/2012/947 2013/2013/968
f 2013/2013/968 2010/2010/967 2009/2009/948
f 2014/2014/947 2015/2015/952 2016/2016/970
f 2016/2016/970 2017/2017/968 2014/2014/947
f 2015/2015/952 2018/2018/953 2019/2019/971
f 2019/2019/971 2016/2016/970 2015/2015/952
f 2018/2018/953 2020/2020/954 2021/2021/972
f 2021/2021/972 2019/2019/971 2018/2018/953
f 2020/2020/954 2008/2008/950 2011/2011/969
f 2011/2011/969 2021/2021/972 2020/2020/954
f 2022/2022/973 2023/2023/974 2024/2024/975
f 2024/2024/975 2025/2025/976 2022/2022/973
f 2026/2026/977 2027/2027/978 2028/2028/979
f 2028/2028/979 2029/2029/980 2026/2026/977
f 2030/2030/981 2031/2031/982 2032/2032/983
f 2032/2032/983 2033/2033/984 2030/2030/981
f 2034/2034/985 2035/2035/986 2036/2036/987
f 2036/2036/987 2037/2037/988 2034/2034/985
f 2029/2029/980 2028/2028/979 2023/2023/974
f 2023/2023/974 2022/2022/973 2029/2029/980
f 2038/2038/989 2039/2039/990 2040/2040/991
f 2040/2040/991 2041/2041/992 2038/2038/989
f 2039/2039/990 2038/2038/989 2042/2042/993
f 2042/2042/993 2043/2043/994 2039/2039/990
f 2044/2044/995 2045/2045/996 2046/2046/977
f 2046/2046/977 2047/2047/997 2044/2044/995
f 2026/2026/977 2048/2048/996 2049/2049/998
f 2049/2049/998 2027/2027/978 2026/2026/977
f 2050/2050/999 2051/2051/1000 2052/2052/982
f 2052/2052/982 2053/2053/981 2050/2050/999
f 2033/2033/984 2032/2032/983 2049/2049/998
f 2049/2049/998 2048/2048/996 2033/2033/984
f 2054/2054/975 2055/2055/1001 2056/2056/1002
f 2056/2056/1002 2057/2057/976 2054/2054/975
f 2056/2056/1002 2055/2055/1001 2041/2041/992
f 2041/2041/992 2040/2040/991 2056/2056/1002
f 2058/2058/980 2059/2059/973 2060/2060/1003
f 2060/2060/1003 2061/2061/1004 2058/2058/980
f 2062/2062/981 2063/2063/984 2064/2064/1005
f 2064/2064/1005 2065/2065/1006 2062/2062/981
f 2066/2066/1007 2067/2067/976 2068/2068/1002
f 2068/2068/1002 2069/2069/1008 2066/2066/1007
f 2070/2070/1009 2071/2071/994 2072/2072/999
f 2072/2072/999 2073/2073/1010 2070/2070/1009
f 2074/2074/986 2075/2075/991 2076/2076/990
f 2076/2076/990 2077/2077/987 2074/2074/986
f 2078/2078/1011 2079/2079/1006 2080/2080/1005
f 2080/2080/1005 2081/2081/1012 2078/2078/1011
f 2082/2082/1013 2083/2083/1004 2084/2084/1003
f 2084/2084/1003 2085/2085/1014 2082/2082/1013
f 2086/2086/1015 2087/2087/995 2088/2088/997
f 2088/2088/997 2089/2089/1016 2086/2086/1015
f 2090/2090/1017 2091/2091/1002 2092/2092/991
f 2092/2092/991 2093/2093/1018 2090/2090/1017
f 2094/2094/1019 2095/2095/977 2096/2096/980
f 2096/2096/980 2097/2097/1020 2094/2094/1019
f 2098/2098/1021 2099/2099/1009 2100/2100/1010
f 2100/2100/1010 2101/2101/1022 2098/2098/1021
f 2102/2102/1023 2103/2103/1007 2104/2104/1008
f 2104/2104/1008 2105/2105/1024 2102/2102/1023
f 2106/2106/1025 2107/2107/1023 2108/2108/1024
f 2108/2108/1024 2109/2109/1026 2106/2106/1025
f 2110/2110/1027 2111/2111/999 2112/2112/981
f 2112/2112/981 2113/2113/1028 2110/2110/1027
f 2114/2114/1029 2115/2115/973 2116/2116/976
f 2116/2116/976 2117/2117/1030 2114/2114/1029
f 2118/2118/1031 2119/2119/990 2120/2120/994
f 2120/2120/994 2121/2121/1032 2118/2118/1031
f 2122/2122/1033 2123/2123/984 2124/2124/996
f 2124/2124/996 2125/2125/1034 2122/2122/1033
f 2126/2126/1035 2127/2127/1021 2128/2128/1022
f 2128/2128/1022 2129/2129/1036 2126/2126/1035
f 2130/2130/1037 2131/2131/1014 2132/2132/1023
f 2132/2132/1023 2133/2133/1025 2130/2130/1037
f 2134/2134/1038 2135/2135/1011 2136/2136/1012
f 2136/2136/1012 2137/2137/1039 2134/2134/1038
f 2138/2138/1040 2139/2139/988 2127/2127/1021
f 2127/2127/1021 2126/2126/1035 2138/2138/1040
f 2140/2140/1041 2141/2141/1016 2142/2142/1013
f 2142/2142/1013 2143/2143/1042 2140/2140/1041
f 2137/2137/1039 2136/2136/1012 2144/2144/1015
f 2144/2144/1015 2145/2145/1043 2137/2137/1039
f 2129/2129/1036 2128/2128/1022 2146/2146/1011
f 2146/2146/1011 2147/2147/1038 2129/2129/1036
f 2148/2148/985 2139/2139/988 2138/2138/1040
f 2138/2138/1040 2149/2149/1044 2148/2148/985
f 2145/2145/1043 2144/2144/1015 2141/2141/1016
f 2141/2141/1016 2140/2140/1041 2145/2145/1043
f 2109/2109/1026 2108/2108/1024 2148/2148/985
f 2148/2148/985 2149/2149/1044 2109/2109/1026
f 2143/2143/1042 2142/2142/1013 2131/2131/1014
f 2131/2131/1014 2130/2130/1037 2143/2143/1042
f 2150/2150/978 2151/2151/998 2152/2152/1045
f 2153/2153/1044 2154/2154/1040 2155/2155/1046
f 2155/2155/1046 2156/2156/1047 2153/2153/1044
f 2157/2157/1048 2158/2158/1038 2159/2159/1039
f 2159/2159/1039 2160/2160/1049 2157/2157/1048
f 2161/2161/1050 2162/2162/1051 2163/2163/1052
f 2164/2164/1053 2165/2165/1054 2163/2163/1052
f 2166/2166/1055 2163/2163/1052 2167/2167/1056
f 2168/2168/1057 2169/2169/1058 2163/2163/1052
f 2170/2170/1059 2171/2171/1025 2172/2172/1026
f 2172/2172/1026 2173/2173/1060 2170/2170/1059
f 2174/2174/1061 2175/2175/1041 2176/2176/1042
f 2176/2176/1042 2177/2177/1062 2174/2174/1061
f 2178/2178/1063 2179/2179/1037 2180/2180/1025
f 2180/2180/1025 2181/2181/1059 2178/2178/1063
f 2173/2173/1060 2172/2172/1026 2153/2153/1044
f 2153/2153/1044 2156/2156/1047 2173/2173/1060
f 2182/2182/1036 2183/2183/1038 2184/2184/1048
f 2184/2184/1048 2185/2185/1064 2182/2182/1036
f 2177/2177/1062 2176/2176/1042 2179/2179/1037
f 2179/2179/1037 2178/2178/1063 2177/2177/1062
f 2186/2186/1065 2187/2187/1043 2175/2175/1041
f 2175/2175/1041 2174/2174/1061 2186/2186/1065
f 2160/2160/1049 2159/2159/1039 2187/2187/1043
f 2187/2187/1043 2186/2186/1065 2160/2160/1049
f 2188/2188/1066 2189/2189/1067 2163/2163/1052
f 2165/2165/1054 2190/2190/1068 2163/2163/1052
f 2166/2166/1055 2161/2161/1050 2163/2163/1052
f 2191/2191/1069 2192/2192/1035 2182/2182/1036
f 2182/2182/1036 2185/2185/1064 2191/2191/1069
f 2155/2155/1046 2154/2154/1040 2192/2192/1035
f 2192/2192/1035 2191/2191/1069 2155/2155/1046
f 2167/2167/1056 2163/2163/1052 2189/2189/1067
f 2169/2169/1058 2164/2164/1053 2163/2163/1052
f 2162/2162/1051 2168/2168/1057 2163/2163/1052
f 2193/2193/1066 2194/2194/1069 2195/2195/1064
f 2195/2195/1064 2196/2196/1067 2193/2193/1066
f 2197/2197/1057 2198/2198/1062 2199/2199/1063
f 2199/2199/1063 2200/2200/1058 2197/2197/1057
f 2196/2196/1067 2195/2195/1064 2201/2201/1048
f 2201/2201/1048 2202/2202/1056 2196/2196/1067
f 2203/2203/1056 2204/2204/1048 2205/2205/1049
f 2205/2205/1049 2206/2206/1055 2203/2203/1056
f 2207/2207/1060 2208/2208/1054 2209/2209/1053
f 2209/2209/1053 2210/2210/1059 2207/2207/1060
f 2211/2211/1046 2212/2212/1070 2213/2213/1068
f 2213/2213/1068 2214/2214/1047 2211/2211/1046
f 2212/2212/1070 2211/2211/1046 2194/2194/1069
f 2194/2194/1069 2193/2193/1066 2212/2212/1070
f 2200/2200/1058 2199/2199/1063 2215/2215/1059
f 2215/2215/1059 2216/2216/1053 2200/2200/1058
f 2206/2206/1055 2205/2205/1049 2217/2217/1065
f 2217/2217/1065 2218/2218/1050 2206/2206/1055
f 2190/2190/1068 2219/2219/1070 2163/2163/1052
f 2220/2220/1061 2221/2221/1051 2218/2218/1050
f 2218/2218/1050 2217/2217/1065 2220/2220/1061
f 2221/2221/1051 2220/2220/1061 2198/2198/1062
f 2198/2198/1062 2197/2197/1057 2221/2221/1051
f 2208/2208/1054 2207/2207/1060 2214/2214/1047
f 2214/2214/1047 2213/2213/1068 2208/2208/1054
f 2219/2219/1070 2188/2188/1066 2163/2163/1052
f 2222/2222/1019 2223/2223/1020 2142/2142/1013
f 2142/2142/1013 2141/2141/1016 2222/2222/1019
f 2224/2224/1033 2225/2225/1034 2144/2144/1015
f 2144/2144/1015 2136/2136/1012 2224/2224/1033
f 2226/2226/1027 2227/2227/1028 2146/2146/1011
f 2146/2146/1011 2128/2128/1022 2226/2226/1027
f 2228/2228/1031 2229/2229/1032 2127/2127/1021
f 2127/2127/1021 2139/2139/988 2228/2228/1031
f 2230/2230/1017 2231/2231/1018 2148/2148/985
f 2148/2148/985 2108/2108/1024 2230/2230/1017
f 2232/2232/1030 2132/2132/1023 2131/2131/1014
f 2131/2131/1014 2233/2233/1029 2232/2232/1030
f 2234/2234/1014 2235/2235/1003 2236/2236/973
f 2236/2236/973 2237/2237/1029 2234/2234/1014
f 2238/2238/976 2239/2239/1007 2240/2240/1023
f 2240/2240/1023 2241/2241/1030 2238/2238/976
f 2242/2242/980 2243/2243/1004 2244/2244/1013
f 2244/2244/1013 2245/2245/1020 2242/2242/980
f 2246/2246/1016 2247/2247/997 2248/2248/977
f 2248/2248/977 2249/2249/1019 2246/2246/1016
f 2250/2250/996 2251/2251/995 2252/2252/1015
f 2252/2252/1015 2253/2253/1034 2250/2250/996
f 2254/2254/1012 2255/2255/1005 2256/2256/984
f 2256/2256/984 2257/2257/1033 2254/2254/1012
f 2258/2258/981 2259/2259/1006 2260/2260/1011
f 2260/2260/1011 2261/2261/1028 2258/2258/981
f 2262/2262/1022 2263/2263/1010 2264/2264/999
f 2264/2264/999 2265/2265/1027 2262/2262/1022
f 2266/2266/994 2267/2267/1009 2268/2268/1021
f 2268/2268/1021 2269/2269/1032 2266/2266/994
f 2270/2270/988 2271/2271/987 2272/2272/990
f 2272/2272/990 2273/2273/1031 2270/2270/988
f 2274/2274/991 2275/2275/986 2276/2276/985
f 2276/2276/985 2277/2277/1018 2274/2274/991
f 2278/2278/1024 2279/2279/1008 2280/2280/1002
f 2280/2280/1002 2281/2281/1017 2278/2278/1024
f 2282/2282/992 2283/2283/1001 2152/2152/1045
f 2284/2284/982 2152/2152/1045 2285/2285/983
f 2283/2283/1001 2286/2286/975 2152/2152/1045
f 2151/2151/998 2285/2285/983 2152/2152/1045
f 2287/2287/1000 2288/2288/993 2152/2152/1045
f 2289/2289/989 2282/2282/992 2152/2152/1045
f 2290/2290/979 2152/2152/1045 2291/2291/974
f 2288/2288/993 2289/2289/989 2152/2152/1045
f 2290/2290/979 2150/2150/978 2152/2152/1045
f 2286/2286/975 2291/2291/974 2152/2152/1045
f 2284/2284/982 2287/2287/1000 2152/2152/1045
f 2043/2043/994 2042/2042/993 2051/2051/1000
f 2051/2051/1000 2050/2050/999 2043/2043/994
f 2292/2292/1071 2293/2293/1072 2294/2294/1073
f 2294/2294/1073 2295/2295/1074 2292/2292/1071
f 2295/2295/1074 2294/2294/1073 2296/2296/1075
f 2296/2296/1075 2297/2297/1076 2295/2295/1074
f 2298/2298/1077 2299/2299/1078 2300/2300/1079
f 2300/2300/1079 2301/2301/1080 2298/2298/1077
f 2297/2297/1076 2296/2296/1075 2299/2299/1078
f 2299/2299/1078 2298/2298/1077 2297/2297/1076
f 2301/2301/1080 2300/2300/1079 2302/2302/1081
f 2302/2302/1081 2303/2303/1082 2301/2301/1080
f 2303/2303/1082 2302/2302/1081 2304/2304/1083
f 2304/2304/1083 2305/2305/1084 2303/2303/1082
f 2306/2306/1085 2307/2307/1078 2308/2308/1075
f 2308/2308/1075 2309/2309/1086 2306/2306/1085
f 2310/2310/1087 2311/2311/1077 2312/2312/1080
f 2312/2312/1080 2313/2313/1088 2310/2310/1087
f 2313/2313/1088 2312/2312/1080 2314/2314/1082
f 2314/2314/1082 2315/2315/1089 2313/2313/1088
f 2316/2316/1090 2317/2317/1071 2318/2318/1074
f 2318/2318/1074 2319/2319/1091 2316/2316/1090
f 2315/2315/1089 2314/2314/1082 2320/2320/1084
f 2320/2320/1084 2321/2321/1092 2315/2315/1089
f 2319/2319/1091 2318/2318/1074 2322/2322/1076
f 2322/2322/1076 2323/2323/1093 2319/2319/1091
f 2324/2324/1094 2325/2325/1079 2307/2307/1078
f 2307/2307/1078 2306/2306/1085 2324/2324/1094
f 2323/2323/1093 2322/2322/1076 2311/2311/1077
f 2311/2311/1077 2310/2310/1087 2323/2323/1093
f 2326/2326/1095 2327/2327/1081 2325/2325/1079
f 2325/2325/1079 2324/2324/1094 2326/2326/1095
f 2328/2328/1096 2329/2329/1073 2330/2330/1072
f 2330/2330/1072 2331/2331/1097 2328/2328/1096
f 2332/2332/1098 2333/2333/1083 2327/2327/1081
f 2327/2327/1081 2326/2326/1095 2332/2332/1098
f 2309/2309/1086 2308/2308/1075 2329/2329/1073
f 2329/2329/1073 2328/2328/1096 2309/2309/1086
f 2334/2334/1095 2335/2335/1094 2336/2336/1088
f 2336/2336/1088 2337/2337/1089 2334/2334/1095
f 2335/2335/1094 2338/2338/1085 2339/2339/1087
f 2339/2339/1087 2336/2336/1088 2335/2335/1094
f 2338/2338/1085 2340/2340/1086 2341/2341/1093
f 2341/2341/1093 2339/2339/1087 2338/2338/1085
f 2340/2340/1086 2342/2342/1096 2343/2343/1091
f 2343/2343/1091 2341/2341/1093 2340/2340/1086
f 2342/2342/1096 2344/2344/1097 2345/2345/1090
f 2345/2345/1090 2343/2343/1091 2342/2342/1096
f 2346/2346/1072 2347/2347/1071 2348/2348/1090
f 2348/2348/1090 2349/2349/1097 2346/2346/1072
f 2350/2350/1092 2351/2351/1084 2352/2352/1083
f 2352/2352/1083 2353/2353/1098 2350/2350/1092
f 2354/2354/1098 2334/2334/1095 2337/2337/1089
f 2337/2337/1089 2355/2355/1092 2354/2354/1098
f 2356/2356/1099 2357/2357/1100 2358/2358/1101
f 2358/2358/1101 2359/2359/1102 2356/2356/1099
f 2359/2359/1102 2358/2358/1101 2360/2360/1103
f 2360/2360/1103 2361/2361/1104 2359/2359/1102
f 2362/2362/1105 2357/2357/1100 2356/2356/1099
f 2356/2356/1099 2363/2363/1106 2362/2362/1105
f 2360/2360/1103 2364/2364/1107 2365/2365/1108
f 2365/2365/1108 2361/2361/1104 2360/2360/1103
f 2366/2366/1109 2362/2362/1105 2363/2363/1106
f 2363/2363/1106 2367/2367/1110 2366/2366/1109
f 2368/2368/1104 2369/2369/1108 2370/2370/1111
f 2364/2364/1107 2371/2371/1109 2372/2372/1110
f 2372/2372/1110 2365/2365/1108 2364/2364/1107
f 2373/2373/1109 2374/2374/1112 2375/2375/1105
f 2376/2376/1110 2377/2377/1106 2370/2370/1111
f 2369/2369/1108 2376/2376/1110 2370/2370/1111
f 2378/2378/1100 2374/2374/1112 2379/2379/1101
f 2380/2380/1102 2368/2368/1104 2370/2370/1111
f 2381/2381/1099 2370/2370/1111 2377/2377/1106
f 2375/2375/1105 2374/2374/1112 2378/2378/1100
f 2381/2381/1099 2380/2380/1102 2370/2370/1111
f 2382/2382/1107 2374/2374/1112 2373/2373/1109
f 2383/2383/1103 2374/2374/1112 2382/2382/1107
f 2379/2379/1101 2374/2374/1112 2383/2383/1103
f 2384/2384/1113 2385/2385/1114 2386/2386/1115
f 2386/2386/1115 2387/2387/1116 2384/2384/1113
f 2388/2388/1117 2384/2384/1113 2387/2387/1116
f 2387/2387/1116 2389/2389/1118 2388/2388/1117
f 2390/2390/1119 2391/2391/1120 2392/2392/1121
f 2392/2392/1121 2393/2393/1122 2390/2390/1119
f 2391/2391/1120 2394/2394/1123 2395/2395/1124
f 2395/2395/1124 2392/2392/1121 2391/2391/1120
f 2394/2394/1123 2396/2396/1125 2397/2397/1126
f 2397/2397/1126 2395/2395/1124 2394/2394/1123
f 2398/2398/1127 2388/2388/1117 2389/2389/1118
f 2389/2389/1118 2399/2399/1128 2398/2398/1127
f 2400/2400/1129 2401/2401/1130 2402/2402/1131
f 2402/2402/1131 2403/2403/1132 2400/2400/1129
f 2404/2404/1133 2405/2405/1134 2406/2406/1135
f 2406/2406/1135 2407/2407/1131 2404/2404/1133
f 2405/2405/1134 2386/2386/1115 2385/2385/1114
f 2385/2385/1114 2406/2406/1135 2405/2405/1134
f 2408/2408/1136 2409/2409/1127 2410/2410/1128
f 2410/2410/1128 2411/2411/1137 2408/2408/1136
f 2396/2396/1125 2408/2408/1136 2411/2411/1137
f 2411/2411/1137 2397/2397/1126 2396/2396/1125
f 2412/2412/1130 2390/2390/1119 2393/2393/1122
f 2393/2393/1122 2413/2413/1138 2412/2412/1130
f 2403/2403/1132 2414/2414/1135 2415/2415/1114
f 2415/2415/1114 2416/2416/1139 2403/2403/1132
f 2417/2417/1123 2418/2418/1120 2419/2419/1140
f 2419/2419/1140 2418/2418/1120 2420/2420/1119
f 2420/2420/1119 2400/2400/1129 2419/2419/1140
f 2421/2421/1141 2422/2422/1125 2417/2417/1123
f 2417/2417/1123 2419/2419/1140 2421/2421/1141
f 2420/2420/1119 2401/2401/1130 2400/2400/1129
f 2402/2402/1131 2414/2414/1135 2403/2403/1132
f 2415/2415/1114 2423/2423/1113 2416/2416/1139
f 2407/2407/1131 2424/2424/1130 2425/2425/1138
f 2425/2425/1138 2404/2404/1133 2407/2407/1131
f 2426/2426/1142 2427/2427/1143 2428/2428/1144
f 2428/2428/1144 2429/2429/1141 2426/2426/1142
f 2430/2430/1143 2431/2431/1145 2432/2432/1139
f 2432/2432/1139 2433/2433/1144 2430/2430/1143
f 2431/2431/1145 2434/2434/1146 2435/2435/1132
f 2435/2435/1132 2432/2432/1139 2431/2431/1145
f 2434/2434/1146 2436/2436/1147 2437/2437/1129
f 2437/2437/1129 2435/2435/1132 2434/2434/1146
f 2438/2438/1136 2422/2422/1125 2421/2421/1141
f 2416/2416/1139 2423/2423/1113 2439/2439/1117
f 2439/2439/1117 2440/2440/1144 2416/2416/1139
f 2441/2441/1147 2442/2442/1148 2443/2443/1140
f 2443/2443/1140 2444/2444/1129 2441/2441/1147
f 2442/2442/1148 2426/2426/1142 2429/2429/1141
f 2429/2429/1141 2443/2443/1140 2442/2442/1148
f 2439/2439/1117 2445/2445/1127 2440/2440/1144
f 2446/2446/1149 2447/2447/1150 2448/2448/1151
f 2449/2449/1151 2450/2450/1150 2451/2451/1152
f 2451/2451/1152 2452/2452/1153 2449/2449/1151
f 2453/2453/1154 2449/2449/1151 2452/2452/1153
f 2452/2452/1153 2454/2454/1155 2453/2453/1154
f 2455/2455/1156 2456/2456/1157 2457/2457/1149
f 2457/2457/1149 2458/2458/1158 2455/2455/1156
f 2448/2448/1151 2459/2459/1154 2460/2460/1158
f 2460/2460/1158 2446/2446/1149 2448/2448/1151
f 2461/2461/1159 2462/2462/1160 2463/2463/1161
f 2463/2463/1161 2464/2464/1162 2461/2461/1159
f 2465/2465/1160 2466/2466/1159 2467/2467/1163
f 2468/2468/1163 2461/2461/1159 2464/2464/1162
f 2464/2464/1162 2469/2469/1164 2468/2468/1163
f 2470/2470/1165 2468/2468/1163 2469/2469/1164
f 2469/2469/1164 2471/2471/1166 2470/2470/1165
f 2472/2472/1167 2463/2463/1161 2462/2462/1160
f 2462/2462/1160 2473/2473/1168 2472/2472/1167
f 2467/2467/1163 2474/2474/1165 2475/2475/1168
f 2475/2475/1168 2465/2465/1160 2467/2467/1163
f 2476/2476/1169 2477/2477/1170 2478/2478/1171
f 2478/2478/1171 2479/2479/1172 2476/2476/1169
f 2480/2480/1170 2481/2481/1169 2482/2482/1173
f 2483/2483/1173 2476/2476/1169 2479/2479/1172
f 2479/2479/1172 2484/2484/1174 2483/2483/1173
f 2485/2485/1175 2483/2483/1173 2484/2484/1174
f 2484/2484/1174 2486/2486/1176 2485/2485/1175
f 2487/2487/1177 2478/2478/1171 2477/2477/1170
f 2477/2477/1170 2488/2488/1178 2487/2487/1177
f 2482/2482/1173 2489/2489/1175 2490/2490/1178
f 2490/2490/1178 2480/2480/1170 2482/2482/1173
f 2491/2491/1179 2492/2492/1180 2493/2493/1181
f 2493/2493/1181 2494/2494/1182 2491/2491/1179
f 2495/2495/1180 2496/2496/1179 2497/2497/1183
f 2498/2498/1183 2491/2491/1179 2494/2494/1182
f 2494/2494/1182 2499/2499/1184 2498/2498/1183
f 2500/2500/1185 2498/2498/1183 2499/2499/1184
f 2499/2499/1184 2501/2501/1186 2500/2500/1185
f 2502/2502/1187 2493/2493/1181 2492/2492/1180
f 2492/2492/1180 2503/2503/1188 2502/2502/1187
f 2497/2497/1183 2504/2504/1185 2505/2505/1188
f 2505/2505/1188 2495/2495/1180 2497/2497/1183
f 2506/2506/1189 2507/2507/1190 2508/2508/1191
f 2508/2508/1191 2509/2509/1192 2506/2506/1189
f 2510/2510/1190 2511/2511/1189 2512/2512/1193
f 2513/2513/1193 2506/2506/1189 2509/2509/1192
f 2509/2509/1192 2514/2514/1194 2513/2513/1193
f 2515/2515/1195 2513/2513/1193 2514/2514/1194
f 2514/2514/1194 2516/2516/1196 2515/2515/1195
f 2517/2517/1197 2508/2508/1191 2507/2507/1190
f 2507/2507/1190 2518/2518/1198 2517/2517/1197
f 2512/2512/1193 2519/2519/1195 2520/2520/1198
f 2520/2520/1198 2510/2510/1190 2512/2512/1193
f 2521/2521/1199 2522/2522/1200 2523/2523/1201
f 2523/2523/1201 2524/2524/1202 2521/2521/1199
f 2525/2525/1200 2526/2526/1199 2527/2527/1203
f 2528/2528/1203 2521/2521/1199 2524/2524/1202
f 2524/2524/1202 2529/2529/1204 2528/2528/1203
f 2530/2530/1205 2528/2528/1203 2529/2529/1204
f 2529/2529/1204 2531/2531/1206 2530/2530/1205
f 2532/2532/1207 2523/2523/1201 2522/2522/1200
f 2522/2522/1200 2533/2533/1208 2532/2532/1207
f 2527/2527/1203 2534/2534/1205 2535/2535/1208
f 2535/2535/1208 2525/2525/1200 2527/2527/1203
f 2536/2536/1209 2537/2537/1210 2538/2538/1211
f 2538/2538/1211 2539/2539/1212 2536/2536/1209
f 2540/2540/1210 2541/2541/1209 2542/2542/1213
f 2543/2543/1213 2536/2536/1209 2539/2539/1212
f 2539/2539/1212 2544/2544/1214 2543/2543/1213
f 2545/2545/1215 2543/2543/1213 2544/2544/1214
f 2544/2544/1214 2546/2546/1216 2545/2545/1215
f 2547/2547/1217 2538/2538/1211 2537/2537/1210
f 2537/2537/1210 2548/2548/1218 2547/2547/1217
f 2542/2542/1213 2549/2549/1215 2550/2550/1218
f 2550/2550/1218 2540/2540/1210 2542/2542/1213
f 2440/2440/1144 2445/2445/1127 2438/2438/1136
f 2438/2438/1136 2421/2421/1141 2440/2440/1144
f 2551/2551/1219 2552/2552/1220 2553/2553/1221
f 2553/2553/1221 2554/2554/1222 2551/2551/1219
f 2555/2555/1220 2556/2556/1219 2557/2557/1223
f 2558/2558/1223 2551/2551/1219 2554/2554/1222
f 2554/2554/1222 2559/2559/1224 2558/2558/1223
f 2560/2560/1225 2558/2558/1223 2559/2559/1224
f 2559/2559/1224 2561/2561/1226 2560/2560/1225
f 2562/2562/1227 2553/2553/1221 2552/2552/1220
f 2552/2552/1220 2563/2563/1228 2562/2562/1227
f 2557/2557/1223 2564/2564/1225 2565/2565/1228
f 2565/2565/1228 2555/2555/1220 2557/2557/1223
f 2566/2566/1229 2567/2567/1230 2568/2568/1231
f 2568/2568/1231 2569/2569/1232 2566/2566/1229
f 2570/2570/1230 2571/2571/1229 2572/2572/1233
f 2573/2573/1233 2566/2566/1229 2569/2569/1232
f 2569/2569/1232 2574/2574/1234 2573/2573/1233
f 2575/2575/1235 2573/2573/1233 2574/2574/1234
f 2574/2574/1234 2576/2576/1236 2575/2575/1235
f 2577/2577/1237 2568/2568/1231 2567/2567/1230
f 2567/2567/1230 2578/2578/1238 2577/2577/1237
f 2572/2572/1233 2579/2579/1235 2580/2580/1238
f 2580/2580/1238 2570/2570/1230 2572/2572/1233
f 2581/2581/1239 2582/2582/1240 2583/2583/1241
f 2583/2583/1241 2584/2584/1242 2581/2581/1239
f 2585/2585/1240 2586/2586/1239 2587/2587/1243
f 2588/2588/1243 2581/2581/1239 2584/2584/1242
f 2584/2584/1242 2589/2589/1244 2588/2588/1243
f 2590/2590/1245 2588/2588/1243 2589/2589/1244
f 2589/2589/1244 2591/2591/1246 2590/2590/1245
f 2592/2592/1247 2583/2583/1241 2582/2582/1240
f 2582/2582/1240 2593/2593/1248 2592/2592/1247
f 2587/2587/1243 2594/2594/1245 2595/2595/1248
f 2595/2595/1248 2585/2585/1240 2587/2587/1243
f 2596/2596/1249 2597/2597/1250 2598/2598/1251
f 2598/2598/1251 2599/2599/1252 2596/2596/1249
f 2600/2600/1250 2601/2601/1249 2602/2602/1253
f 2603/2603/1253 2596/2596/1249 2599/2599/1252
f 2599/2599/1252 2604/2604/1254 2603/2603/1253
f 2605/2605/1255 2603/2603/1253 2604/2604/1254
f 2604/2604/1254 2606/2606/1256 2605/2605/1255
f 2607/2607/1257 2598/2598/1251 2597/2597/1250
f 2597/2597/1250 2608/2608/1258 2607/2607/1257
f 2602/2602/1253 2609/2609/1255 2610/2610/1258
f 2610/2610/1258 2600/2600/1250 2602/2602/1253
f 2611/2611/1259 2612/2612/1260 2613/2613/1261
f 2613/2613/1261 2614/2614/1262 2611/2611/1259
f 2615/2615/1260 2616/2616/1259 2617/2617/1263
f 2618/2618/1263 2611/2611/1259 2614/2614/1262
f 2614/2614/1262 2619/2619/1264 2618/2618/1263
f 2620/2620/1265 2618/2618/1263 2619/2619/1264
f 2619/2619/1264 2621/2621/1266 2620/2620/1265
f 2622/2622/1267 2613/2613/1261 2612/2612/1260
f 2612/2612/1260 2623/2623/1268 2622/2622/1267
f 2617/2617/1263 2624/2624/1265 2625/2625/1268
f 2625/2625/1268 2615/2615/1260 2617/2617/1263
f 2450/2450/1150 2457/2457/1149 2456/2456/1157
f 2456/2456/1157 2451/2451/1152 2450/2450/1150
f 2626/2626/1269 2627/2627/1270 2628/2628/1271
f 2628/2628/1271 2629/2629/1272 2626/2626/1269
f 2630/2630/1273 2631/2631/1274 2632/2632/1275
f 2632/2632/1275 2633/2633/1276 2630/2630/1273
f 2634/2634/1277 2635/2635/1275 2636/2636/1274
f 2636/2636/1274 2637/2637/1278 2634/2634/1277
f 2638/2638/1269 2639/2639/1272 2640/2640/1279
f 2640/2640/1279 2641/2641/1280 2638/2638/1269
f 2642/2642/1281 2643/2643/1282 2644/2644/1283
f 2644/2644/1283 2645/2645/1284 2642/2642/1281
f 2646/2646/1285 2647/2647/1279 2648/2648/1272
f 2648/2648/1272 2649/2649/1286 2646/2646/1285
f 2650/2650/1287 2644/2644/1283 2643/2643/1282
f 2643/2643/1282 2651/2651/1271 2650/2650/1287
f 2652/2652/1288 2653/2653/1289 2646/2646/1285
f 2646/2646/1285 2649/2649/1286 2652/2652/1288
f 2634/2634/1277 2654/2654/1290 2655/2655/1270
f 2655/2655/1270 2635/2635/1275 2634/2634/1277
f 2633/2633/1276 2632/2632/1275 2627/2627/1270
f 2627/2627/1270 2626/2626/1269 2633/2633/1276
f 2656/2656/1271 2657/2657/1282 2658/2658/1286
f 2658/2658/1286 2659/2659/1272 2656/2656/1271
f 2645/2645/1284 2660/2660/1278 2661/2661/1274
f 2661/2661/1274 2642/2642/1281 2645/2645/1284
f 2662/2662/1273 2663/2663/1288 2664/2664/1281
f 2664/2664/1281 2665/2665/1274 2662/2662/1273
f 2666/2666/1273 2667/2667/1291 2653/2653/1289
f 2653/2653/1289 2652/2652/1288 2666/2666/1273
f 2668/2668/1276 2669/2669/1292 2667/2667/1291
f 2667/2667/1291 2666/2666/1273 2668/2668/1276
f 2670/2670/1277 2671/2671/1283 2672/2672/1287
f 2672/2672/1287 2673/2673/1290 2670/2670/1277
f 2638/2638/1269 2641/2641/1280 2669/2669/1292
f 2669/2669/1292 2668/2668/1276 2638/2638/1269
f 2657/2657/1282 2664/2664/1281 2663/2663/1288
f 2663/2663/1288 2658/2658/1286 2657/2657/1282
f 2670/2670/1277 2674/2674/1278 2675/2675/1284
f 2675/2675/1284 2671/2671/1283 2670/2670/1277
f 2654/2654/1290 2676/2676/1287 2677/2677/1271
f 2677/2677/1271 2655/2655/1270 2654/2654/1290
f 2678/2678/1279 2679/2679/1285 2680/2680/1292
f 2680/2680/1292 2681/2681/1280 2678/2678/1279
f 2679/2679/1285 2682/2682/1289 2683/2683/1291
f 2683/2683/1291 2680/2680/1292 2679/2679/1285
f 2684/2684/1293 2685/2685/1294 2686/2686/1295
f 2686/2686/1295 2687/2687/1296 2684/2684/1293
f 2688/2688/1297 2689/2689/1298 2690/2690/1299
f 2690/2690/1299 2691/2691/1300 2688/2688/1297
f 2692/2692/1301 2693/2693/1299 2694/2694/1298
f 2694/2694/1298 2695/2695/1302 2692/2692/1301
f 2696/2696/1293 2697/2697/1296 2698/2698/1303
f 2698/2698/1303 2699/2699/1304 2696/2696/1293
f 2700/2700/1305 2701/2701/1306 2702/2702/1307
f 2702/2702/1307 2703/2703/1308 2700/2700/1305
f 2704/2704/1309 2705/2705/1303 2706/2706/1296
f 2706/2706/1296 2707/2707/1310 2704/2704/1309
f 2708/2708/1311 2702/2702/1307 2701/2701/1306
f 2701/2701/1306 2709/2709/1295 2708/2708/1311
f 2710/2710/1312 2711/2711/1313 2704/2704/1309
f 2704/2704/1309 2707/2707/1310 2710/2710/1312
f 2692/2692/1301 2712/2712/1314 2713/2713/1294
f 2713/2713/1294 2693/2693/1299 2692/2692/1301
f 2691/2691/1300 2690/2690/1299 2685/2685/1294
f 2685/2685/1294 2684/2684/1293 2691/2691/1300
f 2714/2714/1295 2715/2715/1306 2716/2716/1310
f 2716/2716/1310 2717/2717/1296 2714/2714/1295
f 2703/2703/1308 2718/2718/1302 2719/2719/1298
f 2719/2719/1298 2700/2700/1305 2703/2703/1308
f 2720/2720/1297 2721/2721/1312 2722/2722/1305
f 2722/2722/1305 2723/2723/1298 2720/2720/1297
f 2724/2724/1297 2725/2725/1315 2711/2711/1313
f 2711/2711/1313 2710/2710/1312 2724/2724/1297
f 2726/2726/1300 2727/2727/1316 2725/2725/1315
f 2725/2725/1315 2724/2724/1297 2726/2726/1300
f 2728/2728/1301 2729/2729/1307 2730/2730/1311
f 2730/2730/1311 2731/2731/1314 2728/2728/1301
f 2696/2696/1293 2699/2699/1304 2727/2727/1316
f 2727/2727/1316 2726/2726/1300 2696/2696/1293
f 2715/2715/1306 2722/2722/1305 2721/2721/1312
f 2721/2721/1312 2716/2716/1310 2715/2715/1306
f 2728/2728/1301 2732/2732/1302 2733/2733/1308
f 2733/2733/1308 2729/2729/1307 2728/2728/1301
f 2712/2712/1314 2734/2734/1311 2735/2735/1295
f 2735/2735/1295 2713/2713/1294 2712/2712/1314
f 2736/2736/1303 2737/2737/1309 2738/2738/1316
f 2738/2738/1316 2739/2739/1304 2736/2736/1303
f 2737/2737/1309 2740/2740/1313 2741/2741/1315
f 2741/2741/1315 2738/2738/1316 2737/2737/1309
f 2742/2742/1317 2743/2743/1318 2744/2744/1319
f 2744/2744/1319 2745/2745/1320 2742/2742/1317
f 2746/2746/1321 2747/2747/1322 2748/2748/1323
f 2748/2748/1323 2749/2749/1324 2746/2746/1321
f 2750/2750/1325 2751/2751/1326 2752/2752/1327
f 2752/2752/1327 2753/2753/1328 2750/2750/1325
f 2744/2744/1319 2743/2743/1318 2748/2748/1323
f 2748/2748/1323 2747/2747/1322 2744/2744/1319
f 2754/2754/1329 2755/2755/1330 2756/2756/1331
f 2756/2756/1331 2757/2757/1332 2754/2754/1329
f 2753/2753/1328 2752/2752/1327 2758/2758/1329
f 2758/2758/1329 2759/2759/1332 2753/2753/1328
f 2760/2760/1333 2761/2761/1334 2762/2762/1335
f 2762/2762/1335 2763/2763/1336 2760/2760/1333
f 2764/2764/1322 2765/2765/1327 2766/2766/1326
f 2766/2766/1326 2767/2767/1319 2764/2764/1322
f 2746/2746/1321 2749/2749/1324 2768/2768/1337
f 2768/2768/1337 2769/2769/1338 2746/2746/1321
f 2767/2767/1319 2766/2766/1326 2770/2770/1334
f 2770/2770/1334 2771/2771/1320 2767/2767/1319
f 2756/2756/1331 2755/2755/1330 2760/2760/1333
f 2760/2760/1333 2763/2763/1336 2756/2756/1331
f 2772/2772/1320 2773/2773/1334 2774/2774/1333
f 2774/2774/1333 2775/2775/1339 2772/2772/1320
f 2776/2776/1338 2775/2775/1339 2774/2774/1333
f 2774/2774/1333 2777/2777/1330 2776/2776/1338
f 2778/2778/1339 2769/2769/1338 2768/2768/1337
f 2768/2768/1337 2779/2779/1340 2778/2778/1339
f 2778/2778/1339 2779/2779/1340 2780/2780/1317
f 2780/2780/1317 2781/2781/1320 2778/2778/1339
f 2776/2776/1338 2777/2777/1330 2782/2782/1329
f 2782/2782/1329 2783/2783/1321 2776/2776/1338
f 2784/2784/1321 2785/2785/1329 2765/2765/1327
f 2765/2765/1327 2764/2764/1322 2784/2784/1321
f 2786/2786/1335 2787/2787/1334 2751/2751/1326
f 2751/2751/1326 2750/2750/1325 2786/2786/1335
f 2788/2788/1340 2789/2789/1337 2790/2790/1318
f 2790/2790/1318 2791/2791/1317 2788/2788/1340
f 2792/2792/1324 2793/2793/1323 2790/2790/1318
f 2790/2790/1318 2789/2789/1337 2792/2792/1324
f 2794/2794/1328 2795/2795/1332 2796/2796/1331
f 2796/2796/1331 2797/2797/1325 2794/2794/1328
f 2796/2796/1331 2798/2798/1336 2799/2799/1335
f 2799/2799/1335 2797/2797/1325 2796/2796/1331
f 2800/2800/1341 2801/2801/1342 2802/2802/1343
f 2802/2802/1343 2803/2803/1344 2800/2800/1341
f 2804/2804/1345 2800/2800/1341 2803/2803/1344
f 2803/2803/1344 2805/2805/1346 2804/2804/1345
f 2802/2802/1343 2801/2801/1342 2806/2806/1347
f 2806/2806/1347 2807/2807/1348 2802/2802/1343
f 2808/2808/1349 2809/2809/1350 2804/2804/1345
f 2804/2804/1345 2805/2805/1346 2808/2808/1349
f 2807/2807/1348 2806/2806/1347 2810/2810/1351
f 2810/2810/1351 2811/2811/1352 2807/2807/1348
f 2812/2812/1351 2813/2813/1347 2814/2814/1353
f 2815/2815/1341 2816/2816/1345 2814/2814/1353
f 2817/2817/1352 2818/2818/1351 2809/2809/1350
f 2809/2809/1350 2808/2808/1349 2817/2817/1352
f 2819/2819/1350 2812/2812/1351 2814/2814/1353
f 2820/2820/1344 2821/2821/1343 2822/2822/1354
f 2816/2816/1345 2819/2819/1350 2814/2814/1353
f 2823/2823/1349 2822/2822/1354 2824/2824/1352
f 2825/2825/1342 2815/2815/1341 2814/2814/1353
f 2826/2826/1348 2822/2822/1354 2821/2821/1343
f 2824/2824/1352 2822/2822/1354 2826/2826/1348
f 2827/2827/1346 2822/2822/1354 2823/2823/1349
f 2827/2827/1346 2820/2820/1344 2822/2822/1354
f 2813/2813/1347 2825/2825/1342 2814/2814/1353
f 2828/2828/1355 2829/2829/1356 2830/2830/1357
f 2830/2830/1357 2831/2831/1358 2828/2828/1355
f 2832/2832/1356 2833/2833/1355 2834/2834/1359
f 2835/2835/1360 2834/2834/1359 2836/2836/1361
f 2837/2837/1362 2838/2838/1355 2839/2839/1358
f 2839/2839/1358 2840/2840/1363 2837/2837/1362
f 2841/2841/1364 2836/2836/1361 2842/2842/1365
f 2843/2843/1364 2844/2844/1365 2845/2845/1366
f 2845/2845/1366 2846/2846/1367 2843/2843/1364
f 2847/2847/1365 2848/2848/1368 2849/2849/1369
f 2849/2849/1369 2850/2850/1366 2847/2847/1365
f 2848/2848/1368 2851/2851/1370 2852/2852/1371
f 2852/2852/1371 2849/2849/1369 2848/2848/1368
f 2853/2853/1372 2837/2837/1362 2840/2840/1363
f 2840/2840/1363 2854/2854/1373 2853/2853/1372
f 2855/2855/1374 2856/2856/1375 2857/2857/1359
f 2857/2857/1359 2858/2858/1360 2855/2855/1374
f 2856/2856/1375 2830/2830/1357 2829/2829/1356
f 2829/2829/1356 2857/2857/1359 2856/2856/1375
f 2859/2859/1376 2853/2853/1372 2854/2854/1373
f 2854/2854/1373 2860/2860/1377 2859/2859/1376
f 2851/2851/1370 2859/2859/1376 2860/2860/1377
f 2860/2860/1377 2852/2852/1371 2851/2851/1370
f 2861/2861/1361 2843/2843/1364 2846/2846/1367
f 2846/2846/1367 2862/2862/1378 2861/2861/1361
f 2863/2863/1379 2864/2864/1380 2865/2865/1381
f 2865/2865/1381 2866/2866/1382 2863/2863/1379
f 2858/2858/1360 2861/2861/1361 2862/2862/1378
f 2862/2862/1378 2855/2855/1374 2858/2858/1360
f 2867/2867/1368 2842/2842/1365 2868/2868/1370
f 2869/2869/1376 2868/2868/1370 2870/2870/1372
f 2871/2871/1383 2872/2872/1384 2873/2873/1385
f 2873/2873/1385 2874/2874/1386 2871/2871/1383
f 2875/2875/1384 2876/2876/1387 2877/2877/1388
f 2877/2877/1388 2878/2878/1385 2875/2875/1384
f 2876/2876/1387 2879/2879/1389 2880/2880/1390
f 2880/2880/1390 2877/2877/1388 2876/2876/1387
f 2881/2881/1389 2882/2882/1391 2883/2883/1392
f 2883/2883/1392 2884/2884/1390 2881/2881/1389
f 2885/2885/1391 2886/2886/1393 2887/2887/1394
f 2887/2887/1394 2888/2888/1392 2885/2885/1391
f 2886/2886/1393 2889/2889/1383 2890/2890/1386
f 2890/2890/1386 2887/2887/1394 2886/2886/1393
f 2891/2891/1362 2870/2870/1372 2833/2833/1355
f 2892/2892/1380 2893/2893/1379 2894/2894/1395
f 2895/2895/1395 2863/2863/1379 2866/2866/1382
f 2866/2866/1382 2896/2896/1396 2895/2895/1395
f 2897/2897/1397 2895/2895/1395 2896/2896/1396
f 2896/2896/1396 2898/2898/1398 2897/2897/1397
f 2899/2899/1399 2865/2865/1381 2864/2864/1380
f 2864/2864/1380 2900/2900/1400 2899/2899/1399
f 2894/2894/1395 2901/2901/1397 2902/2902/1400
f 2902/2902/1400 2892/2892/1380 2894/2894/1395
f 2903/2903/1401 2904/2904/1402 2905/2905/1403
f 2905/2905/1403 2906/2906/1404 2903/2903/1401
f 2907/2907/1402 2908/2908/1401 2909/2909/1405
f 2910/2910/1405 2903/2903/1401 2906/2906/1404
f 2906/2906/1404 2911/2911/1406 2910/2910/1405
f 2912/2912/1407 2910/2910/1405 2911/2911/1406
f 2911/2911/1406 2913/2913/1408 2912/2912/1407
f 2914/2914/1409 2905/2905/1403 2904/2904/1402
f 2904/2904/1402 2915/2915/1410 2914/2914/1409
f 2909/2909/1405 2916/2916/1407 2917/2917/1410
f 2917/2917/1410 2907/2907/1402 2909/2909/1405
f 2918/2918/1411 2919/2919/1412 2920/2920/1413
f 2920/2920/1413 2921/2921/1414 2918/2918/1411
f 2922/2922/1412 2923/2923/1411 2924/2924/1415
f 2925/2925/1415 2918/2918/1411 2921/2921/1414
f 2921/2921/1414 2926/2926/1416 2925/2925/1415
f 2927/2927/1417 2925/2925/1415 2926/2926/1416
f 2926/2926/1416 2928/2928/1418 2927/2927/1417
f 2929/2929/1419 2920/2920/1413 2919/2919/1412
f 2919/2919/1412 2930/2930/1420 2929/2929/1419
f 2924/2924/1415 2931/2931/1417 2932/2932/1420
f 2932/2932/1420 2922/2922/1412 2924/2924/1415
f 2933/2933/1421 2934/2934/1422 2935/2935/1423
f 2935/2935/1423 2936/2936/1424 2933/2933/1421
f 2937/2937/1422 2938/2938/1421 2939/2939/1425
f 2940/2940/1425 2933/2933/1421 2936/2936/1424
f 2936/2936/1424 2941/2941/1426 2940/2940/1425
f 2942/2942/1427 2940/2940/1425 2941/2941/1426
f 2941/2941/1426 2943/2943/1428 2942/2942/1427
f 2944/2944/1429 2935/2935/1423 2934/2934/1422
f 2934/2934/1422 2945/2945/1430 2944/2944/1429
f 2939/2939/1425 2946/2946/1427 2947/2947/1430
f 2947/2947/1430 2937/2937/1422 2939/2939/1425
f 2948/2948/1431 2949/2949/1432 2950/2950/1433
f 2950/2950/1433 2951/2951/1434 2948/2948/1431
f 2952/2952/1432 2953/2953/1431 2954/2954/1435
f 2955/2955/1435 2948/2948/1431 2951/2951/1434
f 2951/2951/1434 2956/2956/1436 2955/2955/1435
f 2957/2957/1437 2955/2955/1435 2956/2956/1436
f 2956/2956/1436 2958/2958/1438 2957/2957/1437
f 2959/2959/1439 2950/2950/1433 2949/2949/1432
f 2949/2949/1432 2960/2960/1440 2959/2959/1439
f 2954/2954/1435 2961/2961/1437 2962/2962/1440
f 2962/2962/1440 2952/2952/1432 2954/2954/1435
f 2963/2963/1441 2964/2964/1442 2965/2965/1443
f 2965/2965/1443 2966/2966/1444 2963/2963/1441
f 2967/2967/1442 2968/2968/1441 2969/2969/1445
f 2970/2970/1445 2963/2963/1441 2966/2966/1444
f 2966/2966/1444 2971/2971/1446 2970/2970/1445
f 2972/2972/1447 2970/2970/1445 2971/2971/1446
f 2971/2971/1446 2973/2973/1448 2972/2972/1447
f 2974/2974/1449 2965/2965/1443 2964/2964/1442
f 2964/2964/1442 2975/2975/1450 2974/2974/1449
f 2969/2969/1445 2976/2976/1447 2977/2977/1450
f 2977/2977/1450 2967/2967/1442 2969/2969/1445
f 2978/2978/1451 2979/2979/1452 2980/2980/1453
f 2980/2980/1453 2981/2981/1454 2978/2978/1451
f 2982/2982/1452 2983/2983/1451 2984/2984/1455
f 2985/2985/1455 2978/2978/1451 2981/2981/1454
f 2981/2981/1454 2986/2986/1456 2985/2985/1455
f 2987/2987/1457 2985/2985/1455 2986/2986/1456
f 2986/2986/1456 2988/2988/1458 2987/2987/1457
f 2989/2989/1459 2980/2980/1453 2979/2979/1452
f 2979/2979/1452 2990/2990/1460 2989/2989/1459
f 2984/2984/1455 2991/2991/1457 2992/2992/1460
f 2992/2992/1460 2982/2982/1452 2984/2984/1455
f 2993/2993/1461 2994/2994/1462 2995/2995/1463
f 2995/2995/1463 2996/2996/1464 2993/2993/1461
f 2997/2997/1462 2998/2998/1461 2999/2999/1465
f 3000/3000/1465 2993/2993/1461 2996/2996/1464
f 2996/2996/1464 3001/3001/1466 3000/3000/1465
f 3002/3002/1467 3000/3000/1465 3001/3001/1466
f 3001/3001/1466 3003/3003/1468 3002/3002/1467
f 3004/3004/1469 2995/2995/1463 2994/2994/1462
f 2994/2994/1462 3005/3005/1470 3004/3004/1469
f 2999/2999/1465 3006/3006/1467 3007/3007/1470
f 3007/3007/1470 2997/2997/1462 2999/2999/1465
f 3008/3008/1394 3009/3009/1386 2870/2870/1372
f 2870/2870/1372 2868/2868/1370 3008/3008/1394
f 3010/3010/1392 3008/3008/1394 2868/2868/1370
f 2868/2868/1370 2842/2842/1365 3010/3010/1392
f 3011/3011/1390 3010/3010/1392 2842/2842/1365
f 2842/2842/1365 2836/2836/1361 3011/3011/1390
f 2834/2834/1359 3012/3012/1388 3011/3011/1390
f 3011/3011/1390 2836/2836/1361 2834/2834/1359
f 2833/2833/1355 3013/3013/1385 3012/3012/1388
f 3012/3012/1388 2834/2834/1359 2833/2833/1355
f 2870/2870/1372 3009/3009/1386 3013/3013/1385
f 3013/3013/1385 2833/2833/1355 2870/2870/1372
f 3014/3014/1471 3015/3015/1472 3016/3016/1473
f 3016/3016/1473 3017/3017/1474 3014/3014/1471
f 3018/3018/1475 3014/3014/1471 3017/3017/1474
f 3017/3017/1474 3019/3019/1476 3018/3018/1475
f 3016/3016/1473 3015/3015/1472 3020/3020/1477
f 3020/3020/1477 3021/3021/1478 3016/3016/1473
f 3022/3022/1479 3023/3023/1480 3018/3018/1475
f 3018/3018/1475 3019/3019/1476 3022/3022/1479
f 3021/3021/1478 3020/3020/1477 3024/3024/1481
f 3024/3024/1481 3025/3025/1482 3021/3021/1478
f 3026/3026/1483 3027/3027/1484 3028/3028/1485
f 3028/3028/1485 3029/3029/1486 3026/3026/1483
f 3030/3030/1481 3031/3031/1477 3032/3032/1487
f 3033/3033/1488 3034/3034/1489 3035/3035/1490
f 3036/3036/1471 3037/3037/1475 3032/3032/1487
f 3038/3038/1482 3039/3039/1481 3023/3023/1480
f 3023/3023/1480 3022/3022/1479 3038/3038/1482
f 3040/3040/1480 3030/3030/1481 3032/3032/1487
f 3041/3041/1474 3042/3042/1473 3043/3043/1491
f 3037/3037/1475 3040/3040/1480 3032/3032/1487
f 3034/3034/1489 3044/3044/1484 3035/3035/1490
f 3045/3045/1479 3043/3043/1491 3046/3046/1482
f 3047/3047/1492 3048/3048/1493 3035/3035/1490
f 3049/3049/1494 3050/3050/1488 3051/3051/1493
f 3051/3051/1493 3052/3052/1495 3049/3049/1494
f 3053/3053/1483 3047/3047/1492 3035/3035/1490
f 3044/3044/1484 3053/3053/1483 3035/3035/1490
f 3054/3054/1472 3036/3036/1471 3032/3032/1487
f 3055/3055/1478 3043/3043/1491 3042/3042/1473
f 3048/3048/1493 3033/3033/1488 3035/3035/1490
f 3046/3046/1482 3043/3043/1491 3055/3055/1478
f 3056/3056/1476 3043/3043/1491 3045/3045/1479
f 3056/3056/1476 3041/3041/1474 3043/3043/1491
f 3031/3031/1477 3054/3054/1472 3032/3032/1487
f 3057/3057/1496 3058/3058/1489 3050/3050/1488
f 3050/3050/1488 3049/3049/1494 3057/3057/1496
f 3059/3059/1492 3060/3060/1483 3061/3061/1486
f 3061/3061/1486 3062/3062/1497 3059/3059/1492
f 3027/3027/1484 3058/3058/1489 3057/3057/1496
f 3057/3057/1496 3028/3028/1485 3027/3027/1484
f 3051/3051/1493 3059/3059/1492 3062/3062/1497
f 3062/3062/1497 3052/3052/1495 3051/3051/1493
f 3063/3063/1498 3064/3064/1499 3065/3065/1500
f 3065/3065/1500 3066/3066/1501 3063/3063/1498
f 3067/3067/1502 3068/3068/1503 3069/3069/1504
f 3069/3069/1504 3070/3070/1505 3067/3067/1502
f 3071/3071/1506 3072/3072/1507 3073/3073/1508
f 3073/3073/1508 3074/3074/1509 3071/3071/1506
f 3075/3075/1510 3076/3076/1511 3077/3077/1512
f 3077/3077/1512 3078/3078/1513 3075/3075/1510
f 3079/3079/1514 3080/3080/1515 3081/3081/1516
f 3081/3081/1516 3082/3082/1517 3079/3079/1514
f 3083/3083/1518 3084/3084/1519 3085/3085/1520
f 3085/3085/1520 3086/3086/1521 3083/3083/1518
f 3087/3087/1513 3088/3088/1512 3080/3080/1515
f 3080/3080/1515 3079/3079/1514 3087/3087/1513
f 3089/3089/1522 3090/3090/1523 3076/3076/1511
f 3076/3076/1511 3075/3075/1510 3089/3089/1522
f 3091/3091/1524 3092/3092/1525 3093/3093/1526
f 3093/3093/1526 3094/3094/1527 3091/3091/1524
f 3091/3091/1524 3094/3094/1527 3095/3095/1528
f 3095/3095/1528 3096/3096/1529 3091/3091/1524
f 3097/3097/1530 3096/3096/1529 3095/3095/1528
f 3095/3095/1528 3098/3098/1531 3097/3097/1530
f 3086/3086/1521 3085/3085/1520 3072/3072/1507
f 3072/3072/1507 3071/3071/1506 3086/3086/1521
f 3099/3099/1532 3100/3100/1533 3093/3093/1526
f 3093/3093/1526 3092/3092/1525 3099/3099/1532
f 3101/3101/1534 3102/3102/1523 3103/3103/1535
f 3103/3103/1535 3099/3099/1532 3101/3101/1534
f 3099/3099/1532 3103/3103/1535 3104/3104/1516
f 3104/3104/1516 3100/3100/1533 3099/3099/1532
f 3100/3100/1533 3104/3104/1516 3105/3105/1536
f 3098/3098/1531 3105/3105/1536 3104/3104/1516
f 3104/3104/1516 3097/3097/1530 3098/3098/1531
f 3074/3074/1509 3073/3073/1508 3064/3064/1499
f 3064/3064/1499 3063/3063/1498 3074/3074/1509
f 3106/3106/1537 3107/3107/1520 3108/3108/1519
f 3108/3108/1519 3109/3109/1538 3106/3106/1537
f 3110/3110/1539 3111/3111/1535 3090/3090/1523
f 3090/3090/1523 3089/3089/1522 3110/3110/1539
f 3112/3112/1540 3109/3109/1538 3108/3108/1519
f 3108/3108/1519 3113/3113/1500 3112/3112/1540
f 3106/3106/1537 3097/3097/1530 3114/3114/1507
f 3114/3114/1507 3107/3107/1520 3106/3106/1537
f 3104/3104/1516 3115/3115/1508 3114/3114/1507
f 3114/3114/1507 3097/3097/1530 3104/3104/1516
f 3104/3104/1516 3116/3116/1515 3115/3115/1508
f 3116/3116/1515 3117/3117/1512 3118/3118/1499
f 3118/3118/1499 3115/3115/1508 3116/3116/1515
f 3113/3113/1500 3118/3118/1499 3117/3117/1512
f 3117/3117/1512 3112/3112/1540 3113/3113/1500
f 3117/3117/1512 3119/3119/1504 3120/3120/1503
f 3120/3120/1503 3112/3112/1540 3117/3117/1512
f 3101/3101/1534 3119/3119/1504 3121/3121/1511
f 3121/3121/1511 3102/3102/1523 3101/3101/1534
f 3121/3121/1511 3119/3119/1504 3117/3117/1512
f 3122/3122/1541 3123/3123/1540 3124/3124/1503
f 3124/3124/1503 3125/3125/1502 3122/3122/1541
f 3082/3082/1517 3081/3081/1516 3111/3111/1535
f 3111/3111/1535 3110/3110/1539 3082/3082/1517
f 3126/3126/1542 3127/3127/1537 3128/3128/1538
f 3128/3128/1538 3129/3129/1543 3126/3126/1542
f 3130/3130/1544 3131/3131/1534 3132/3132/1532
f 3132/3132/1532 3133/3133/1545 3130/3130/1544
f 3134/3134/1543 3135/3135/1538 3123/3123/1540
f 3123/3123/1540 3122/3122/1541 3134/3134/1543
f 3133/3133/1545 3132/3132/1532 3136/3136/1525
f 3136/3136/1525 3137/3137/1546 3133/3133/1545
f 3138/3138/1547 3139/3139/1530 3127/3127/1537
f 3127/3127/1537 3126/3126/1542 3138/3138/1547
f 3140/3140/1546 3141/3141/1525 3142/3142/1524
f 3142/3142/1524 3143/3143/1548 3140/3140/1546
f 3144/3144/1549 3145/3145/1546 3146/3146/1548
f 3146/3146/1548 3147/3147/1550 3144/3144/1549
f 3148/3148/1551 3147/3147/1550 3146/3146/1548
f 3146/3146/1548 3149/3149/1552 3148/3148/1551
f 3148/3148/1551 3149/3149/1552 3150/3150/1547
f 3150/3150/1547 3151/3151/1553 3148/3148/1551
f 3152/3152/1552 3153/3153/1529 3154/3154/1530
f 3154/3154/1530 3155/3155/1547 3152/3152/1552
f 3144/3144/1549 3156/3156/1554 3157/3157/1545
f 3157/3157/1545 3145/3145/1546 3144/3144/1549
f 3158/3158/1539 3159/3159/1522 3160/3160/1544
f 3160/3160/1544 3157/3157/1545 3158/3158/1539
f 3161/3161/1517 3158/3158/1539 3157/3157/1545
f 3157/3157/1545 3156/3156/1554 3161/3161/1517
f 3156/3156/1554 3162/3162/1555 3161/3161/1517
f 3161/3161/1517 3162/3162/1555 3151/3151/1553
f 3151/3151/1553 3150/3150/1547 3161/3161/1517
f 3070/3070/1505 3069/3069/1504 3163/3163/1534
f 3163/3163/1534 3164/3164/1544 3070/3070/1505
f 3165/3165/1518 3166/3166/1521 3167/3167/1542
f 3167/3167/1542 3168/3168/1543 3165/3165/1518
f 3143/3143/1548 3142/3142/1524 3169/3169/1529
f 3169/3169/1529 3170/3170/1552 3143/3143/1548
f 3165/3165/1518 3168/3168/1543 3171/3171/1541
f 3171/3171/1541 3172/3172/1501 3165/3165/1518
f 3173/3173/1506 3150/3150/1547 3167/3167/1542
f 3167/3167/1542 3166/3166/1521 3173/3173/1506
f 3173/3173/1506 3174/3174/1509 3161/3161/1517
f 3161/3161/1517 3150/3150/1547 3173/3173/1506
f 3161/3161/1517 3174/3174/1509 3175/3175/1514
f 3176/3176/1498 3177/3177/1513 3175/3175/1514
f 3175/3175/1514 3174/3174/1509 3176/3176/1498
f 3177/3177/1513 3176/3176/1498 3172/3172/1501
f 3172/3172/1501 3171/3171/1541 3177/3177/1513
f 3178/3178/1502 3179/3179/1505 3177/3177/1513
f 3177/3177/1513 3171/3171/1541 3178/3178/1502
f 3180/3180/1510 3179/3179/1505 3160/3160/1544
f 3160/3160/1544 3159/3159/1522 3180/3180/1510
f 3180/3180/1510 3177/3177/1513 3179/3179/1505
f 3181/3181/1551 3182/3182/1528 3183/3183/1527
f 3183/3183/1527 3184/3184/1550 3181/3181/1551
f 3185/3185/1526 3186/3186/1549 3184/3184/1550
f 3184/3184/1550 3183/3183/1527 3185/3185/1526
f 3187/3187/1533 3188/3188/1554 3186/3186/1549
f 3186/3186/1549 3185/3185/1526 3187/3187/1533
f 3189/3189/1553 3190/3190/1531 3182/3182/1528
f 3182/3182/1528 3181/3181/1551 3189/3189/1553
f 3191/3191/1555 3192/3192/1536 3193/3193/1531
f 3193/3193/1531 3194/3194/1553 3191/3191/1555
f 3191/3191/1555 3188/3188/1554 3187/3187/1533
f 3187/3187/1533 3192/3192/1536 3191/3191/1555
f 3066/3066/1501 3065/3065/1500 3195/3195/1519
f 3195/3195/1519 3196/3196/1518 3066/3066/1501
f 3197/3197/1556 3198/3198/1557 3199/3199/1558
f 3199/3199/1558 3200/3200/1559 3197/3197/1556
f 3201/3201/1560 3202/3202/1561 3203/3203/1562
f 3203/3203/1562 3204/3204/1563 3201/3201/1560
f 3205/3205/1564 3206/3206/1565 3207/3207/1566
f 3207/3207/1566 3208/3208/1567 3205/3205/1564
f 3209/3209/1568 3210/3210/1569 3211/3211/1570
f 3211/3211/1570 3212/3212/1571 3209/3209/1568
f 3213/3213/1572 3214/3214/1573 3215/3215/1574
f 3215/3215/1574 3216/3216/1575 3213/3213/1572
f 3217/3217/1576 3218/3218/1577 3219/3219/1578
f 3219/3219/1578 3220/3220/1579 3217/3217/1576
f 3214/3214/1573 3221/3221/1568 3222/3222/1571
f 3222/3222/1571 3215/3215/1574 3214/3214/1573
f 3210/3210/1569 3223/3223/1580 3224/3224/1581
f 3224/3224/1581 3211/3211/1570 3210/3210/1569
f 3225/3225/1582 3226/3226/1583 3227/3227/1584
f 3227/3227/1584 3228/3228/1585 3225/3225/1582
f 3229/3229/1586 3228/3228/1585 3227/3227/1584
f 3227/3227/1584 3230/3230/1587 3229/3229/1586
f 3229/3229/1586 3230/3230/1587 3231/3231/1588
f 3231/3231/1588 3232/3232/1589 3229/3229/1586
f 3206/3206/1565 3217/3217/1576 3220/3220/1579
f 3220/3220/1579 3207/3207/1566 3206/3206/1565
f 3225/3225/1582 3233/3233/1590 3234/3234/1591
f 3234/3234/1591 3226/3226/1583 3225/3225/1582
f 3235/3235/1592 3236/3236/1580 3237/3237/1593
f 3237/3237/1593 3234/3234/1591 3235/3235/1592
f 3238/3238/1572 3235/3235/1592 3234/3234/1591
f 3234/3234/1591 3233/3233/1590 3238/3238/1572
f 3233/3233/1590 3239/3239/1594 3238/3238/1572
f 3238/3238/1572 3239/3239/1594 3232/3232/1589
f 3232/3232/1589 3231/3231/1588 3238/3238/1572
f 3198/3198/1557 3205/3205/1564 3208/3208/1567
f 3208/3208/1567 3199/3199/1558 3198/3198/1557
f 3240/3240/1577 3241/3241/1576 3242/3242/1595
f 3242/3242/1595 3243/3243/1596 3240/3240/1577
f 3223/3223/1580 3244/3244/1592 3245/3245/1597
f 3245/3245/1597 3224/3224/1581 3223/3223/1580
f 3240/3240/1577 3243/3243/1596 3246/3246/1598
f 3246/3246/1598 3247/3247/1556 3240/3240/1577
f 3248/3248/1565 3231/3231/1588 3242/3242/1595
f 3242/3242/1595 3241/3241/1576 3248/3248/1565
f 3248/3248/1565 3249/3249/1564 3238/3238/1572
f 3238/3238/1572 3231/3231/1588 3248/3248/1565
f 3238/3238/1572 3249/3249/1564 3250/3250/1573
f 3251/3251/1557 3252/3252/1568 3250/3250/1573
f 3250/3250/1573 3249/3249/1564 3251/3251/1557
f 3252/3252/1568 3251/3251/1557 3247/3247/1556
f 3247/3247/1556 3246/3246/1598 3252/3252/1568
f 3253/3253/1561 3254/3254/1560 3252/3252/1568
f 3252/3252/1568 3246/3246/1598 3253/3253/1561
f 3255/3255/1569 3254/3254/1560 3237/3237/1593
f 3237/3237/1593 3236/3236/1580 3255/3255/1569
f 3255/3255/1569 3252/3252/1568 3254/3254/1560
f 3256/3256/1561 3257/3257/1598 3258/3258/1599
f 3258/3258/1599 3259/3259/1562 3256/3256/1561
f 3244/3244/1592 3213/3213/1572 3216/3216/1575
f 3216/3216/1575 3245/3245/1597 3244/3244/1592
f 3260/3260/1596 3261/3261/1595 3262/3262/1600
f 3262/3262/1600 3263/3263/1601 3260/3260/1596
f 3264/3264/1591 3265/3265/1593 3266/3266/1602
f 3266/3266/1602 3267/3267/1603 3264/3264/1591
f 3257/3257/1598 3268/3268/1596 3269/3269/1601
f 3269/3269/1601 3258/3258/1599 3257/3257/1598
f 3270/3270/1583 3264/3264/1591 3267/3267/1603
f 3267/3267/1603 3271/3271/1604 3270/3270/1583
f 3261/3261/1595 3272/3272/1588 3273/3273/1605
f 3273/3273/1605 3262/3262/1600 3261/3261/1595
f 3274/3274/1584 3275/3275/1583 3276/3276/1604
f 3276/3276/1604 3277/3277/1606 3274/3274/1584
f 3278/3278/1606 3279/3279/1604 3280/3280/1607
f 3280/3280/1607 3281/3281/1608 3278/3278/1606
f 3278/3278/1606 3281/3281/1608 3282/3282/1609
f 3282/3282/1609 3283/3283/1610 3278/3278/1606
f 3284/3284/1605 3283/3283/1610 3282/3282/1609
f 3282/3282/1609 3285/3285/1611 3284/3284/1605
f 3286/3286/1588 3287/3287/1587 3288/3288/1610
f 3288/3288/1610 3289/3289/1605 3286/3286/1588
f 3290/3290/1603 3291/3291/1612 3280/3280/1607
f 3280/3280/1607 3279/3279/1604 3290/3290/1603
f 3292/3292/1602 3293/3293/1581 3294/3294/1597
f 3294/3294/1597 3290/3290/1603 3292/3292/1602
f 3290/3290/1603 3294/3294/1597 3295/3295/1575
f 3295/3295/1575 3291/3291/1612 3290/3290/1603
f 3291/3291/1612 3295/3295/1575 3296/3296/1613
f 3285/3285/1611 3296/3296/1613 3295/3295/1575
f 3295/3295/1575 3284/3284/1605 3285/3285/1611
f 3297/3297/1593 3201/3201/1560 3204/3204/1563
f 3204/3204/1563 3298/3298/1602 3297/3297/1593
f 3299/3299/1600 3300/3300/1579 3301/3301/1578
f 3301/3301/1578 3302/3302/1601 3299/3299/1600
f 3303/3303/1587 3274/3274/1584 3277/3277/1606
f 3277/3277/1606 3304/3304/1610 3303/3303/1587
f 3305/3305/1599 3302/3302/1601 3301/3301/1578
f 3301/3301/1578 3306/3306/1559 3305/3305/1599
f 3299/3299/1600 3284/3284/1605 3307/3307/1566
f 3307/3307/1566 3300/3300/1579 3299/3299/1600
f 3295/3295/1575 3308/3308/1567 3307/3307/1566
f 3307/3307/1566 3284/3284/1605 3295/3295/1575
f 3295/3295/1575 3309/3309/1574 3308/3308/1567
f 3309/3309/1574 3310/3310/1571 3311/3311/1558
f 3311/3311/1558 3308/3308/1567 3309/3309/1574
f 3306/3306/1559 3311/3311/1558 3310/3310/1571
f 3310/3310/1571 3305/3305/1599 3306/3306/1559
f 3310/3310/1571 3312/3312/1563 3313/3313/1562
f 3313/3313/1562 3305/3305/1599 3310/3310/1571
f 3292/3292/1602 3312/3312/1563 3314/3314/1570
f 3314/3314/1570 3293/3293/1581 3292/3292/1602
f 3314/3314/1570 3312/3312/1563 3310/3310/1571
f 3315/3315/1585 3316/3316/1586 3317/3317/1609
f 3317/3317/1609 3318/3318/1608 3315/3315/1585
f 3318/3318/1608 3319/3319/1607 3320/3320/1582
f 3320/3320/1582 3315/3315/1585 3318/3318/1608
f 3319/3319/1607 3321/3321/1612 3322/3322/1590
f 3322/3322/1590 3320/3320/1582 3319/3319/1607
f 3316/3316/1586 3323/3323/1589 3324/3324/1611
f 3324/3324/1611 3317/3317/1609 3316/3316/1586
f 3325/3325/1589 3326/3326/1594 3327/3327/1613
f 3327/3327/1613 3328/3328/1611 3325/3325/1589
f 3322/3322/1590 3321/3321/1612 3327/3327/1613
f 3327/3327/1613 3326/3326/1594 3322/3322/1590
f 3329/3329/1577 3197/3197/1556 3200/3200/1559
f 3200/3200/1559 3330/3330/1578 3329/3329/1577
f 3331/3331/1614 3332/3332/1615 3333/3333/1616
f 3333/3333/1616 3334/3334/1617 3331/3331/1614
f 3335/3335/1618 3336/3336/1619 3337/3337/1620
f 3338/3338/1621 3339/3339/1622 3340/3340/1623
f 3340/3340/1623 3341/3341/1624 3338/3338/1621
f 3342/3342/1615 3343/3343/1620 3344/3344/1625
f 3344/3344/1625 3345/3345/1626 3342/3342/1615
f 3346/3346/1627 3347/3347/1623 3348/3348/1622
f 3348/3348/1622 3349/3349/1616 3346/3346/1627
f 3334/3334/1617 3333/3333/1616 3350/3350/1622
f 3350/3350/1622 3351/3351/1628 3334/3334/1617
f 3352/3352/1626 3353/3353/1629 3354/3354/1630
f 3354/3354/1630 3355/3355/1627 3352/3352/1626
f 3335/3335/1618 3337/3337/1620 3356/3356/1622
f 3356/3356/1622 3357/3357/1621 3335/3335/1618
f 3358/3358/1625 3359/3359/1631 3360/3360/1632
f 3361/3361/1624 3362/3362/1632 3363/3363/1618
f 3363/3363/1618 3364/3364/1621 3361/3361/1624
f 3353/3353/1629 3352/3352/1626 3365/3365/1625
f 3365/3365/1625 3366/3366/1633 3353/3353/1629
f 3354/3354/1630 3367/3367/1634 3368/3368/1623
f 3368/3368/1623 3355/3355/1627 3354/3354/1630
f 3369/3369/1632 3370/3370/1631 3371/3371/1619
f 3371/3371/1619 3372/3372/1618 3369/3369/1632
f 3367/3367/1634 3366/3366/1633 3365/3365/1625
f 3365/3365/1625 3368/3368/1623 3367/3367/1634
f 3373/3373/1626 3374/3374/1627 3375/3375/1616
f 3375/3375/1616 3376/3376/1615 3373/3373/1626
f 3350/3350/1622 3377/3377/1620 3378/3378/1635
f 3378/3378/1635 3351/3351/1628 3350/3350/1622
f 3378/3378/1635 3377/3377/1620 3332/3332/1615
f 3332/3332/1615 3331/3331/1614 3378/3378/1635
f 3379/3379/1633 3380/3380/1635 3381/3381/1614
f 3381/3381/1614 3382/3382/1629 3379/3379/1633
f 3383/3383/1634 3384/3384/1628 3380/3380/1635
f 3380/3380/1635 3379/3379/1633 3383/3383/1634
f 3385/3385/1629 3386/3386/1614 3387/3387/1617
f 3387/3387/1617 3388/3388/1630 3385/3385/1629
f 3388/3388/1630 3387/3387/1617 3389/3389/1628
f 3389/3389/1628 3390/3390/1634 3388/3388/1630
f 3391/3391/1623 3358/3358/1625 3360/3360/1632
f 3360/3360/1632 3392/3392/1624 3391/3391/1623
f 3393/3393/1631 3344/3344/1625 3343/3343/1620
f 3343/3343/1620 3394/3394/1619 3393/3393/1631
# Vertices: 3394, normals: 1635, texture coordinates: 3394, faces: 2694

